SA1_CODE_2021,P_Oth_scs_15_19,P_Oth_scs_20_24,P_Oth_scs_25_34,P_Oth_scs_35_44,P_Oth_scs_45_54,P_Oth_scs_55_64,P_Oth_scs_65_74,P_Oth_scs_75_84,P_Oth_scs_85ov,P_Oth_scs_Tot,P_ID_NS_15_19,P_ID_NS_20_24,P_ID_NS_25_34,P_ID_NS_35_44,P_ID_NS_45_54,P_ID_NS_55_64,P_ID_NS_65_74,P_ID_NS_75_84,P_ID_NS_85ov,P_ID_NS_Tot,P_Tot_15_19,P_Tot_20_24,P_Tot_25_34,P_Tot_35_44,P_Tot_45_54,P_Tot_55_64,P_Tot_65_74,P_Tot_75_84,P_Tot_85ov,P_Tot_Tot
80101100101,0,0,0,0,0,0,0,0,0,0,0,0,0,0,0,0,0,0,0,0,9,13,15,33,37,18,3,0,0,119
80101100102,0,0,0,0,0,0,0,0,0,0,0,0,0,0,0,0,0,0,0,0,19,18,32,41,58,34,0,4,0,202
80101100103,0,0,3,4,0,0,0,0,0,11,0,0,0,0,6,0,0,0,0,4,5,22,47,71,45,27,11,0,0,222
80101100104,0,0,0,0,0,0,0,0,0,0,0,0,0,0,0,0,0,0,0,4,14,22,43,58,51,51,14,0,0,253
80101100105,0,0,0,3,0,0,0,0,0,7,0,0,0,0,0,0,0,0,0,0,13,27,45,62,69,44,14,0,0,269
80101100106,0,0,0,0,0,0,0,0,0,3,0,0,0,0,0,0,0,0,0,4,8,15,44,54,55,46,8,0,0,237
80101100201,0,0,0,0,0,0,0,0,0,8,0,0,0,0,0,0,0,0,0,6,10,30,91,61,27,16,3,0,0,231
80101100202,0,0,0,0,0,0,0,0,0,5,0,0,0,0,0,0,0,0,0,0,3,22,73,57,24,17,6,0,0,194
80101100203,0,3,4,4,0,0,0,0,0,11,0,3,4,0,0,0,0,0,0,12,4,90,267,104,44,23,6,0,0,540
80101100205,0,0,0,0,0,0,0,0,0,0,0,0,0,0,0,0,0,0,0,0,0,0,0,0,0,0,0,0,0,0
80101100208,0,0,0,0,4,0,0,0,0,12,0,0,3,0,0,0,0,0,0,3,9,22,90,61,38,16,10,0,0,245
80101100209,0,0,0,0,0,0,0,0,0,0,0,0,0,0,0,0,0,0,0,4,4,24,63,27,17,6,0,0,0,141
80101100210,0,0,0,4,0,0,0,0,0,3,0,0,3,5,0,0,0,0,0,9,4,32,68,43,24,16,7,0,0,195
80101100211,0,0,0,0,0,0,0,0,0,5,0,4,3,4,0,0,0,0,0,8,7,50,158,70,32,18,3,0,0,346
80101100212,0,0,0,0,0,0,0,0,0,3,0,0,0,0,0,0,0,0,0,0,6,20,39,39,16,14,6,0,0,135
80101100213,0,0,0,0,0,0,0,0,0,0,0,0,0,0,0,0,0,0,0,0,0,5,0,0,0,0,0,0,0,14
80101100215,0,3,5,0,0,0,0,0,0,11,0,0,9,3,0,3,0,0,0,16,0,60,238,69,19,13,0,0,0,398
80101100216,0,8,12,5,0,0,0,0,0,22,4,9,17,3,0,0,0,0,0,33,19,235,574,83,36,18,6,0,0,964
80101100217,0,3,5,5,0,0,0,0,0,8,0,0,3,0,0,0,0,0,0,6,6,44,133,40,23,18,7,0,0,269
80101100218,0,0,0,3,0,0,0,0,0,4,0,0,0,0,0,0,0,0,0,9,13,50,206,75,36,19,3,0,0,399
80101100219,0,4,0,3,0,0,0,0,0,9,0,0,8,0,0,0,0,0,0,4,0,42,178,62,11,12,5,0,0,306
80101100220,0,6,4,0,0,0,0,0,0,3,0,0,0,0,0,0,0,0,0,4,0,19,77,54,17,4,0,0,0,170
80101100221,0,0,0,0,0,0,0,0,0,0,0,0,0,0,0,0,0,0,0,0,0,0,0,0,0,0,0,0,0,0
80101100222,0,0,7,4,0,0,0,0,0,11,0,0,3,0,0,0,0,0,0,3,4,65,169,87,38,17,4,0,0,387
80101100223,0,0,0,0,0,0,0,0,0,0,0,0,0,0,0,0,0,0,0,0,0,0,4,0,5,0,0,0,0,5
80101100224,0,4,0,0,0,0,0,0,0,4,0,0,0,0,0,0,0,0,0,0,30,73,33,3,0,0,0,0,0,137
80101100225,0,0,3,0,0,0,0,0,0,8,0,3,5,0,0,0,0,0,0,5,3,57,113,49,26,20,7,0,0,272
80101100301,0,0,0,0,0,0,0,0,0,3,0,0,4,0,0,0,0,0,0,7,0,54,135,57,16,13,4,0,0,283
80101100304,0,0,5,0,0,0,0,0,0,9,0,3,5,3,0,0,0,0,0,7,16,95,231,138,80,31,8,0,0,595
80101100306,0,0,0,0,0,0,0,0,0,4,0,0,3,0,0,0,0,0,0,0,3,38,95,54,29,18,8,0,0,246
80101100307,0,3,0,0,0,0,0,0,0,5,0,0,0,0,0,0,0,0,0,4,7,42,49,32,21,9,0,0,0,155
80101100308,8,10,0,0,0,0,0,0,0,10,6,4,5,0,0,0,0,0,0,14,186,324,90,12,3,0,0,0,0,621
80101100309,0,0,5,0,0,0,0,0,0,3,0,0,3,4,0,0,0,0,0,8,14,43,81,35,23,13,3,0,0,220
80101100310,0,0,0,0,0,0,0,0,0,6,0,0,0,0,0,0,0,0,0,0,10,19,36,34,30,19,7,5,0,159
80101100311,0,0,7,0,3,3,0,0,0,14,0,0,0,0,0,0,0,0,0,0,6,28,78,27,19,23,0,0,0,177
80101100312,0,0,4,3,5,3,0,0,0,11,0,0,7,4,6,4,0,0,0,19,17,61,117,81,59,45,18,0,0,406
80101100314,0,0,0,0,0,0,0,0,0,0,0,0,0,0,0,0,0,0,0,0,0,11,7,0,0,0,0,0,0,18
80101100315,0,0,0,0,0,0,0,0,0,6,0,0,0,0,0,0,0,0,0,4,10,26,46,28,40,24,13,0,0,188
80101100316,0,0,0,0,0,0,0,0,0,4,0,0,0,0,0,0,0,0,0,0,6,4,0,7,26,7,3,4,0,55
80101100317,0,3,0,0,0,0,0,0,0,7,0,5,5,0,3,0,0,0,0,13,0,75,208,50,11,5,0,0,0,363
80101100318,0,0,0,0,0,0,0,0,0,0,0,0,0,0,0,0,0,0,0,3,10,11,15,25,32,22,8,0,0,132
80101100319,0,0,0,0,0,0,0,0,0,3,0,0,3,0,0,0,0,0,0,10,4,12,48,30,26,25,8,3,0,154
80101100320,0,0,0,0,0,0,0,0,0,4,0,0,4,0,0,0,0,0,0,4,7,48,88,92,33,5,0,0,0,276
80101100321,0,0,6,4,0,0,0,0,0,7,0,0,7,0,0,0,0,0,0,4,8,51,155,71,33,5,3,0,0,318
80101100322,0,9,4,0,0,0,0,0,0,9,0,0,0,0,0,0,0,0,0,0,7,63,157,71,14,13,4,0,0,325
80101100401,0,4,0,0,0,0,0,0,0,5,0,0,0,0,0,0,0,0,0,0,0,13,27,27,25,19,3,0,0,122
80101100402,0,0,3,0,3,3,0,0,0,11,0,0,0,0,0,0,0,0,0,7,6,19,57,61,64,26,3,0,0,237
80101100403,0,0,3,0,4,0,0,0,0,6,0,0,0,0,0,0,0,0,0,5,14,7,52,83,45,16,6,0,0,218
80101100404,0,0,4,0,4,0,0,0,0,10,0,0,4,3,0,0,0,0,0,5,7,6,40,67,32,13,5,0,0,170
80101100405,0,0,0,0,3,0,0,0,0,0,0,0,7,0,4,0,0,0,0,12,9,17,67,40,45,27,14,0,0,223
80101100406,0,4,6,3,6,6,0,0,0,18,0,4,0,0,4,0,0,0,0,12,18,37,79,61,46,34,9,0,0,286
80101100408,0,0,0,0,0,0,0,0,0,6,0,0,0,0,3,0,0,0,0,4,0,8,23,32,18,11,3,0,0,100
80101100409,0,0,6,6,0,0,0,0,0,14,0,0,0,5,0,0,0,0,0,6,0,15,53,40,21,18,7,0,0,156
80101100501,0,0,5,0,0,0,0,0,0,3,0,0,0,0,0,0,0,0,0,0,4,3,38,50,29,12,6,0,0,138
80101100502,3,0,0,0,3,0,0,4,0,11,0,0,0,0,0,0,0,0,0,0,13,16,38,55,64,29,7,5,0,221
80101100503,0,0,0,0,0,4,0,0,0,5,0,0,0,0,0,0,0,0,0,0,9,15,28,22,53,26,10,0,0,167
80101100504,0,0,0,5,0,0,0,0,0,4,0,0,0,0,0,0,0,0,0,6,7,4,45,61,45,35,5,0,0,197
80101100505,0,0,0,5,0,0,0,0,0,4,0,0,0,0,0,0,0,0,0,3,0,15,49,62,42,14,7,3,0,198
80101100506,0,0,0,0,0,3,0,0,0,5,0,0,0,0,3,3,0,0,0,3,4,13,9,12,26,21,3,0,0,98
80101100507,0,0,0,0,0,0,0,0,0,6,0,0,4,0,0,0,0,0,0,4,3,15,27,33,49,24,10,0,0,167
80101100508,0,0,0,0,0,0,0,0,0,0,0,0,0,0,0,0,0,0,0,0,7,3,17,23,37,16,3,0,0,111
80101100509,0,0,0,4,0,6,0,0,0,8,0,0,0,0,0,0,0,0,0,3,15,13,56,66,58,26,3,0,0,234
80101100602,0,0,0,0,0,0,0,0,0,3,0,0,0,3,0,0,0,0,0,6,6,13,14,28,23,25,0,0,0,112
80101100604,0,0,3,0,0,0,0,0,0,5,0,0,3,4,0,0,0,0,0,7,9,14,35,57,33,20,3,0,0,175
80101100605,0,0,3,4,0,0,0,0,0,6,0,0,0,0,0,0,0,0,0,0,20,5,31,85,53,26,7,0,0,229
80101100606,0,0,0,0,4,0,0,0,0,5,0,0,0,0,0,0,0,0,0,3,13,14,30,67,40,19,5,0,0,189
80101100607,0,0,3,7,4,0,0,0,0,13,0,0,0,5,0,4,0,0,0,6,12,14,38,56,79,36,11,0,0,236
80101100608,0,8,0,5,0,0,0,0,0,16,0,0,0,0,0,0,0,0,0,6,18,21,47,63,55,41,9,0,0,250
80101100609,0,0,4,3,5,0,0,0,0,11,0,0,0,0,0,0,0,0,0,0,18,25,23,51,51,23,5,0,0,199
80101100610,0,0,0,6,0,0,0,0,0,5,0,0,0,0,0,0,0,0,0,0,15,23,40,49,53,36,3,0,0,225
80101100611,0,0,0,0,0,0,0,0,0,7,0,0,0,0,0,0,0,0,0,4,4,19,61,60,56,37,5,0,0,242
80101100612,0,7,0,0,0,0,0,0,0,12,0,0,0,0,0,0,0,0,0,4,24,34,67,60,94,40,4,0,0,321
80101100613,0,5,0,5,0,5,0,0,0,11,0,0,0,0,0,0,0,0,0,3,4,13,27,40,32,7,8,0,0,134
80101100614,0,0,0,4,0,3,0,0,0,5,0,0,0,0,0,0,0,0,0,0,16,20,29,54,51,26,3,0,0,196
80101100615,0,0,0,4,0,0,0,0,0,6,0,0,0,0,0,0,0,0,0,4,9,14,19,25,34,14,5,0,0,123
80101100616,4,0,4,0,5,0,0,0,0,12,0,0,3,0,6,0,0,0,0,6,19,19,49,90,80,22,9,0,0,289
80101100617,0,0,0,0,0,0,0,0,0,5,0,0,0,0,0,0,0,0,0,3,18,25,52,39,45,44,7,0,0,223
80101100618,0,0,5,0,7,0,0,0,0,11,0,0,0,0,0,0,0,0,0,4,13,16,26,63,41,24,0,0,0,177
80101100619,0,0,3,0,0,0,0,0,0,3,0,0,0,3,0,0,0,0,0,4,0,7,38,47,20,3,3,0,0,122
80101100620,0,0,3,3,0,0,0,0,0,10,0,0,0,0,0,0,0,0,0,0,13,16,30,56,45,20,0,0,0,180
80101100621,0,0,0,0,0,0,0,0,0,0,0,0,0,0,0,0,0,0,0,0,0,0,0,0,0,0,0,0,0,0
80101100622,0,0,0,0,3,0,0,0,0,5,0,0,0,0,0,0,0,0,0,0,7,12,30,42,42,10,0,0,0,143
80101100623,0,0,5,5,3,3,0,0,0,11,0,0,0,0,4,0,0,0,0,0,12,11,35,52,52,30,5,0,0,190
80101100701,0,0,0,0,0,0,0,0,0,10,0,0,0,0,7,0,0,0,0,8,16,28,64,54,57,40,16,0,0,272
80101100702,0,0,4,0,6,0,0,0,0,3,0,0,0,0,0,0,0,0,0,0,11,16,28,17,49,18,9,0,0,150
80101100703,0,0,3,0,6,0,0,0,0,3,0,7,0,0,0,0,0,0,0,5,10,25,49,63,62,35,23,0,0,269
80101100704,0,3,0,0,0,0,0,0,0,6,0,0,0,0,0,0,0,0,0,3,8,12,23,31,23,17,4,0,0,113
80101100705,0,0,0,0,4,0,0,0,0,8,0,0,5,0,0,0,0,0,0,5,12,20,51,69,50,43,10,0,0,263
80101100706,0,4,0,0,0,0,0,0,0,5,0,0,6,0,0,0,0,0,0,12,9,12,74,54,39,15,12,0,0,221
80101100707,0,3,0,3,3,0,0,0,0,9,0,0,0,0,0,0,0,0,0,0,19,9,33,72,69,32,10,0,0,246
80101100708,0,0,0,0,0,0,0,0,0,0,0,0,4,0,0,0,0,0,0,3,3,9,57,59,25,7,15,0,0,170
80101100709,0,0,0,0,4,0,0,0,0,4,0,0,0,0,0,0,0,0,0,0,9,15,41,42,31,17,0,0,0,160
80101100710,0,0,0,7,0,0,0,0,0,4,0,0,4,0,0,0,0,0,0,7,7,20,57,54,38,27,13,0,0,220
80101100711,0,3,3,3,5,0,0,0,0,14,0,0,5,3,0,0,0,0,0,8,22,28,80,74,71,42,9,0,0,333
80101100712,0,0,4,0,0,0,3,0,0,5,0,0,0,0,0,0,0,0,0,8,27,21,40,59,61,26,3,0,0,230
80101100713,0,0,0,0,0,3,0,0,0,8,0,0,0,0,3,0,0,0,0,8,12,12,41,30,32,23,7,0,0,153
80101100714,0,0,0,0,0,0,0,0,0,3,0,0,0,0,0,0,0,0,0,0,13,11,30,30,40,23,4,0,0,160
80101100801,0,0,5,0,5,3,0,0,0,13,0,0,0,3,0,0,0,0,0,8,8,20,39,34,32,27,8,3,0,171
80101100802,0,0,3,8,0,0,0,0,0,12,0,0,0,0,0,0,0,0,0,3,12,19,49,72,49,31,4,0,0,235
80101100803,0,3,0,0,4,0,0,0,0,13,0,0,0,0,0,0,0,0,0,0,18,21,44,41,51,42,3,0,0,216
80101100804,0,3,0,0,0,0,0,0,0,4,0,0,0,0,0,0,0,0,0,3,5,21,52,30,22,23,4,0,0,156
80101100805,0,0,0,4,0,0,0,0,0,6,0,0,0,3,0,0,0,0,0,3,16,25,46,57,47,53,10,3,0,253
80101100806,0,0,0,0,0,3,0,0,0,6,0,0,0,0,0,0,0,0,0,3,10,13,32,34,32,36,8,0,0,170
80101100807,0,0,0,3,0,0,0,0,0,6,0,0,3,6,3,0,0,0,0,12,4,26,83,90,60,36,4,0,0,303
80101100808,0,0,0,0,0,0,0,0,0,3,0,0,0,0,0,0,0,0,0,0,4,29,73,50,18,11,0,0,0,195
80101100809,0,0,0,0,0,0,0,0,0,5,0,0,0,0,0,0,0,0,0,3,13,29,31,42,38,65,9,3,0,229
80101100810,0,0,0,0,0,0,0,0,0,0,0,0,0,3,4,0,0,0,0,3,11,16,41,54,42,22,3,0,0,185
80101100811,0,0,0,0,0,0,0,0,0,7,0,0,0,0,0,0,0,0,0,5,6,14,17,14,26,26,6,0,0,111
80101100812,0,0,6,0,0,0,0,0,0,4,0,0,0,0,0,0,0,0,0,10,13,24,47,51,38,25,11,0,0,205
80101100901,0,0,0,0,0,4,0,0,0,7,0,0,0,0,4,0,0,0,0,4,15,11,49,44,38,28,9,0,0,196
80101100902,0,0,0,0,0,0,0,0,0,6,0,0,0,0,0,0,0,0,0,0,10,16,36,29,29,28,0,0,0,159
80101100903,0,0,3,4,0,3,0,0,0,10,0,0,0,0,0,0,0,0,0,3,14,16,68,58,46,27,0,0,0,233
80101100904,0,0,4,0,3,0,0,0,0,11,0,0,0,0,0,0,0,0,0,0,15,21,35,40,43,35,8,0,0,202
80101100905,0,4,0,0,0,3,0,0,0,6,0,0,4,0,0,0,0,0,0,8,14,21,42,50,52,21,8,0,0,203
80101100906,0,0,0,0,3,3,0,0,0,9,0,0,0,3,0,0,0,0,0,3,12,19,43,64,56,39,5,0,0,246
80101100907,4,0,0,0,0,0,0,0,0,0,0,0,0,0,0,0,0,0,0,0,8,15,23,39,25,14,9,0,0,133
80101100908,0,0,0,0,3,3,0,0,0,9,0,0,6,0,0,0,0,0,0,8,9,15,36,46,34,32,5,0,0,177
80101100909,0,3,0,0,4,0,0,0,0,10,0,0,6,0,4,0,0,0,0,11,13,11,34,33,34,11,4,5,0,148
80101100910,0,0,0,4,0,0,0,0,0,3,0,0,0,0,0,0,0,0,0,4,8,15,42,51,43,20,5,0,0,187
80101101001,0,0,0,0,0,0,0,0,0,3,0,0,0,3,3,0,0,0,0,9,17,11,19,52,43,26,12,0,0,172
80101101002,0,0,0,0,0,0,0,0,0,5,0,0,6,0,0,0,0,0,0,4,10,18,28,41,49,26,5,0,0,184
80101101003,0,0,0,3,4,3,0,0,0,9,0,0,0,0,0,0,0,0,0,0,22,14,38,40,62,33,8,0,0,226
80101101004,0,0,0,0,0,0,0,0,0,3,0,0,0,0,0,0,0,0,0,0,10,13,27,51,51,31,16,0,0,197
80101101005,0,5,4,0,0,0,0,0,0,14,0,0,0,4,0,0,0,0,0,6,9,29,37,75,60,33,17,3,0,268
80101101101,0,0,0,0,3,0,0,0,0,10,0,0,0,4,4,0,0,0,0,14,16,26,79,82,75,45,17,0,0,340
80101101102,0,0,0,0,0,0,0,0,0,6,0,0,0,0,0,0,0,0,0,3,3,11,45,49,29,34,10,6,0,180
80101101103,0,0,8,0,6,0,0,0,0,11,0,0,4,0,0,0,0,0,0,3,23,19,82,100,72,29,16,0,0,353
80101101104,0,0,4,3,4,0,0,0,0,6,0,0,0,0,0,0,0,0,0,4,9,7,55,56,39,25,9,0,0,210
80101101105,0,0,0,3,0,0,0,0,0,4,0,0,0,0,0,0,0,0,0,4,0,7,28,42,19,14,5,0,0,130
80101101106,0,0,0,0,0,0,0,0,0,3,0,0,3,0,0,0,0,0,0,6,9,10,32,30,23,13,3,0,0,120
80101101107,0,0,0,0,0,0,0,0,0,0,0,0,0,0,0,0,0,0,0,0,0,0,0,0,0,0,0,0,0,0
80101101108,0,0,0,0,0,0,0,0,0,0,0,0,0,0,0,0,0,0,0,0,5,10,20,30,16,11,0,0,0,89
80101101109,0,0,0,0,0,0,0,0,0,0,0,0,0,0,0,4,0,0,0,3,0,12,16,40,22,21,8,0,0,125
80101101110,0,0,0,5,3,0,0,0,0,7,0,0,3,0,0,0,0,0,0,3,7,9,36,41,17,14,5,0,0,134
80101101202,0,0,0,0,0,0,0,0,0,0,0,0,0,0,0,0,0,0,0,0,0,0,0,0,0,0,0,0,0,0
80101101203,0,0,0,0,0,0,0,0,0,0,0,0,0,0,0,0,0,0,0,0,0,0,0,0,0,0,0,0,0,0
80101101301,0,0,0,0,0,0,0,0,0,0,0,0,0,0,0,0,0,0,0,0,4,5,43,30,21,7,3,0,0,110
80101101302,0,0,7,0,0,0,0,0,0,13,0,3,3,0,0,0,0,0,0,13,9,34,123,81,42,18,4,0,0,310
80101101303,0,0,0,0,0,0,0,0,0,4,0,0,0,0,5,0,0,0,0,5,17,13,20,35,58,34,11,3,0,201
80101101304,0,5,0,0,0,0,0,0,0,6,0,0,0,0,0,0,0,0,0,4,14,15,3,20,39,28,4,4,0,125
80101101305,0,0,0,0,0,3,0,0,0,8,0,0,0,0,0,0,0,0,0,3,14,20,34,30,44,43,11,3,0,203
80101101306,5,0,0,4,0,0,0,0,0,9,0,0,0,0,0,0,0,0,0,0,16,12,24,43,36,22,5,3,0,163
80101101307,0,0,0,0,0,0,0,0,0,0,0,0,0,0,0,0,0,0,0,0,3,8,27,22,25,11,5,0,0,107
80101101308,0,0,0,0,0,0,0,0,0,0,0,0,0,0,3,0,0,0,0,4,18,12,13,32,52,20,6,3,0,158
80101101309,0,0,0,0,0,0,0,0,0,0,0,0,0,0,0,0,0,0,0,0,0,0,0,0,0,0,0,0,0,0
80101101310,0,0,0,0,0,0,0,0,0,4,0,0,0,0,0,0,0,0,0,3,8,8,10,19,26,21,6,0,0,102
80101101401,0,0,0,4,0,3,0,0,0,8,0,0,0,0,0,0,0,0,0,0,12,10,47,35,40,23,4,0,0,170
80101101402,0,0,0,0,6,0,0,0,0,11,0,0,0,0,0,0,0,0,0,0,10,22,56,65,54,25,5,4,0,249
80101101403,0,0,0,9,0,0,0,0,0,10,0,0,0,0,0,0,0,0,0,7,18,27,72,89,79,44,10,0,0,343
80101101404,0,0,4,4,6,0,0,0,0,9,0,0,0,3,0,0,0,0,0,3,14,11,76,78,65,29,8,0,0,277
80101101405,0,0,3,0,0,0,0,0,0,7,0,0,0,0,0,0,0,0,0,0,10,14,49,55,45,26,15,0,0,207
80101101406,0,0,5,0,0,0,0,0,0,5,0,5,0,0,0,0,0,0,0,6,5,6,39,33,19,12,0,0,0,123
80101101407,0,0,0,0,3,0,0,0,0,6,0,0,5,0,0,0,0,0,0,9,19,26,78,57,62,51,6,0,0,302
80101101502,0,0,0,0,0,0,0,0,0,3,0,0,0,0,0,0,0,0,0,0,5,10,39,38,30,10,4,0,0,140
80101101503,0,0,10,5,5,0,0,0,0,18,0,0,0,0,0,0,0,0,0,0,11,4,30,44,35,16,3,0,0,154
80101101504,0,0,0,6,0,0,0,0,0,10,0,0,4,0,0,0,0,0,0,6,16,22,54,59,30,20,3,0,0,199
80101101505,0,0,0,0,0,0,0,0,0,3,0,0,0,0,0,0,0,0,0,6,25,18,59,79,46,28,6,0,0,260
80101101506,0,0,0,0,0,0,0,0,0,0,0,0,4,0,0,0,0,0,0,6,0,10,71,43,45,14,8,0,0,198
80101101508,0,4,9,0,3,3,0,0,0,14,0,0,0,0,0,0,0,0,0,4,9,9,45,37,49,25,11,0,0,195
80101101509,0,0,0,0,6,0,0,0,0,8,0,0,0,0,0,0,0,0,0,0,4,12,55,57,42,27,8,0,0,203
80101101510,0,0,0,0,0,0,0,0,0,5,0,0,0,0,0,0,0,0,0,6,9,15,44,56,52,14,0,0,0,186
80101101511,0,0,0,0,0,0,0,0,0,4,0,0,6,0,0,0,0,0,0,4,5,3,13,35,27,14,9,0,0,110
80101101512,0,3,5,0,3,0,0,0,0,11,0,0,5,0,0,0,0,0,0,0,15,20,46,30,24,11,7,0,0,149
80101101513,0,0,0,0,0,0,0,0,0,4,0,0,0,0,0,0,0,0,0,6,0,23,74,44,18,9,3,0,0,175
80101101514,0,0,0,0,0,0,0,0,0,0,0,0,0,0,0,0,0,0,0,0,0,0,0,0,0,0,0,0,0,0
80101101515,0,0,0,0,0,0,0,0,0,3,0,0,3,0,0,0,0,0,0,4,6,20,64,35,22,9,5,0,0,163
80101101516,0,0,0,6,0,0,0,0,0,14,0,5,9,0,0,0,0,0,0,22,20,28,170,138,56,22,4,0,0,435
80101101517,0,0,3,0,0,0,0,0,0,6,0,0,3,0,0,0,0,0,0,3,10,36,91,67,68,37,4,0,0,311
80101101601,0,0,0,5,0,3,0,0,0,11,0,0,0,0,0,0,0,0,0,8,15,28,42,64,39,25,6,0,0,230
80101101602,0,0,0,0,0,0,0,0,0,4,0,0,0,0,0,0,0,0,0,0,0,8,25,38,18,21,4,0,0,108
80101101603,0,0,0,0,0,0,0,0,0,4,0,0,5,0,4,0,0,0,0,13,6,15,84,71,33,34,8,0,0,247
80101101604,0,4,0,0,0,0,0,0,0,8,0,0,0,0,3,0,0,0,0,6,11,17,50,59,40,26,15,0,0,205
80101101605,0,0,0,4,0,0,0,0,0,0,0,0,0,0,0,0,0,0,0,7,9,18,48,46,43,36,9,0,0,214
80101101606,0,0,0,0,0,3,0,0,0,6,0,0,4,0,0,0,0,0,0,8,22,22,48,90,54,42,14,0,0,288
80101101607,0,3,0,4,0,0,0,0,0,12,0,0,0,0,0,0,0,0,0,0,6,11,21,42,42,17,8,0,0,151
80101101608,0,0,0,0,0,0,0,0,0,0,0,0,0,0,0,0,0,0,0,0,0,0,0,0,0,0,0,0,0,0
80101101609,0,0,0,0,3,0,0,0,0,5,0,0,0,0,0,0,0,0,0,3,9,20,47,54,50,37,3,0,0,229
80101101610,0,0,0,0,0,0,0,0,0,7,0,0,0,0,0,0,0,0,0,0,12,11,21,30,31,19,10,0,0,122
80101101611,3,0,0,5,3,0,0,0,0,11,0,0,0,0,0,0,0,0,0,0,14,13,37,46,46,20,10,0,0,177
80101101612,0,4,0,4,5,0,0,0,0,9,0,0,4,4,0,0,0,0,0,3,13,13,40,76,44,28,11,0,0,236
80101101613,0,3,3,4,0,0,0,0,0,8,0,0,6,3,0,0,0,0,0,9,8,38,101,65,38,16,0,0,0,268
80101101614,0,0,0,0,0,0,0,0,0,7,0,0,0,4,0,3,0,0,0,5,7,8,28,46,49,34,14,0,0,185
80101101615,0,0,0,0,3,0,0,0,0,6,0,6,0,0,0,0,0,0,0,3,10,23,45,55,43,21,8,0,0,208
80101101616,0,0,0,4,0,0,0,0,0,5,0,0,0,0,0,0,0,0,0,4,14,32,62,50,61,27,13,3,0,259
80101101617,0,0,0,0,0,0,0,0,0,0,0,0,0,0,0,0,0,0,0,3,14,17,45,54,37,32,9,0,0,211
80101101618,0,0,0,0,0,0,0,0,0,6,0,0,3,8,0,0,0,0,0,12,15,16,36,47,47,26,11,3,0,198
80101101619,0,0,3,0,0,0,0,0,0,6,0,0,0,0,0,0,0,0,0,0,18,30,42,50,43,34,13,0,0,226
80101101701,0,4,0,0,0,0,0,0,0,10,0,0,0,0,0,0,0,0,0,5,13,9,28,36,53,25,11,3,0,178
80101101702,0,0,3,0,0,0,0,0,0,3,0,3,0,0,0,0,0,0,0,3,11,22,62,78,50,29,9,0,0,251
80101101703,0,3,0,0,0,0,0,0,0,9,0,0,0,3,0,0,0,0,0,6,17,24,67,96,75,33,6,0,0,321
80101101704,0,0,0,7,0,0,0,0,0,12,0,0,0,0,0,0,0,0,0,3,10,10,34,50,44,13,5,4,0,161
80101101705,0,0,3,3,0,0,0,0,0,7,0,0,4,0,0,0,0,0,0,0,9,15,52,50,35,19,6,0,0,184
80101101706,0,0,6,4,3,0,0,0,0,10,0,0,0,0,0,0,0,0,0,4,23,29,59,59,83,60,11,0,0,326
80101101707,0,0,4,0,3,0,0,0,0,6,0,0,0,0,0,0,0,0,0,4,9,15,53,60,53,17,15,0,0,214
80101101708,0,0,0,0,0,0,0,0,0,4,0,0,0,0,0,0,4,0,0,3,3,7,17,15,16,12,8,0,0,80
80101101709,0,0,0,3,0,0,0,0,0,5,0,0,4,0,0,0,0,0,0,6,6,6,57,45,23,21,4,0,0,171
80101101802,0,0,0,0,0,0,0,0,0,0,0,0,0,0,0,0,0,0,0,0,0,0,0,0,0,0,0,0,0,0
80101101805,0,8,11,0,0,0,0,0,0,13,0,6,7,0,0,0,0,0,0,17,12,103,197,81,32,18,0,0,0,434
80101101806,0,0,4,0,0,0,0,0,0,4,0,8,5,0,0,0,0,0,0,10,10,55,117,37,18,9,0,0,0,239
80101101807,0,0,3,3,0,0,0,0,0,16,0,0,10,4,0,0,0,0,0,12,13,60,189,81,31,14,3,0,0,394
80101101808,0,4,3,0,0,0,0,0,0,8,0,0,0,0,0,0,0,0,0,3,12,42,86,61,24,9,0,0,0,237
80101101809,0,4,7,0,0,0,0,0,0,9,0,0,0,0,0,0,0,0,0,9,3,70,138,51,20,6,5,0,0,295
80101101810,0,3,4,0,0,0,0,0,0,5,0,4,0,0,0,0,0,0,0,3,3,55,137,52,24,15,0,0,0,275
80101101902,0,3,0,0,3,0,0,0,0,13,0,0,0,0,0,0,0,0,0,3,8,21,113,154,55,17,5,0,0,370
80101101904,0,0,4,4,0,6,0,0,0,10,0,0,4,0,0,0,0,0,0,5,8,14,71,94,48,16,9,0,0,265
80101101905,0,0,0,5,0,0,0,0,0,8,0,0,0,5,0,0,0,0,0,5,11,16,72,108,47,22,5,0,0,284
80101101906,0,0,0,0,4,8,0,0,0,9,0,0,0,0,0,0,0,0,0,0,8,13,28,38,44,36,6,0,0,169
80101101907,0,0,0,0,4,0,0,0,0,9,0,0,0,0,0,0,0,0,0,6,17,21,56,73,73,36,6,0,0,274
80101101908,0,0,0,4,4,0,0,0,0,3,0,0,0,0,0,5,0,0,0,3,17,13,38,52,71,42,14,0,0,253
80101101909,4,0,3,5,0,0,0,0,0,9,0,0,0,0,0,0,0,0,0,0,15,18,42,59,43,22,11,0,0,216
80101101910,0,0,0,3,0,0,0,0,0,8,0,0,0,4,3,0,0,0,0,6,12,9,38,49,36,21,8,0,0,171
80101101911,0,0,3,3,0,0,0,0,0,10,0,0,0,3,0,0,0,0,0,5,7,30,55,54,52,32,9,0,0,238
80101101912,0,0,3,6,0,0,0,0,0,7,0,0,6,0,0,0,0,0,0,8,5,20,50,41,38,7,9,0,0,173
80101101913,0,0,0,4,0,0,0,0,0,9,0,0,0,0,0,0,0,0,0,8,15,25,36,69,39,25,7,0,0,218
80101101914,0,0,0,0,0,0,0,0,0,6,0,0,5,0,0,0,0,0,0,0,3,7,41,50,26,12,3,0,0,138
80101101915,0,0,3,0,0,0,0,0,0,7,0,5,4,6,0,0,0,0,0,5,5,11,73,66,23,23,7,0,0,205
80101101916,0,0,0,3,0,0,0,0,0,9,0,0,0,0,0,0,0,0,0,3,0,18,63,61,25,13,3,0,0,191
80101101917,0,0,4,0,0,0,0,0,0,5,0,0,3,0,0,0,0,0,0,3,4,14,67,56,25,10,0,0,0,177
80101101918,0,0,4,0,3,0,0,0,0,5,0,0,0,4,0,0,0,0,0,3,9,3,37,67,35,16,0,0,0,172
80101101919,0,0,7,0,0,0,0,0,0,6,0,0,0,3,4,0,0,0,0,6,15,12,86,108,25,15,0,0,0,256
80101102001,0,0,3,0,0,0,0,0,0,8,0,0,0,0,0,0,0,0,0,0,7,10,25,46,43,20,3,0,0,150
80101102002,0,0,0,3,0,0,0,0,0,7,0,0,3,4,0,0,0,0,0,10,7,26,61,52,24,25,6,0,0,199
80101102003,0,0,0,0,0,0,0,0,0,4,0,0,0,4,0,0,0,0,0,0,7,12,19,36,34,13,0,3,0,126
80101102004,0,0,0,3,0,0,0,0,0,3,0,0,0,0,0,0,0,0,0,7,4,10,25,33,42,22,3,0,0,126
80101102005,0,4,7,0,3,0,0,0,0,15,0,0,3,4,0,0,0,0,0,5,14,66,161,115,41,23,13,0,0,444
80101102006,0,0,0,0,0,0,0,0,0,0,0,0,0,0,0,0,0,0,0,0,7,5,37,33,35,17,0,0,0,143
80101102007,0,0,0,0,0,0,0,0,0,5,0,0,0,0,0,0,0,0,0,0,6,9,32,39,28,17,11,0,0,142
80101102008,0,0,0,0,5,0,0,0,0,4,0,0,0,0,0,0,0,0,0,5,13,36,59,40,40,27,6,0,0,228
80101102101,0,5,8,4,0,5,0,0,0,15,0,0,3,0,5,4,0,0,0,13,16,28,67,56,57,56,7,5,0,297
80101102102,0,0,0,0,3,0,3,0,0,11,0,0,0,0,0,0,0,0,0,0,10,14,29,33,47,31,14,0,0,172
80101102103,0,3,0,0,0,4,3,0,0,12,0,0,0,0,0,0,0,0,0,3,12,31,60,55,57,48,20,0,0,284
80101102104,0,0,0,3,0,0,0,0,0,11,0,0,0,0,0,0,0,0,0,0,10,14,47,49,52,51,18,0,0,242
80101102105,3,0,0,3,0,0,0,0,0,6,0,0,0,0,0,0,0,0,0,3,22,30,69,85,89,57,15,3,0,369
80101102201,0,0,0,0,0,0,0,0,0,0,0,0,0,0,0,0,0,0,0,0,0,6,21,33,25,14,6,4,0,106
80101102202,3,0,0,0,3,0,0,0,0,5,0,5,0,0,0,0,0,0,0,4,6,19,20,35,44,16,6,0,0,143
80101102203,0,0,5,0,3,0,0,0,0,11,0,0,5,0,0,0,0,0,0,9,9,17,66,60,50,33,5,0,0,249
80101102204,0,6,0,0,0,0,0,0,0,5,0,3,4,0,0,0,0,0,0,8,10,30,76,87,54,37,22,4,0,316
80101102205,0,0,0,0,3,5,7,0,0,15,3,0,0,0,3,0,0,0,0,8,16,22,38,87,74,33,14,0,0,278
80101102206,0,0,0,0,0,0,0,0,0,7,0,0,0,0,0,0,0,0,0,0,10,18,18,55,44,14,4,0,0,162
80101102207,0,0,3,8,4,0,0,0,0,14,0,0,0,0,0,0,0,0,0,3,10,18,56,67,49,32,4,0,0,238
80101102208,0,0,0,0,0,0,0,0,0,4,0,0,0,0,0,0,0,0,0,0,15,17,11,26,46,32,6,0,0,153
80101102301,0,0,0,0,0,4,0,0,0,4,0,0,3,0,0,6,0,0,0,7,13,10,73,61,59,32,6,0,0,252
80101102302,0,0,0,0,0,0,0,0,0,4,0,0,0,0,0,0,0,0,0,0,5,10,42,26,19,17,0,0,0,117
80101102303,3,0,0,0,0,0,0,0,0,7,0,0,5,5,0,0,0,0,0,6,14,38,82,73,35,22,7,0,0,274
80101102304,0,0,0,4,4,4,0,0,0,15,0,0,0,0,4,0,0,0,0,3,13,30,76,69,57,24,4,0,0,281
80101102305,0,0,0,0,3,0,0,0,0,5,0,0,4,0,0,0,0,0,0,4,7,14,65,30,37,17,3,0,0,179
80101102306,0,0,0,0,0,0,0,0,0,4,0,0,0,3,0,0,0,0,0,6,4,16,60,54,47,21,6,3,0,214
80101102307,0,0,0,3,0,0,0,0,0,3,0,0,0,0,0,0,5,0,0,0,0,5,36,15,3,3,4,0,0,73
80101102401,0,0,0,5,0,0,0,0,0,4,0,0,0,0,0,0,0,0,0,0,7,6,30,41,22,3,9,0,0,120
80101102402,0,0,4,0,0,0,0,0,0,6,0,0,0,0,0,0,0,0,0,0,19,23,63,78,42,22,0,0,0,250
80101102403,0,0,6,4,6,0,0,0,0,7,0,0,0,0,5,0,0,0,0,7,4,15,55,51,50,20,4,0,0,198
80101102404,0,0,0,0,0,0,0,0,0,0,0,0,0,0,0,0,0,0,0,5,9,14,41,39,32,20,0,0,0,148
80101102405,0,0,0,0,0,0,0,0,0,4,0,0,0,0,0,0,0,0,0,0,7,7,33,44,34,15,6,0,0,148
80101102406,0,4,0,0,0,0,0,0,0,7,0,0,0,3,3,0,0,0,0,6,17,25,70,58,43,20,7,0,0,245
80101102407,0,4,5,0,0,0,0,0,0,5,0,0,0,0,0,0,0,0,0,0,3,24,50,34,28,15,8,0,0,153
80101102408,0,0,5,0,0,0,0,0,0,9,0,0,3,0,0,0,0,0,0,6,15,13,75,78,51,19,7,6,0,266
80101102501,0,0,0,0,0,0,0,0,0,0,0,0,3,0,0,0,0,0,0,3,8,8,48,44,30,14,7,0,0,149
80101102502,0,6,0,0,4,0,0,0,0,11,0,0,0,0,0,0,0,0,0,4,17,22,39,58,44,23,5,0,0,210
80101102503,0,0,0,0,0,0,3,0,0,13,0,0,4,0,0,0,0,0,0,5,19,17,47,70,75,35,11,0,0,284
80101102504,0,0,0,5,0,0,0,0,0,15,0,0,0,0,0,0,0,0,0,0,18,21,50,75,55,26,11,0,0,256
80101102505,0,0,0,0,0,0,0,0,0,0,0,0,0,4,0,0,0,0,0,6,16,10,23,38,34,10,6,0,0,146
80101102506,0,3,0,4,0,0,0,0,0,16,0,0,0,3,0,0,0,0,0,7,19,23,38,71,52,38,22,0,0,260
80101102601,0,0,0,0,0,0,0,0,0,0,0,0,0,5,0,0,0,0,0,0,9,17,20,40,41,35,8,0,0,171
80101102602,0,0,0,0,0,0,0,0,0,4,0,0,0,0,0,0,0,0,0,0,9,9,23,26,24,20,3,0,0,116
80101102603,0,0,0,0,0,0,0,0,0,4,0,0,0,0,0,0,0,0,0,3,18,16,21,50,60,33,11,0,0,205
80101102604,0,6,0,0,3,0,0,0,0,6,0,0,3,0,0,0,0,0,0,3,29,18,42,65,63,35,10,4,0,267
80101102605,0,0,0,0,0,0,0,0,0,5,0,0,0,0,0,0,0,0,0,0,6,23,24,24,30,17,4,0,0,121
80101102606,0,0,0,0,0,0,0,0,0,0,0,0,0,5,0,0,0,0,0,8,30,20,58,71,73,37,10,5,0,312
80101102607,0,0,3,4,0,0,0,0,0,5,0,0,0,0,0,0,0,0,0,0,19,24,56,47,70,18,3,0,0,242
80101111101,0,0,0,0,0,0,0,0,0,0,0,0,0,0,0,0,0,0,0,0,3,0,0,6,3,0,0,0,0,13
80101114201,0,0,0,0,0,0,0,0,0,0,0,0,0,0,0,0,0,0,0,0,0,0,0,0,0,0,0,0,0,0
80101114301,0,0,0,0,0,0,0,0,0,0,0,0,0,0,0,0,0,0,0,3,3,5,44,36,14,3,0,0,0,102
80101114302,0,0,6,5,0,0,0,0,0,14,0,0,5,3,0,0,0,0,0,6,12,36,134,102,31,18,0,0,0,330
80101114401,0,0,0,0,0,0,0,0,0,0,0,0,0,0,0,0,0,0,0,0,0,0,8,0,4,0,0,0,0,12
80103103102,0,0,0,0,0,0,0,0,0,0,0,0,0,0,0,0,0,0,0,0,0,0,0,0,0,0,0,0,0,0
80103103103,0,0,0,0,0,0,0,0,0,0,0,0,0,0,0,0,0,0,0,0,0,0,0,0,4,4,0,0,0,10
80103103201,0,0,0,0,0,0,0,0,0,0,0,0,0,0,0,0,0,0,0,0,3,0,3,0,7,5,0,0,0,15
80103111301,0,0,0,0,0,0,0,0,0,4,0,0,0,0,0,0,0,0,0,0,0,11,46,39,28,18,3,0,0,147
80103111302,0,0,0,0,0,0,0,0,0,5,0,0,0,0,0,0,0,0,0,3,3,6,17,5,17,18,9,0,0,78
80103111303,0,0,0,0,0,0,0,0,0,0,0,0,0,0,0,0,0,0,0,0,0,4,6,4,3,0,0,0,0,18
80103111304,0,0,0,0,0,0,0,0,0,0,0,0,0,0,0,0,0,0,0,0,6,5,0,0,7,0,0,0,0,16
80103111305,0,0,0,0,0,0,0,0,0,0,0,0,0,0,0,0,0,0,0,0,3,0,4,4,3,0,0,0,0,17
80103111306,0,0,0,0,0,0,0,0,0,0,0,0,0,0,0,0,0,0,0,0,0,0,0,5,0,0,0,0,0,5
80103111307,0,0,4,0,0,0,0,0,0,4,0,0,0,0,0,0,0,0,0,5,3,7,10,14,22,31,9,0,0,92
80103111308,0,0,0,0,0,0,0,0,0,0,0,0,0,0,0,0,0,0,0,0,0,0,0,0,0,0,0,0,0,0
80103111309,0,0,0,0,0,0,0,0,0,0,0,0,0,0,0,0,0,0,0,0,0,0,3,0,0,0,4,0,0,12
80103111401,0,0,0,0,0,0,0,0,0,0,0,0,0,0,0,0,0,0,0,0,0,9,13,20,17,11,0,0,0,63
80103111501,0,0,0,0,0,0,0,0,0,0,0,0,0,0,0,0,0,0,0,0,0,0,0,0,0,0,0,0,0,0
80103111502,0,0,0,0,0,0,0,0,0,3,0,0,0,0,0,0,0,0,0,3,5,11,6,11,22,14,0,3,0,75
80103111503,0,0,0,0,0,0,0,0,0,0,0,0,0,0,0,0,0,0,0,0,0,0,0,0,0,0,0,0,0,0
80103111504,0,0,0,0,0,0,0,0,0,0,0,0,0,0,0,0,0,0,0,0,0,3,5,0,7,0,0,0,0,19
80103111505,0,0,0,0,0,0,0,0,0,0,0,0,0,0,0,0,0,0,0,0,0,0,0,0,0,0,0,0,0,5
80103111506,0,0,0,0,0,0,0,0,0,0,0,3,0,0,0,0,0,0,0,3,16,33,27,4,0,0,0,0,0,83
80103111507,0,0,0,0,0,0,0,0,0,0,0,0,0,0,0,0,0,0,0,0,0,0,0,0,0,0,0,0,0,0
80104103401,0,0,4,0,0,0,3,0,0,6,0,0,0,0,0,0,0,0,0,4,6,13,56,46,49,21,10,0,0,202
80104103402,0,0,5,0,0,0,0,0,0,0,0,0,3,0,0,4,0,0,0,4,11,15,37,26,38,8,0,0,0,131
80104103403,0,4,3,0,3,0,0,0,0,10,0,0,0,0,0,0,0,0,0,3,21,19,40,57,84,29,8,0,0,255
80104103404,0,0,5,0,3,0,0,0,0,11,0,0,0,0,0,0,0,0,0,0,17,15,31,71,60,24,6,0,0,232
80104103405,0,0,0,4,0,0,0,0,0,5,0,0,0,0,0,0,0,0,0,0,15,23,42,75,77,31,3,0,0,260
80104103406,0,0,0,4,0,0,0,0,0,4,0,0,0,0,4,0,0,0,0,7,12,7,37,45,60,31,5,0,0,202
80104103407,0,0,0,0,3,0,0,0,0,3,0,0,0,0,0,0,0,0,0,0,12,10,29,33,47,22,0,0,0,151
80104103408,0,0,6,4,3,0,0,0,0,21,0,4,6,3,0,0,0,0,0,4,20,70,155,125,96,50,13,0,0,519
80104103409,0,0,0,0,4,0,0,0,0,6,0,0,0,0,0,0,0,0,0,0,15,18,31,42,36,21,3,0,0,166
80104103410,0,0,0,4,4,4,0,0,0,10,0,0,0,0,0,0,0,0,0,0,28,38,30,65,98,37,10,0,0,297
80104103411,0,0,0,4,0,0,0,0,0,4,0,0,0,0,0,0,0,0,0,0,28,20,61,103,75,35,6,0,0,324
80104103412,0,0,0,0,0,0,0,0,0,6,0,0,6,0,0,0,0,0,0,10,38,23,28,61,99,31,3,0,0,285
80104103413,0,0,4,0,0,0,0,0,0,13,0,0,0,0,0,0,0,0,0,0,15,15,50,56,63,30,4,0,0,237
80104103414,0,0,0,0,0,0,0,0,0,5,0,0,0,0,0,0,0,0,0,0,11,16,20,31,35,18,0,0,0,129
80104103501,0,0,0,0,0,0,0,0,0,9,0,0,4,0,0,0,0,0,0,7,10,18,78,54,33,22,0,0,0,215
80104103505,0,0,0,3,3,0,0,0,0,4,0,0,5,0,0,0,0,0,0,4,5,15,40,78,26,5,4,0,0,169
80104103506,0,0,0,4,5,0,0,0,0,12,0,0,0,3,0,0,0,0,0,3,18,17,53,88,58,8,6,0,0,252
80104103507,0,0,4,0,0,0,0,0,0,6,0,0,5,0,0,0,0,0,0,15,3,16,44,90,38,20,5,0,0,210
80104103508,0,0,0,0,0,0,4,0,0,10,0,0,0,6,0,0,0,0,0,6,5,7,34,59,35,5,5,0,0,161
80104103509,0,0,0,3,0,0,0,0,0,10,0,0,0,3,0,0,0,0,0,3,16,18,47,84,55,17,3,0,0,237
80104103510,0,0,8,0,0,0,0,0,0,12,0,0,0,0,0,0,0,0,0,3,15,32,73,91,63,25,5,0,0,308
80104103511,3,0,3,0,0,0,0,0,0,12,0,0,0,0,0,0,0,0,0,7,10,26,41,68,37,6,3,0,0,201
80104103512,3,3,3,6,6,0,0,0,0,18,0,0,3,3,4,0,0,0,0,9,25,22,66,104,68,16,3,0,0,311
80104103513,0,3,0,0,0,0,0,0,0,7,0,0,0,3,0,6,0,0,0,7,13,20,58,67,39,19,3,0,0,222
80104103514,0,4,0,0,0,0,0,0,0,3,0,0,0,0,3,0,0,0,0,8,9,14,21,80,42,14,0,0,0,190
80104103515,0,4,0,0,0,0,0,0,0,7,0,0,0,0,0,0,0,0,0,7,9,13,30,69,47,16,0,0,0,188
80104103516,0,0,3,0,0,0,0,0,0,9,0,0,0,3,0,0,0,0,0,3,12,12,88,111,38,15,0,0,0,276
80104103517,0,0,7,0,0,0,0,0,0,9,0,0,0,0,0,0,0,0,0,3,6,10,31,69,29,7,6,0,0,161
80104103518,0,0,0,0,0,0,0,0,0,3,0,0,6,3,0,0,0,0,0,11,10,21,56,73,52,9,5,0,0,232
80104103519,0,0,0,0,3,0,0,0,0,6,0,0,4,4,0,0,0,0,0,6,10,16,45,70,35,13,0,0,0,190
80104103520,0,0,3,5,0,0,0,0,0,7,0,0,0,5,0,0,0,0,0,6,12,14,72,57,23,7,3,0,0,201
80104103521,0,0,0,0,0,0,0,0,0,0,0,0,0,0,0,0,0,0,0,0,0,0,0,0,0,0,0,0,0,0
80104103522,0,0,0,0,0,0,0,0,0,3,0,0,0,0,0,3,0,0,0,7,10,18,48,75,41,9,8,0,0,211
80104103601,0,3,0,0,5,3,0,0,0,11,0,0,0,3,0,0,0,0,0,5,11,25,74,95,56,27,4,0,0,290
80104103604,0,0,5,6,4,0,0,0,0,11,0,0,0,3,0,0,0,0,0,6,12,15,87,113,55,26,6,0,0,311
80104103605,0,0,0,0,0,0,0,0,0,0,0,0,0,0,0,0,0,0,0,5,4,14,40,45,29,17,0,0,0,152
80104103606,0,0,0,0,0,0,0,0,0,4,0,0,8,4,0,0,0,0,0,7,0,16,74,85,21,10,6,0,0,211
80104103607,0,0,0,3,0,0,0,0,0,7,0,0,0,0,0,0,0,0,0,8,11,10,39,69,37,15,0,0,0,189
80104103608,0,0,6,3,3,0,0,0,0,12,0,0,6,5,0,0,0,0,0,11,16,23,93,108,56,23,8,0,0,321
80104103609,0,0,5,3,0,0,0,0,0,10,0,0,9,0,0,0,0,0,0,10,15,34,138,134,37,20,3,0,0,377
80104103610,0,0,6,0,0,0,0,0,0,5,0,0,3,0,0,0,0,0,0,6,0,27,64,46,31,18,10,0,0,195
80104103611,0,0,0,3,0,0,0,0,0,8,0,0,0,0,0,0,0,0,0,6,19,11,16,69,40,16,0,0,0,164
80104103612,0,0,0,0,0,0,0,0,0,0,0,0,0,0,0,0,0,0,0,0,4,10,46,48,18,9,0,0,0,130
80104103613,0,0,3,0,0,0,0,0,0,3,0,0,0,0,0,0,0,0,0,0,7,4,77,101,33,18,8,0,0,246
80104103614,0,3,0,3,0,0,0,0,0,11,0,0,0,0,3,0,0,0,0,0,3,17,36,61,33,21,4,0,0,181
80104103615,0,3,0,0,3,0,0,0,0,6,0,0,0,8,4,0,0,0,0,13,23,18,87,136,78,21,3,0,0,368
80104103616,0,0,0,3,4,0,0,0,0,9,0,0,6,0,0,3,0,0,0,7,13,20,64,107,69,40,5,0,0,328
80104103617,0,0,5,0,5,0,0,0,0,7,0,0,0,0,4,0,0,0,0,3,17,19,56,82,45,13,0,0,0,238
80104103618,0,0,3,0,0,0,0,0,0,5,0,0,0,0,0,0,0,0,0,0,0,9,33,17,4,4,0,0,0,67
80104103702,0,0,0,0,0,0,0,0,0,3,0,0,0,3,0,0,0,0,0,6,8,28,72,79,26,14,0,0,0,224
80104103703,0,0,5,3,0,0,0,0,0,3,0,0,0,3,0,0,0,0,0,3,9,35,115,74,44,14,0,0,0,285
80104103704,0,0,0,5,7,0,0,0,0,10,0,0,0,0,0,0,0,0,0,5,8,19,58,88,62,25,3,0,0,267
80104103705,0,0,0,0,0,0,0,0,0,0,0,0,0,0,0,0,0,0,0,0,0,14,54,19,6,0,4,0,0,93
80104103706,0,0,0,0,0,0,0,0,0,0,0,0,0,0,0,0,0,0,0,0,10,5,41,66,32,14,0,0,0,170
80104103707,0,0,0,5,0,0,0,0,0,5,0,0,0,3,0,0,0,0,0,0,7,5,72,72,19,9,3,0,0,192
80104103708,0,3,8,0,0,0,0,0,0,9,0,0,0,3,4,0,0,0,0,7,12,18,69,94,67,34,0,0,0,299
80104103709,0,0,0,0,0,0,0,0,0,0,0,0,0,0,0,0,0,0,0,0,0,0,0,0,0,0,0,0,0,0
80104103710,0,3,4,5,4,0,0,0,0,15,0,0,0,3,4,0,0,0,0,4,10,11,64,124,45,12,0,4,0,268
80104103711,0,0,0,7,0,0,5,0,0,9,0,0,6,0,0,0,0,0,0,12,13,24,103,149,67,27,4,0,0,394
80104103712,0,3,0,0,0,0,0,0,0,4,0,0,0,0,0,0,0,0,0,3,0,11,9,34,14,7,0,0,0,73
80104103713,0,0,0,0,0,0,0,0,0,3,0,0,0,0,0,0,0,0,0,3,9,9,29,62,44,13,5,0,0,175
80104103714,0,3,0,0,0,0,0,0,0,5,0,0,0,0,0,0,0,0,0,0,14,20,27,110,63,23,5,0,0,256
80104103804,0,3,0,0,0,0,0,0,0,4,0,0,0,0,0,0,0,0,0,5,24,27,37,71,89,26,5,0,0,268
80104103805,0,0,0,5,3,0,0,0,0,7,0,0,0,0,0,0,0,0,0,7,11,6,31,82,51,28,3,0,0,213
80104103806,0,0,0,0,0,0,0,0,0,0,0,0,0,0,0,0,0,0,0,3,20,17,17,41,63,13,3,0,0,173
80104103807,0,3,4,0,0,0,0,0,0,6,0,0,0,0,0,0,0,0,0,4,14,13,25,52,63,13,3,0,0,183
80104103808,0,0,0,0,0,3,0,0,0,4,0,0,0,0,0,0,0,0,0,0,14,18,40,65,55,19,3,0,0,222
80104103809,0,0,0,0,3,0,0,0,0,6,0,0,0,3,4,0,0,0,0,4,21,18,18,59,65,10,0,0,0,181
80104103810,0,0,0,0,0,0,0,0,0,0,0,0,0,0,0,0,0,0,0,0,9,10,21,80,47,19,4,0,0,185
80104103811,0,0,0,0,4,0,0,0,0,3,0,0,0,0,0,0,0,0,0,4,10,5,27,62,39,15,0,0,0,155
80104103812,0,3,0,3,5,0,0,0,0,14,0,0,0,0,0,0,0,0,0,0,18,28,78,107,60,15,0,0,0,300
80104103813,0,0,0,0,0,0,0,0,0,0,0,0,4,0,0,0,0,0,0,4,14,9,32,73,50,18,0,0,0,203
80104103814,0,0,0,0,0,0,0,0,0,7,0,0,4,0,0,0,0,0,0,7,13,12,36,64,45,17,0,0,0,190
80104103815,0,0,0,0,0,0,0,0,0,4,0,0,0,0,0,0,0,0,0,6,14,11,37,72,63,35,4,0,0,237
80104103907,0,0,0,0,0,0,0,0,0,3,0,0,0,4,0,0,0,0,0,4,11,9,26,40,35,14,5,0,0,143
80104103908,0,0,0,0,0,0,0,0,0,3,0,0,6,0,0,0,0,0,0,5,4,18,64,56,10,3,0,0,0,153
80104103910,0,0,7,0,0,0,0,0,0,10,0,3,11,4,0,0,0,0,0,22,4,66,213,91,38,20,0,0,0,436
80104103911,0,0,0,0,0,0,0,0,0,0,0,0,6,0,0,0,0,0,0,6,6,27,72,20,14,0,0,0,0,135
80104103912,0,0,0,0,0,3,0,0,0,9,0,0,0,0,0,0,0,0,0,3,13,24,44,49,63,20,9,0,0,222
80104103913,0,0,0,0,0,0,0,0,0,0,0,0,3,0,0,0,0,0,0,3,0,15,71,31,9,3,0,0,0,131
80104103914,0,0,0,5,3,0,4,0,0,19,0,0,0,5,0,3,0,0,0,9,7,33,35,97,58,23,7,0,0,257
80104103915,0,0,0,0,0,0,0,0,0,4,0,0,0,5,0,0,0,0,0,10,4,19,33,67,35,10,0,0,0,167
80104103916,0,0,5,0,0,0,0,0,0,5,0,0,4,0,0,0,0,0,0,5,5,34,160,66,26,11,0,0,0,302
80104103917,0,0,3,0,0,0,0,0,0,0,0,0,6,0,0,0,0,0,0,6,0,21,67,30,12,4,0,0,0,125
80104103918,0,0,0,0,0,0,0,0,0,4,0,0,4,0,0,0,0,0,0,3,3,13,79,22,8,11,5,0,0,135
80104103919,0,0,0,0,0,0,0,0,0,6,0,0,0,4,0,0,0,0,0,5,7,7,38,48,28,11,0,0,0,146
80104103920,0,0,0,0,4,0,0,0,0,4,0,0,3,3,0,0,0,0,0,6,0,11,90,24,16,6,0,0,0,141
80104103921,0,4,3,0,0,0,0,0,0,10,0,0,0,0,0,0,0,0,0,6,3,26,143,75,16,8,0,0,0,274
80104103922,0,0,3,0,7,0,0,0,0,10,0,0,0,3,0,0,0,0,0,3,13,26,61,87,55,15,7,5,0,256
80104103923,0,0,0,0,4,0,0,0,0,5,0,0,0,0,0,0,0,0,0,4,16,10,38,87,90,14,3,0,0,268
80104103924,0,0,0,0,0,0,0,0,0,3,0,0,0,5,0,0,0,0,0,5,11,25,44,72,49,14,0,0,0,216
80104103925,0,0,0,6,0,0,0,0,0,7,4,0,0,3,0,0,0,0,0,3,14,16,44,85,56,29,0,0,0,249
80104103926,0,0,0,0,0,0,0,0,0,5,0,0,0,0,0,0,0,0,0,3,0,15,61,35,4,6,0,0,0,121
80104103927,0,0,0,0,0,0,0,0,0,8,0,0,8,5,8,8,0,0,0,18,11,26,99,98,60,27,0,0,0,322
80104103928,0,0,0,0,0,0,0,0,0,0,0,0,0,0,0,0,0,0,0,8,3,18,24,49,30,25,0,0,0,153
80104103929,0,0,0,0,0,0,0,0,0,0,0,3,4,0,0,0,0,0,0,3,6,26,99,50,10,7,0,0,0,201
80104104001,0,3,3,5,0,0,0,0,0,20,0,3,6,5,0,0,0,0,0,8,9,72,156,88,52,30,4,0,0,402
80104104002,4,0,0,0,7,0,0,0,0,10,0,4,0,4,0,0,0,0,0,8,16,17,37,33,55,41,8,0,0,213
80104104005,0,0,0,0,3,0,0,0,0,3,0,0,0,6,5,0,0,0,0,6,13,18,39,65,50,15,5,0,0,204
80104104006,0,0,0,0,0,0,0,0,0,3,0,3,5,0,0,0,0,0,0,13,11,20,41,55,46,10,0,0,0,180
80104104007,3,0,0,3,3,0,0,0,0,6,0,7,5,3,0,0,0,0,0,16,16,24,67,71,69,29,12,0,0,285
80104104008,0,0,3,4,6,0,0,0,0,10,0,6,0,3,6,0,0,0,0,13,20,32,69,77,91,30,0,0,0,317
80104104011,0,0,0,0,0,0,0,0,0,0,0,0,0,0,0,0,0,0,0,0,0,0,0,0,0,0,0,0,0,0
80104104013,0,0,0,4,0,3,0,0,0,7,0,0,0,0,0,0,0,0,0,0,5,10,27,69,28,14,0,0,0,157
80104104014,0,0,0,0,0,0,0,0,0,0,0,0,6,3,0,0,0,0,0,8,14,23,64,39,48,24,7,6,0,222
80104104015,0,0,6,0,0,0,0,0,0,10,0,4,0,3,0,0,0,0,0,6,18,23,52,46,59,24,7,0,0,235
80104104017,0,0,4,0,0,0,0,0,0,6,0,0,0,0,0,0,0,0,0,4,5,23,75,60,28,9,0,0,0,200
80104104018,0,0,0,0,0,0,0,0,0,0,0,0,0,0,0,0,0,0,0,0,0,3,17,15,6,0,0,0,0,42
80104104019,0,0,4,0,0,0,0,0,0,4,0,3,0,0,0,0,0,0,0,4,8,9,13,23,27,26,5,0,0,115
80104104020,0,0,0,0,0,0,0,0,0,0,0,0,0,0,0,0,0,0,0,0,0,0,0,0,0,0,0,0,0,0
80104104021,0,0,0,0,0,0,0,0,0,0,0,0,0,0,0,0,0,0,0,0,0,0,13,0,3,0,0,0,0,24
80104104022,0,0,0,0,0,0,0,0,0,4,0,0,0,0,0,0,0,0,0,4,0,21,88,47,12,8,0,0,0,174
80104104023,0,0,0,0,0,0,0,0,0,0,0,0,0,0,0,0,0,0,0,0,0,0,0,0,0,0,0,0,0,0
80104104024,0,0,0,0,0,0,0,0,0,5,0,0,4,0,0,0,0,0,0,6,9,23,51,39,40,21,3,0,0,176
80104104025,0,0,0,0,0,0,0,0,0,5,0,0,0,3,3,0,0,0,0,6,4,29,67,71,40,9,4,0,0,218
80104104026,0,0,3,0,3,4,0,0,0,14,0,4,5,0,0,0,0,0,0,14,12,55,199,78,43,31,4,0,0,420
80104104027,0,0,8,0,0,0,0,0,0,8,0,0,8,0,0,0,0,0,0,11,0,38,161,73,17,13,0,0,0,315
80104104028,0,4,0,0,0,0,0,0,0,7,0,0,3,0,0,0,0,0,0,0,14,48,94,20,20,12,0,0,0,212
80104104029,0,0,4,0,0,0,0,0,0,4,0,0,0,0,0,0,0,0,0,3,10,37,134,41,19,14,0,0,0,251
80104104030,0,0,8,0,0,0,0,0,0,12,0,0,8,4,0,0,0,0,0,9,11,78,319,83,36,26,3,0,0,557
80104104031,0,0,0,0,0,0,0,0,0,5,0,0,0,0,0,0,0,0,0,0,0,16,52,41,19,19,4,0,0,144
80104104032,0,0,6,0,0,0,0,0,0,4,0,0,0,0,0,0,0,0,0,0,0,16,97,21,11,10,0,0,0,165
80104104301,0,0,0,0,0,4,0,0,0,5,0,0,0,0,0,4,0,0,0,4,13,10,12,20,47,29,12,4,0,147
80104104302,0,0,0,0,0,0,0,0,0,0,0,0,0,0,0,0,0,0,0,0,0,0,0,0,0,0,0,0,0,0
80104104401,0,4,0,0,0,0,0,0,0,11,0,0,5,0,0,0,0,0,0,6,15,28,65,100,88,29,7,0,0,340
80104104402,0,0,5,0,4,0,0,0,0,8,0,5,0,4,5,0,0,0,0,12,5,26,70,113,84,30,3,0,0,333
80104104404,0,0,0,5,0,0,0,0,0,7,0,0,4,0,0,0,0,0,0,10,20,27,71,112,101,24,4,0,0,354
80104104405,0,0,0,0,0,0,0,0,0,6,0,0,0,0,3,0,0,0,0,3,13,15,33,98,61,9,3,0,0,236
80104104409,0,0,0,0,5,0,0,0,0,5,0,0,0,0,0,0,0,0,0,0,17,15,36,60,59,15,0,0,0,191
80104104410,0,0,8,0,0,0,0,0,0,8,0,0,3,0,0,0,0,0,0,5,0,16,75,25,13,3,0,0,0,126
80104104411,0,0,0,0,0,0,0,0,0,0,0,0,0,0,0,0,0,0,0,0,18,28,31,39,41,24,0,0,0,184
80104104412,0,0,0,0,5,0,0,0,0,7,0,0,0,0,0,0,0,0,0,3,20,13,32,37,43,15,4,0,0,157
80104104413,0,0,0,0,0,0,0,0,0,4,0,0,4,3,0,0,0,0,0,9,21,22,29,66,69,22,3,0,0,236
80104104414,0,0,0,0,0,0,0,0,0,3,0,0,0,0,0,0,0,0,0,0,5,4,21,26,34,14,0,0,0,108
80104104415,0,0,0,4,0,0,0,0,0,12,0,0,0,0,0,0,0,0,0,3,7,24,80,71,35,9,0,0,0,223
80104104416,0,0,5,0,0,0,0,0,0,12,0,0,3,7,5,0,0,0,0,18,13,16,84,87,40,21,5,0,0,262
80104104417,0,0,0,0,3,0,0,0,0,4,0,0,3,0,0,0,0,0,0,7,9,12,49,91,44,16,0,0,0,223
80104104418,0,0,4,0,0,0,0,0,0,9,0,0,5,0,0,0,0,0,0,9,0,37,123,90,27,6,0,5,0,295
80104104419,0,5,8,0,0,0,0,0,0,11,0,0,4,0,0,0,0,0,0,3,0,28,148,57,10,3,0,0,0,252
80104104420,0,0,6,0,0,0,0,0,0,7,0,0,0,0,6,0,0,0,0,13,7,49,163,85,35,5,0,0,0,343
80104104421,0,6,4,0,0,0,0,0,0,8,0,0,4,0,0,0,0,0,0,3,5,36,108,42,16,4,0,0,0,217
80104104422,0,0,0,0,0,0,0,0,0,0,0,0,0,0,0,0,0,0,0,0,0,0,0,0,0,0,0,0,0,0
80104104423,0,0,0,3,0,0,0,0,0,3,0,0,7,0,0,0,0,0,0,8,9,19,31,58,54,15,0,0,0,195
80104104424,0,0,4,3,0,0,0,0,0,11,0,0,3,0,0,0,0,0,0,6,7,29,65,89,62,17,3,0,0,272
80104104425,0,0,0,0,0,0,0,0,0,0,0,0,0,0,0,0,0,0,0,0,0,0,5,5,0,0,0,0,0,14
80104104426,0,3,4,0,0,0,0,0,0,6,0,0,9,5,0,0,0,0,0,18,9,41,122,82,42,19,4,0,0,312
80104104502,0,0,0,0,0,0,0,0,0,0,0,0,0,0,0,0,0,0,0,0,0,0,0,0,0,0,0,0,0,0
80104104503,0,0,0,0,0,0,0,0,0,0,0,0,0,0,0,0,0,0,0,0,0,0,0,0,0,0,0,0,0,0
80104104504,0,0,0,0,0,0,0,0,0,3,0,0,0,0,0,0,0,0,0,0,0,0,0,0,0,0,0,0,0,3
80104104601,0,0,6,0,0,0,0,0,0,6,0,0,0,0,0,0,0,0,0,0,5,10,33,46,19,21,8,0,0,135
80104104602,0,0,4,0,0,0,0,0,0,9,0,0,3,0,0,3,0,0,0,14,9,23,100,69,39,20,3,0,0,267
80104104603,0,0,0,0,3,0,0,0,0,3,0,0,0,0,0,0,0,0,0,0,14,14,13,18,36,29,10,0,0,149
80104104604,0,0,0,0,0,0,0,0,0,0,0,0,0,0,0,0,0,0,0,4,8,10,33,35,28,19,4,0,0,130
80104104605,0,3,0,0,0,0,0,0,0,5,0,0,3,0,0,0,0,0,0,7,0,16,52,47,30,9,0,0,0,159
80104104606,0,0,0,0,0,3,0,0,0,4,0,0,0,0,0,0,0,0,0,0,9,12,49,54,40,19,3,0,0,190
80104104607,0,0,0,0,0,0,0,0,0,7,0,0,0,0,0,0,0,0,0,0,6,12,28,37,27,13,9,0,0,134
80104104609,0,0,6,0,0,0,0,0,0,4,0,0,0,0,0,0,0,0,0,3,7,13,43,48,20,11,4,0,0,149
80104104612,0,0,0,0,0,0,0,0,0,3,0,0,0,0,0,0,0,0,0,0,6,8,30,33,20,10,0,0,0,111
80104104613,0,0,0,0,0,3,0,0,0,3,0,0,0,0,0,0,0,0,0,5,17,34,46,47,54,26,12,6,0,229
80104104614,0,0,0,3,0,3,0,0,0,7,0,0,0,0,0,0,0,0,0,4,15,12,18,48,53,19,3,0,0,162
80104104616,0,0,6,0,0,4,0,0,0,3,0,0,0,0,6,0,0,0,0,4,3,6,35,34,21,11,5,0,0,108
80104104617,4,0,6,5,5,0,0,0,0,21,0,0,5,6,0,0,0,0,0,10,15,13,67,62,66,38,0,0,0,278
80104104618,0,0,0,0,0,0,0,0,0,3,0,0,0,0,0,0,0,0,0,5,14,26,52,49,51,19,0,0,0,219
80104104619,0,0,0,0,3,0,0,0,0,0,0,0,0,0,4,0,0,0,0,3,7,28,42,34,44,23,3,0,0,182
80104104620,0,0,0,0,0,0,0,0,0,10,0,0,0,0,0,0,0,0,0,5,0,11,52,53,27,21,3,0,0,166
80104104621,0,3,0,0,0,0,0,0,0,8,0,0,0,0,0,0,0,0,0,0,14,22,67,42,38,23,9,0,0,210
80104104622,0,0,0,0,3,0,0,0,0,3,0,0,0,0,0,0,0,0,0,9,10,21,46,43,43,19,8,0,0,196
80104104623,0,3,0,0,0,0,0,0,0,4,0,0,4,4,0,0,0,0,0,0,13,20,83,83,49,28,8,0,0,289
80104104624,0,0,0,0,0,0,0,0,0,0,0,0,0,0,0,0,0,0,0,0,0,0,0,0,0,0,0,0,0,0
80104104625,0,0,4,3,0,4,0,0,0,7,0,0,5,0,0,0,0,0,0,3,28,17,58,69,43,35,14,0,0,254
80104104626,0,0,0,0,0,0,0,0,0,0,0,0,0,0,0,0,0,0,0,0,9,10,51,38,41,26,5,0,0,175
80104104627,0,0,5,5,0,0,0,0,0,6,0,3,0,0,0,0,0,0,0,9,5,18,54,61,40,17,7,0,0,205
80104104628,0,0,0,7,5,0,0,0,0,9,0,0,3,0,3,0,0,0,0,9,6,21,57,46,34,16,8,0,0,198
80104104629,0,0,0,0,0,0,0,0,0,0,0,0,0,0,0,0,0,0,0,0,0,0,0,0,0,0,4,0,0,6
80104104630,0,0,0,3,0,0,0,0,0,5,0,0,0,0,0,0,0,0,0,3,11,14,52,42,29,15,4,0,0,164
80104104631,0,0,0,0,0,0,0,0,0,6,0,0,0,0,0,0,0,0,0,0,16,11,50,75,39,6,0,0,0,204
80104104632,0,0,4,0,0,0,0,0,0,5,0,0,5,6,0,0,0,0,0,7,3,14,137,135,39,19,4,0,0,357
80104104633,0,3,3,7,0,0,0,0,0,12,0,3,8,0,0,0,0,0,0,9,7,26,109,88,31,15,3,0,0,286
80104104634,0,0,0,0,0,0,0,0,0,3,0,0,0,0,0,0,0,0,0,5,12,19,70,60,34,15,5,0,0,220
80104104635,0,0,0,0,0,0,0,0,0,5,0,0,3,0,0,0,0,0,0,4,8,10,40,31,37,21,6,0,0,157
80104104636,0,0,7,5,0,0,0,0,0,10,0,0,0,0,0,0,0,0,0,0,7,12,50,37,29,26,0,0,0,166
80104104637,0,0,0,3,0,0,0,0,0,9,0,0,0,0,0,0,0,0,0,0,3,20,41,39,49,19,6,0,0,173
80104104701,0,0,0,0,5,5,0,0,0,11,0,0,0,0,0,0,0,0,0,0,6,11,29,23,46,40,10,0,0,160
80104104702,0,0,0,0,0,6,4,0,0,10,0,0,0,0,0,0,0,0,0,4,13,15,21,31,52,40,11,0,0,178
80104104703,0,0,0,0,0,3,0,0,0,9,0,0,0,0,0,0,0,0,0,0,15,38,28,59,66,46,18,0,0,275
80104104704,0,0,0,0,0,4,0,0,0,7,0,0,0,0,3,0,0,0,0,3,10,14,15,34,35,33,0,0,0,137
80104104705,0,0,0,0,4,0,0,0,0,0,0,0,3,5,0,0,0,0,0,5,14,26,25,30,65,42,12,0,0,218
80104104706,4,0,0,0,0,3,0,0,0,10,0,0,3,0,4,0,0,0,0,9,26,13,37,37,57,29,3,0,0,208
80104104707,0,0,0,0,0,0,0,0,0,3,0,0,0,0,0,0,0,0,0,0,8,15,17,29,42,18,3,0,0,128
80104104708,0,0,0,0,3,5,0,0,0,5,0,0,0,0,0,0,0,0,0,6,16,18,32,42,52,16,6,0,0,191
80104104709,0,0,0,0,0,0,0,0,0,4,0,0,0,0,0,0,0,0,0,3,6,11,22,26,43,18,4,0,0,126
80104104710,4,0,0,0,0,3,0,0,0,11,0,3,0,0,0,0,0,0,0,5,8,36,21,41,58,44,13,4,0,240
80104104711,0,0,0,0,0,0,0,0,0,4,0,0,0,0,4,0,0,0,0,4,13,29,45,64,72,38,12,0,0,270
80104104712,0,0,3,0,0,0,0,0,0,5,0,0,0,0,0,0,0,0,0,0,9,16,36,31,27,13,0,4,0,141
80104104713,0,0,0,0,4,0,0,0,0,3,0,0,0,0,4,0,0,0,0,9,15,20,44,45,62,30,7,0,0,228
80104104714,0,0,0,0,0,0,0,0,0,0,0,0,0,0,0,0,0,0,0,0,0,0,0,0,0,0,0,0,0,0
80104104715,0,0,0,0,0,0,0,0,0,3,0,0,0,0,0,0,0,0,0,0,9,15,11,25,39,29,14,0,0,144
80104104716,0,5,0,0,6,0,0,0,0,9,0,0,0,0,0,0,0,0,0,3,14,30,25,37,59,53,15,0,0,234
80104104717,0,5,0,0,0,0,0,0,0,5,0,0,0,3,0,0,0,0,0,3,34,40,39,39,85,69,11,0,0,313
80104104718,0,0,0,0,0,3,0,0,0,6,0,0,0,0,0,0,0,0,0,0,36,43,30,27,96,59,8,0,0,304
80104104719,0,0,0,3,0,3,0,0,0,10,0,0,0,0,0,0,0,0,0,0,16,31,28,40,65,50,11,0,0,245
80104104801,0,0,0,0,3,0,0,0,0,6,0,0,0,0,0,0,0,0,0,0,16,22,37,30,57,32,3,0,0,189
80104104802,0,3,0,0,0,0,0,0,0,15,0,0,5,4,0,0,0,0,0,7,12,36,86,71,54,35,11,0,0,309
80104104803,0,0,0,0,6,0,0,0,0,4,0,0,3,6,0,0,0,0,0,15,9,17,46,57,43,20,3,0,0,191
80104104804,0,0,4,0,0,0,0,0,0,4,0,0,0,0,0,0,0,0,0,7,4,17,77,45,38,17,3,0,0,199
80104104805,0,3,6,0,0,0,0,0,0,13,0,0,0,3,0,0,0,0,0,9,5,31,75,79,40,29,3,0,0,261
80104104806,0,4,0,0,0,0,0,0,0,5,0,0,0,0,0,0,0,0,0,4,7,25,40,50,46,28,8,0,0,198
80104104807,0,0,0,0,0,0,0,0,0,0,0,0,0,3,0,0,0,0,0,0,6,15,24,41,39,29,8,3,0,170
80104104808,0,4,4,0,0,0,0,0,0,6,0,0,0,0,3,0,0,0,0,6,7,25,36,47,34,28,9,0,0,181
80104104809,0,0,3,6,0,0,0,0,0,14,0,0,0,0,0,0,0,0,0,4,7,17,51,55,58,50,13,0,0,252
80104104810,0,0,0,0,0,0,0,0,0,3,0,5,0,0,0,0,0,0,0,3,5,24,27,34,37,31,8,5,0,171
80104104811,0,0,0,0,3,0,0,0,0,6,0,0,0,0,4,3,0,0,0,4,17,14,24,34,43,28,6,0,0,169
80104104812,0,0,5,6,0,0,0,0,0,10,0,0,3,0,0,0,0,0,0,8,6,23,92,81,47,29,7,0,0,291
80104104813,0,0,0,0,0,0,0,0,0,0,0,0,0,0,0,0,0,0,0,0,3,13,30,32,31,22,3,0,0,130
80104104814,0,6,0,5,0,0,0,0,0,4,0,0,0,0,0,0,0,0,0,0,16,25,44,74,61,48,8,0,0,280
80104111601,0,0,0,0,0,0,0,0,0,0,0,0,0,0,0,0,0,0,0,0,0,0,0,0,0,0,0,0,0,0
80104111702,0,0,0,0,0,0,0,0,0,0,0,0,0,0,0,0,0,0,0,0,0,0,0,0,0,0,0,0,0,0
80104111801,0,0,6,3,0,0,0,0,0,11,0,0,4,4,0,0,0,0,0,14,18,27,108,139,63,14,3,0,0,379
80104111803,0,0,0,0,0,0,0,0,0,0,0,0,0,0,0,0,0,0,0,0,0,0,0,0,0,0,0,0,0,0
80104111901,0,0,0,0,0,0,0,0,0,0,0,0,0,0,0,0,0,0,0,0,0,0,0,0,0,4,0,0,0,5
80104112001,0,5,5,5,0,0,0,0,0,10,0,0,0,5,0,0,0,0,0,5,9,12,61,92,24,5,4,0,0,212
80104112003,0,0,0,0,3,0,0,0,0,7,0,0,3,0,0,0,0,0,0,4,22,24,69,120,50,12,3,0,0,301
80104112005,0,0,0,0,0,0,0,0,0,3,0,0,0,3,0,0,0,0,0,3,3,12,83,82,32,6,3,0,0,217
80104112006,0,0,3,0,0,0,0,0,0,5,0,0,0,0,0,0,0,0,0,8,10,26,102,85,38,14,3,0,0,269
80104112007,0,0,7,0,3,0,0,0,0,6,0,0,0,0,0,0,0,0,0,8,4,12,62,80,24,4,6,0,0,186
80104112008,0,0,3,0,0,0,0,0,0,11,0,0,0,0,0,0,0,0,0,0,0,26,113,46,21,7,0,0,0,209
80104112009,0,0,3,4,0,0,0,0,0,4,0,0,0,0,0,0,0,0,0,9,7,24,130,88,20,9,0,0,0,280
80104112010,0,0,0,0,0,0,0,0,0,10,0,0,0,0,0,0,0,0,0,4,4,13,50,102,48,5,0,0,0,225
80104112011,0,0,0,0,0,0,0,0,0,0,0,0,0,0,0,0,0,0,0,4,9,6,44,76,37,6,4,0,0,178
80104112012,0,0,0,5,0,0,0,0,0,7,0,0,4,0,0,0,0,0,0,9,7,16,85,98,23,15,0,0,0,252
80104112013,0,4,0,0,0,0,0,0,0,6,0,0,0,3,3,0,0,0,0,12,10,20,49,102,44,17,0,0,0,247
80104112014,0,0,0,0,0,0,0,0,0,0,0,0,0,0,0,0,0,0,0,0,0,0,0,0,0,0,0,0,0,0
80104112015,0,0,4,0,0,0,0,0,0,6,0,0,0,0,0,0,0,0,0,3,3,22,107,77,28,6,0,0,0,245
80104112102,0,0,0,3,0,0,0,0,0,5,0,0,3,4,0,0,0,0,0,8,6,18,67,52,6,6,0,0,0,154
80104112103,0,0,5,0,0,0,0,0,0,0,0,0,0,0,0,0,0,0,0,0,4,8,24,19,13,3,0,0,0,69
80104112104,0,0,0,0,0,0,0,0,0,0,0,0,0,0,0,0,0,0,0,0,0,0,0,0,0,0,0,0,0,0
80104112105,0,0,0,0,0,0,0,0,0,0,0,0,0,0,0,0,0,0,0,0,0,0,12,9,3,0,0,0,0,26
80104112106,0,0,0,0,0,0,0,0,0,0,0,0,0,0,0,0,0,0,0,0,0,0,4,0,0,0,0,0,0,9
80104112107,0,0,0,0,0,0,0,0,0,9,0,0,5,0,0,0,0,0,0,12,8,21,139,79,27,4,0,0,0,277
80104112108,0,0,5,0,0,0,0,0,0,5,0,0,0,0,0,0,0,0,0,9,5,21,65,71,27,5,0,0,0,192
80104112109,0,0,0,0,0,0,0,0,0,0,0,0,0,0,0,0,0,0,0,0,0,3,6,3,3,0,0,0,0,16
80104112110,0,0,0,0,0,0,0,0,0,0,0,0,0,0,0,0,0,0,0,0,0,0,19,14,0,0,0,0,0,42
80104112111,0,0,0,0,0,0,0,0,0,0,0,0,0,0,0,0,0,0,0,0,0,0,0,0,0,0,0,0,0,0
80104112112,0,0,0,0,0,0,0,0,0,0,0,0,0,0,0,0,0,0,0,0,0,0,0,0,0,0,0,0,0,0
80104112113,0,0,0,0,0,0,0,0,0,0,0,0,0,0,0,0,0,0,0,0,0,0,0,0,0,0,0,0,0,0
80104112114,0,0,0,5,0,0,0,0,0,8,0,0,3,4,0,0,0,0,0,10,10,13,63,103,29,6,0,0,0,229
80104112115,0,0,3,3,0,0,0,0,0,5,0,0,5,0,0,0,0,0,0,8,0,8,52,63,21,7,0,0,0,144
80104112202,0,0,0,0,0,0,0,0,0,0,0,0,3,4,0,0,0,0,0,10,9,12,74,87,43,3,4,0,0,219
80104112203,0,0,0,0,0,0,0,0,0,6,0,0,0,0,0,0,0,0,0,6,0,11,37,31,22,3,0,0,0,112
80104112204,0,0,6,0,0,0,0,0,0,9,0,0,0,4,0,0,0,0,0,8,4,16,75,98,24,7,0,0,0,230
80104112205,0,0,0,0,0,0,0,0,0,4,0,0,0,0,0,0,0,0,0,4,0,4,53,71,19,7,3,0,0,158
80104112206,0,0,0,0,0,0,0,0,0,0,0,0,0,0,0,0,0,0,0,0,0,0,9,13,4,0,0,0,0,27
80104112207,0,0,0,0,0,0,0,0,0,0,0,0,0,3,0,0,0,0,0,4,7,3,46,26,13,3,0,0,0,100
80104112208,0,0,0,0,0,0,0,0,0,6,0,0,3,3,0,0,0,0,0,11,5,8,64,109,47,7,0,0,0,242
80104112209,0,0,0,0,0,0,0,0,0,5,0,0,5,0,0,0,0,0,0,6,3,19,73,86,36,8,0,0,0,228
80105104901,29,16,0,0,0,0,0,0,0,48,6,8,0,0,0,0,0,0,0,15,669,547,114,17,3,0,0,0,0,1361
80105104902,0,0,0,0,0,0,0,0,0,0,0,0,0,0,0,0,0,0,0,0,0,0,0,0,0,0,0,0,0,0
80105104903,0,0,0,0,0,0,0,0,0,0,0,0,0,0,0,0,0,0,0,0,0,0,0,0,0,0,0,0,0,0
80105104904,0,0,0,0,0,0,0,0,0,0,0,0,0,0,0,0,0,0,0,0,0,0,0,0,0,0,0,0,0,0
80105105001,0,0,0,5,0,0,0,0,0,5,0,0,0,0,0,0,0,0,0,0,10,20,49,62,55,27,6,0,0,232
80105105002,0,0,0,0,0,0,0,0,0,0,0,3,0,0,0,0,0,0,0,4,5,17,29,34,37,33,4,0,0,170
80105105003,0,0,0,0,0,0,0,0,0,0,0,0,0,0,0,0,0,0,0,0,0,0,0,0,0,0,0,0,0,0
80105105004,0,0,0,0,0,0,0,0,0,0,0,0,0,0,0,0,0,0,0,6,9,15,22,28,29,14,4,0,0,120
80105105005,0,0,0,0,0,0,0,0,0,3,0,0,6,0,0,0,0,0,0,8,26,28,44,60,65,43,9,0,0,269
80105105006,0,0,5,0,0,6,0,0,0,6,0,0,0,0,0,0,0,0,0,4,9,34,45,34,44,29,5,0,0,198
80105105007,0,0,0,0,0,0,0,0,0,3,0,0,0,0,0,0,0,0,0,4,14,7,24,30,33,22,13,0,0,144
80105105008,0,0,0,0,0,0,0,0,0,3,0,0,0,0,0,0,0,0,0,0,3,18,15,35,26,14,7,5,0,119
80105105011,0,0,4,0,3,0,0,0,0,14,0,0,0,0,0,0,0,0,0,4,26,31,52,54,79,56,12,0,0,311
80105105012,0,0,0,0,0,0,0,0,0,8,0,0,0,0,0,0,0,0,0,5,17,16,43,67,47,31,5,0,0,241
80105105013,0,0,0,0,0,0,0,0,0,8,0,0,0,0,0,0,0,0,0,0,24,49,46,53,65,46,7,0,0,291
80105105014,0,0,0,0,0,0,0,0,0,5,0,0,0,0,0,0,0,0,0,0,5,27,23,46,47,23,0,0,0,170
80105105015,0,0,0,0,0,0,0,0,0,0,0,0,0,0,0,0,0,0,0,0,0,8,16,8,9,6,7,0,0,46
80105105016,0,0,0,0,0,0,0,0,0,0,0,0,0,0,0,0,0,0,0,0,6,9,30,29,26,14,4,0,0,120
80105105017,0,0,0,0,0,0,0,0,0,6,0,0,0,0,0,0,0,0,0,0,7,33,25,25,26,15,14,0,0,145
80105105018,0,0,0,0,0,0,0,0,0,4,0,0,0,0,0,0,0,0,0,0,0,10,28,20,18,14,3,0,0,107
80105105101,0,0,8,0,0,0,0,0,0,11,0,0,3,0,0,0,0,0,0,11,5,89,217,54,20,16,0,0,0,406
80105105102,0,0,0,0,0,0,0,0,0,4,0,0,0,0,0,0,0,0,0,4,9,39,78,40,19,30,16,4,0,239
80105105105,0,4,11,0,0,0,0,0,0,28,0,0,5,0,4,0,0,0,0,10,10,153,368,155,56,41,6,0,0,787
80105105109,0,0,3,0,0,6,0,0,0,9,0,0,7,0,0,0,0,0,0,13,7,132,214,95,51,36,13,0,0,546
80105105110,0,0,0,0,0,0,0,0,0,0,0,0,0,0,0,0,0,0,0,0,3,27,95,28,4,3,0,0,0,167
80105105111,0,4,5,4,0,0,0,0,0,10,0,0,0,0,0,0,0,0,0,3,3,93,197,65,30,16,0,0,0,408
80105105112,0,0,4,0,0,0,0,0,0,3,0,0,0,0,0,0,0,0,0,0,0,25,68,31,7,9,0,0,0,146
80105105113,0,0,0,3,0,0,0,0,0,7,0,0,0,0,0,0,0,0,0,3,0,20,112,58,15,15,0,0,0,222
80105105114,0,0,0,0,0,0,0,0,0,0,0,0,0,0,0,0,0,0,0,0,0,0,0,0,0,0,0,0,0,0
80105105115,0,0,0,3,0,0,0,0,0,5,0,0,0,4,0,0,0,0,0,5,3,53,112,46,54,25,7,0,0,291
80105105116,0,0,0,0,0,0,0,0,0,11,0,0,0,0,0,0,0,0,0,8,0,36,133,48,21,6,3,0,0,251
80105105117,0,0,7,0,0,0,0,0,0,3,0,0,0,0,0,0,0,0,0,3,0,27,99,33,19,17,0,0,0,196
80105105118,0,0,0,0,0,0,0,0,0,4,0,0,3,0,0,0,0,0,0,6,0,40,141,58,11,12,0,0,0,264
80105105119,0,0,3,0,0,0,0,0,0,14,0,0,0,0,0,0,0,0,0,3,3,43,151,77,36,12,5,0,0,321
80105105120,0,0,0,0,0,0,0,0,0,5,0,0,0,0,0,0,0,0,0,4,3,66,231,103,35,27,0,0,0,471
80105105301,0,0,0,6,0,0,0,0,0,12,0,0,0,0,0,0,0,0,0,8,9,47,165,92,74,66,18,7,0,480
80105105302,0,0,0,0,0,0,0,0,0,3,0,0,0,0,0,0,0,0,0,6,4,44,163,62,37,25,4,0,0,339
80105105305,0,0,0,0,0,0,0,0,0,0,0,0,0,0,0,0,0,0,0,0,0,0,0,0,0,0,0,0,0,0
80105105306,0,0,0,0,0,0,0,0,0,7,0,0,0,0,0,0,0,0,0,5,5,18,82,40,25,15,9,4,0,193
80105105307,0,6,0,0,0,0,0,0,0,10,3,6,0,0,0,0,0,0,0,12,160,132,25,3,0,0,0,0,0,314
80105105308,0,0,0,0,0,0,0,0,0,3,0,0,0,0,0,0,0,0,0,0,78,117,17,9,0,0,0,0,0,218
80105105311,0,0,5,3,0,0,0,0,0,7,0,6,3,0,0,0,0,0,0,10,3,54,123,40,19,4,3,0,0,242
80105105312,0,0,4,4,0,0,0,0,0,6,0,0,5,3,0,0,0,0,0,13,3,34,152,70,59,31,12,0,0,365
80105105313,0,0,0,0,0,0,0,0,0,0,0,3,7,0,0,0,0,0,0,10,4,54,136,36,21,12,0,0,0,262
80105105314,0,0,8,0,0,0,0,0,0,13,0,0,5,0,0,0,0,0,0,14,9,80,264,79,48,26,11,0,0,519
80105105404,0,4,3,0,0,0,0,0,0,7,0,0,0,0,0,0,0,0,0,5,11,53,59,58,63,28,3,0,0,273
80105105405,0,0,0,0,0,0,0,0,0,0,0,0,0,0,0,0,0,0,0,3,4,18,30,25,20,6,0,0,0,105
80105105406,0,6,0,6,0,0,0,0,0,6,0,3,0,0,0,3,0,0,0,7,16,58,79,77,56,37,8,0,0,320
80105105407,0,0,0,0,4,0,0,0,0,5,0,0,0,0,0,0,0,0,0,10,7,52,95,56,48,27,3,0,0,283
80105105408,0,0,0,0,0,0,0,0,0,0,0,0,0,0,0,0,0,0,0,0,4,41,54,41,20,9,0,0,0,170
80105105409,0,0,4,0,0,0,0,0,0,16,0,0,3,0,0,0,0,0,0,7,10,111,326,103,50,28,0,0,0,621
80105105410,0,6,5,0,0,0,0,0,0,7,0,0,0,0,0,0,0,0,0,7,6,74,185,61,26,20,0,0,0,374
80105105501,3,0,0,0,0,0,0,0,0,10,0,0,0,0,0,0,0,0,0,3,16,33,69,71,50,22,6,0,0,265
80105105502,0,0,4,0,0,0,0,0,0,5,0,0,3,0,6,0,0,0,0,7,11,16,58,55,45,18,0,0,0,197
80105105503,0,0,0,0,0,0,3,0,0,5,0,0,0,3,0,0,0,0,0,3,4,14,38,64,41,16,3,0,0,185
80105105504,0,0,0,0,0,0,4,0,0,3,0,0,0,3,0,0,0,0,0,3,9,48,60,71,33,24,13,0,0,262
80105105505,0,0,4,0,0,0,0,0,0,4,0,0,0,0,0,0,0,0,0,0,9,33,141,75,50,23,7,0,0,344
80105105506,0,0,5,4,0,3,0,0,0,14,0,0,0,0,0,3,0,0,0,3,8,48,96,86,44,22,9,0,0,318
80105105507,0,3,0,0,0,0,0,0,0,12,0,0,0,0,0,0,0,0,0,7,18,47,46,72,51,20,7,4,0,255
80105105508,0,0,0,6,3,0,0,0,0,8,0,0,4,5,0,0,0,0,0,8,12,33,64,98,80,35,11,0,0,331
80105105509,3,0,0,0,3,0,0,0,0,5,0,0,0,0,0,0,0,0,0,6,8,28,53,55,50,23,3,0,0,216
80105105601,0,0,0,0,3,0,0,0,0,9,0,0,4,0,0,0,0,0,0,6,13,31,65,84,73,35,12,0,0,317
80105105602,0,0,0,0,0,0,0,0,0,4,0,0,0,0,0,0,0,0,0,3,11,24,56,76,65,34,7,0,0,274
80105105603,0,0,0,3,0,0,0,0,0,5,0,0,0,0,0,0,0,0,0,0,5,26,41,57,64,33,11,4,0,242
80105105604,0,4,0,0,0,0,0,0,0,5,0,0,0,0,0,4,0,0,0,4,17,7,28,67,67,21,7,0,0,217
80105105605,0,0,0,0,0,0,0,0,0,5,0,4,0,0,0,0,0,0,0,4,13,16,33,64,82,33,4,0,0,249
80105105606,0,0,0,0,0,0,0,0,0,4,0,0,0,0,0,0,0,0,0,3,8,0,7,23,28,26,6,3,0,98
80105105607,0,0,0,0,4,0,0,0,0,3,0,0,0,0,0,0,0,0,0,8,20,9,33,54,79,36,9,0,0,233
80105105701,0,0,0,0,0,0,0,0,0,0,0,0,0,0,0,0,0,0,0,0,0,15,31,38,47,37,17,0,0,194
80105105702,0,0,0,0,0,0,0,0,0,3,0,0,0,0,0,0,0,0,0,0,8,13,40,45,29,17,3,0,0,149
80105105703,0,0,3,0,0,0,0,0,0,4,0,0,0,0,5,0,0,0,0,0,8,16,25,30,29,18,8,0,0,136
80105105704,0,0,0,0,0,0,0,0,0,6,0,0,4,0,0,0,0,0,0,6,9,16,43,32,26,15,7,0,0,154
80105105705,0,0,0,0,6,0,0,0,0,3,0,0,0,0,0,0,0,0,0,3,15,27,32,51,54,36,22,0,0,236
80105105706,0,0,0,0,0,0,0,0,0,8,0,0,0,0,0,0,0,0,0,0,0,25,91,48,14,12,9,0,0,203
80105105708,0,4,0,0,0,4,0,0,0,10,0,0,0,0,0,0,0,0,0,9,17,39,53,52,63,28,15,0,0,271
80105105709,0,4,0,0,0,6,0,0,0,4,0,0,0,0,0,0,0,0,0,3,8,61,88,71,39,21,7,0,0,289
80105105711,0,0,4,3,5,0,0,0,0,10,0,4,10,0,0,0,0,0,0,13,7,100,329,151,78,37,7,0,0,709
80105105712,0,0,6,0,0,0,0,0,0,7,0,0,3,0,0,0,0,0,0,11,8,73,267,78,31,15,3,0,0,474
80105105713,4,0,5,0,0,0,0,0,0,4,0,0,0,4,0,0,0,0,0,4,8,30,37,39,46,26,3,0,0,189
80105105714,0,0,0,0,0,0,0,0,0,0,0,0,7,0,0,0,0,0,0,5,10,22,48,29,41,20,4,0,0,165
80105105715,0,0,0,3,0,0,0,0,0,5,0,0,0,0,0,0,0,0,0,0,5,37,74,32,24,9,0,0,0,186
80105105801,0,0,0,3,4,6,0,0,0,5,0,0,0,0,0,4,0,0,0,4,19,35,46,62,101,60,10,6,0,336
80105105802,0,0,0,0,0,0,0,0,0,0,0,0,3,0,4,0,0,0,0,7,9,59,53,43,56,24,3,0,0,253
80105105803,0,4,0,0,3,0,0,0,0,8,0,0,0,0,0,0,0,0,0,8,9,55,115,65,31,24,6,0,0,305
80105105804,0,5,0,0,0,0,0,0,0,5,0,0,0,0,0,0,0,0,0,5,19,42,32,34,40,27,7,0,0,188
80105105805,0,0,0,0,4,0,0,0,0,3,0,0,0,0,0,0,0,0,0,5,5,6,21,28,31,15,3,0,0,119
80105105806,0,0,0,0,0,0,0,0,0,0,0,0,0,0,0,0,0,0,0,0,3,27,40,40,28,13,10,0,0,166
80105105807,0,4,0,0,0,0,0,0,0,4,0,3,0,0,0,0,0,0,0,9,16,72,47,43,83,41,14,0,0,322
80105105808,0,0,4,0,0,0,0,0,0,6,0,0,0,0,0,0,0,0,0,3,13,43,63,47,78,62,10,0,0,311
80105105809,0,3,0,0,0,0,0,0,0,4,0,0,0,0,0,0,0,0,0,3,18,35,22,27,66,30,8,0,0,213
80105105810,0,0,0,0,0,0,0,0,0,0,0,0,0,0,0,0,0,0,0,0,11,45,36,31,54,16,12,4,0,203
80105105811,0,0,0,0,6,0,0,0,0,3,0,0,0,0,3,0,0,0,0,4,18,33,57,62,64,51,16,0,0,303
80105105812,0,0,4,0,0,3,0,0,0,12,0,0,3,0,0,0,0,0,0,3,4,60,65,46,43,32,13,0,0,257
80105105813,0,0,5,0,0,0,0,0,0,0,0,0,0,4,0,0,0,0,0,3,4,75,172,71,52,24,0,0,0,402
80105105814,0,0,0,0,0,0,0,0,0,0,0,0,0,0,0,0,0,0,0,0,0,0,0,0,0,0,0,0,0,0
80105106003,0,5,4,3,0,0,0,0,0,12,0,4,3,0,0,0,0,0,0,6,4,106,237,112,46,23,7,0,0,531
80105106006,0,0,0,0,0,0,0,0,0,3,0,0,0,0,0,0,0,0,0,0,17,68,74,45,55,22,7,0,0,298
80105106007,0,0,0,0,0,3,0,0,0,4,0,0,0,0,0,0,0,0,0,4,14,32,25,29,41,20,12,0,0,169
80105106008,0,0,0,0,0,0,0,0,0,7,0,0,4,0,0,0,0,0,0,3,6,70,168,54,26,10,0,0,0,337
80105106009,0,0,0,0,0,0,0,0,0,0,0,0,0,0,0,0,0,0,0,0,0,4,3,0,0,0,0,0,0,9
80105106010,0,0,0,0,0,0,0,0,0,4,0,0,0,0,0,0,0,0,0,3,4,40,123,50,19,9,0,0,0,255
80105106011,0,0,0,0,0,3,0,0,0,4,0,0,4,0,0,0,0,0,0,3,7,38,81,35,33,15,7,0,0,219
80105106012,0,0,5,0,0,0,0,0,0,4,0,0,0,0,0,0,4,0,0,4,7,68,155,60,32,29,10,0,0,352
80105106013,0,0,0,0,0,0,0,0,0,0,0,0,0,0,0,0,0,0,0,0,0,15,41,14,11,8,0,0,0,96
80105106014,0,5,3,0,0,0,0,0,0,11,0,4,4,0,0,0,0,0,0,10,4,105,218,98,32,22,5,0,0,487
80105106015,0,0,0,0,0,0,0,0,0,0,0,0,0,0,0,0,0,0,0,4,10,51,110,46,34,26,12,6,0,295
80105106101,0,0,3,0,0,0,0,0,0,13,0,0,4,0,5,0,0,0,0,6,11,10,47,48,49,27,5,0,0,201
80105106102,0,0,0,0,0,0,0,0,0,6,0,0,0,0,3,0,0,0,0,10,9,16,54,36,47,24,4,0,0,199
80105106103,0,0,7,6,0,0,0,0,0,11,0,0,0,0,0,0,0,0,0,4,6,25,79,94,46,31,4,0,0,282
80105106106,0,5,0,0,0,0,0,0,0,3,0,0,0,0,0,0,0,0,0,3,3,30,21,37,37,8,8,3,0,150
80105106107,0,0,0,3,5,0,0,0,0,7,0,0,0,0,0,0,0,0,0,3,8,27,40,49,40,24,7,0,0,193
80105106108,0,0,3,0,3,0,0,0,0,3,0,0,4,4,0,0,0,0,0,6,12,27,80,79,45,38,5,0,0,282
80105106109,5,0,0,0,0,0,0,0,0,10,0,0,0,0,0,0,0,0,0,0,16,18,37,59,61,52,5,0,0,243
80105106110,0,0,0,4,0,0,0,0,0,7,0,0,0,5,5,0,0,0,0,7,10,11,48,70,55,23,9,0,0,225
80105106111,0,0,0,0,0,0,0,0,0,4,0,0,0,0,0,0,0,0,0,0,10,17,20,64,35,12,3,0,0,158
80105106112,0,0,0,3,0,0,0,0,0,10,0,0,0,0,0,0,0,0,0,0,6,26,41,42,37,20,0,0,0,178
80105106113,0,0,0,3,0,0,0,0,0,3,0,0,0,0,0,0,0,0,0,0,8,25,53,61,34,13,0,0,0,196
80105106114,0,0,5,5,0,0,0,0,0,8,0,0,3,0,0,0,0,0,0,8,7,38,191,104,47,16,7,0,0,411
80105106116,0,0,7,4,0,0,0,0,0,11,0,0,8,0,0,0,0,0,0,11,5,44,173,110,48,21,6,0,0,409
80105106117,0,0,0,0,0,0,0,0,0,0,0,0,0,0,0,0,0,0,0,0,0,0,0,0,0,0,0,0,0,0
80105106118,0,0,0,0,0,0,0,0,0,0,0,0,0,0,0,0,0,0,0,0,0,0,0,0,0,0,0,0,0,0
80105106119,0,0,0,0,0,0,0,0,0,3,0,0,0,0,0,0,0,0,0,0,18,29,39,65,65,35,7,0,4,250
80105106120,0,0,0,0,0,0,0,0,0,4,0,0,0,0,0,0,0,0,0,9,13,24,177,130,54,21,4,0,0,420
80105106121,0,0,0,0,0,0,0,0,0,0,0,0,0,0,0,0,0,0,0,0,3,7,11,51,51,22,0,0,0,152
80105112301,0,0,0,0,0,0,0,0,0,0,0,0,0,0,0,0,0,0,0,0,0,0,0,0,0,0,0,0,0,0
80105112401,0,0,0,0,0,0,0,0,0,8,0,0,0,0,0,0,0,0,0,0,19,53,75,55,55,35,9,5,0,299
80105112402,0,0,0,0,0,0,0,0,0,7,0,0,0,6,0,0,0,0,0,6,12,31,62,41,48,27,13,0,0,229
80105112403,0,0,0,0,0,0,0,0,0,0,0,3,0,0,0,0,0,0,0,0,16,32,35,52,60,31,14,3,0,236
80105112404,0,3,3,0,0,0,0,0,0,6,0,0,0,0,3,0,0,0,0,8,10,47,59,53,57,46,13,0,0,288
80105112405,0,0,0,0,0,0,0,0,0,6,0,0,0,0,0,0,0,0,0,0,20,25,20,21,66,40,15,5,0,207
80105112406,0,0,0,0,0,3,0,0,0,4,0,0,0,0,6,0,0,0,0,0,13,49,28,33,59,42,9,0,0,238
80105112407,0,0,0,5,0,0,0,0,0,4,0,0,0,4,3,0,0,0,0,7,18,60,135,82,64,53,17,0,0,428
80105112408,0,3,3,0,4,0,0,0,0,11,0,0,0,0,0,0,0,0,0,0,7,19,19,33,35,24,10,0,0,153
80105112410,0,0,0,0,0,0,0,0,0,7,0,0,0,0,3,0,0,0,0,8,5,48,118,46,45,23,11,0,0,286
80105112411,0,3,3,0,0,0,0,0,0,11,0,0,0,0,0,0,0,0,0,3,5,33,127,65,50,43,9,0,0,336
80105112501,0,4,0,0,0,0,0,0,0,6,0,0,5,0,0,0,0,0,0,7,29,132,161,84,31,12,0,0,0,455
80105112502,0,0,0,0,0,0,0,0,0,0,0,3,0,0,0,0,0,0,0,3,354,584,22,6,0,3,0,0,0,975
80105112601,0,0,0,0,0,0,0,0,0,0,0,0,0,0,0,0,0,0,0,0,0,0,0,0,0,0,0,0,0,0
80105112602,0,0,0,0,0,0,0,0,0,0,0,0,0,0,0,0,0,0,0,0,0,0,0,0,0,0,0,0,0,0
80105112701,0,0,0,0,0,0,0,0,0,4,0,0,0,0,0,0,0,0,0,0,4,23,31,12,23,18,0,0,0,115
80105112702,0,0,0,0,0,0,0,0,0,5,0,0,0,0,0,0,5,0,0,6,6,50,125,47,32,22,6,0,0,294
80105112703,0,6,3,0,4,0,0,0,0,11,0,0,3,0,0,0,0,0,0,3,10,57,71,47,43,64,27,0,0,317
80105112704,0,0,0,0,0,0,0,0,0,0,0,0,0,0,0,0,0,0,0,3,5,20,18,23,29,44,13,0,0,152
80105112801,0,0,0,0,0,0,0,0,0,0,0,0,0,0,0,0,0,0,0,0,0,0,0,0,0,0,0,0,0,0
80106106201,0,0,0,0,0,3,0,0,0,6,0,0,0,0,0,0,0,0,0,3,5,7,20,38,25,32,10,4,0,142
80106106202,0,4,0,0,4,0,0,0,0,11,0,0,0,0,0,0,0,0,0,3,27,25,37,44,70,50,18,11,0,283
80106106203,0,0,0,0,0,0,0,0,0,0,0,0,0,0,0,0,0,0,0,0,0,0,0,0,0,0,0,0,0,3
80106106204,0,0,0,0,0,3,0,0,0,7,0,0,0,0,0,0,0,0,0,3,6,12,36,49,30,20,9,3,0,166
80106106205,0,0,3,0,0,5,0,0,0,10,0,0,0,0,0,0,0,0,0,9,10,27,58,75,64,37,6,4,0,284
80106106206,0,0,0,0,0,0,0,0,0,0,0,0,0,0,0,0,0,0,0,0,15,10,13,29,37,30,10,3,0,142
80106106207,0,0,0,0,0,0,3,0,0,3,0,0,0,0,0,0,0,0,0,7,14,13,28,42,47,30,14,5,0,191
80106106208,0,0,0,0,0,0,0,0,0,5,0,0,0,0,0,0,0,0,0,3,6,19,11,36,49,29,12,3,0,165
80106106209,0,0,0,0,0,0,0,0,0,5,0,0,0,0,0,0,0,0,0,3,14,22,17,18,49,24,14,0,0,165
80106106301,0,0,0,4,8,4,7,0,0,19,0,0,0,0,0,0,0,0,0,4,11,34,200,105,110,90,49,8,0,595
80106106302,0,0,0,0,0,0,0,0,0,0,0,0,0,0,4,0,0,0,0,8,3,6,16,22,42,30,16,5,0,131
80106106303,0,0,0,0,0,0,0,0,0,3,0,0,0,0,0,0,0,0,0,0,9,9,32,36,49,41,12,5,0,197
80106106304,0,0,0,0,0,0,0,0,0,0,0,0,0,0,0,0,0,0,0,3,13,14,14,13,47,35,10,3,0,150
80106106401,0,0,0,3,0,0,0,0,0,3,0,0,5,0,0,0,4,0,0,9,4,18,83,44,25,27,14,0,0,211
80106106402,0,0,0,0,0,0,0,0,0,0,4,0,0,0,0,0,0,0,0,5,25,26,31,42,82,58,22,5,0,302
80106106403,0,0,0,0,0,0,0,0,0,0,0,0,0,0,0,0,0,0,0,0,7,9,44,27,35,34,15,0,0,172
80106106405,0,0,0,0,3,0,0,0,0,9,0,0,0,0,0,0,0,0,0,11,23,11,70,82,83,69,17,9,0,367
80106106407,0,0,0,0,0,0,0,0,0,0,0,0,0,0,0,0,0,0,0,0,13,17,11,24,52,32,6,0,0,159
80106106409,0,0,0,0,0,0,0,0,0,0,0,0,0,0,0,0,0,0,0,0,0,0,0,0,0,0,0,0,0,0
80106106410,0,0,0,0,0,0,0,0,0,4,0,0,0,0,0,0,0,0,0,0,5,10,48,28,15,16,6,0,0,134
80106106411,0,0,0,4,0,0,0,0,0,9,0,3,0,0,3,0,0,0,0,5,10,46,215,100,55,40,3,0,0,461
80106106413,0,0,0,0,3,0,0,0,0,5,0,0,0,0,0,0,0,0,0,4,14,5,12,25,51,41,19,0,0,174
80106106414,0,0,0,0,0,0,0,0,0,0,0,0,0,0,0,0,0,0,0,0,0,0,12,5,0,7,0,0,0,31
80106106415,0,0,0,0,0,0,0,0,0,0,0,0,0,6,0,0,0,0,0,6,13,10,7,47,55,24,14,0,0,177
80106106416,0,0,3,0,0,0,0,0,0,8,0,0,0,0,0,0,0,0,0,0,17,12,14,45,55,29,6,4,0,182
80106106417,0,0,0,3,0,0,0,0,0,4,0,0,0,0,0,0,0,0,0,0,0,6,26,13,9,9,4,0,0,62
80106106418,0,0,0,0,0,0,0,0,0,0,0,0,0,0,0,0,0,0,0,6,3,27,121,43,29,15,3,0,0,251
80106106419,0,0,0,3,0,0,0,0,0,5,0,0,4,0,0,0,0,0,0,4,5,33,124,52,26,16,0,0,0,256
80106106420,0,4,0,0,0,0,0,0,0,6,0,0,0,3,0,0,0,0,0,0,0,32,143,53,34,9,3,0,0,278
80106106601,0,0,0,0,0,0,0,0,0,0,0,0,0,0,0,0,0,0,0,0,0,0,0,0,0,0,0,0,0,0
80106106701,0,0,0,0,0,0,0,0,0,3,0,0,0,3,4,0,0,0,0,11,9,15,46,65,43,24,5,0,0,203
80106106702,0,0,0,0,5,0,0,0,0,4,0,0,0,0,0,0,0,0,0,3,3,12,9,32,40,9,0,0,0,112
80106106703,0,0,0,0,3,0,0,0,0,3,0,0,0,0,0,0,0,0,0,0,13,12,43,40,30,25,9,0,0,177
80106106704,0,0,0,0,0,0,0,0,0,0,0,0,0,0,0,0,0,0,0,0,8,9,46,42,31,24,3,0,0,166
80106106705,0,0,0,0,0,0,0,0,0,5,0,0,3,0,3,0,0,0,0,10,8,19,22,45,32,20,3,0,0,153
80106106706,0,0,4,4,0,0,0,0,0,5,0,0,3,0,0,0,0,0,0,5,7,14,52,62,48,21,3,0,0,210
80106106707,0,0,0,0,0,0,0,0,0,10,0,0,4,0,0,0,0,0,0,8,5,9,60,46,38,26,15,0,0,191
80106106708,0,0,3,0,0,4,0,0,0,7,0,0,0,0,0,0,0,0,0,0,14,9,31,48,72,36,10,0,0,226
80106106709,0,0,0,0,0,0,0,0,0,0,0,0,0,0,0,0,0,0,0,0,4,5,14,44,33,16,3,0,0,120
80106106710,0,0,0,0,0,0,0,0,0,0,0,0,0,0,0,0,0,0,0,5,15,14,15,53,49,30,7,0,0,175
80106106712,0,0,0,0,0,0,0,0,0,0,0,0,0,0,0,0,0,0,0,5,17,15,46,53,45,40,4,0,0,213
80106106713,0,0,0,0,0,0,0,0,0,7,0,0,0,0,0,0,0,0,0,0,9,18,29,26,35,40,8,7,0,179
80106106714,0,0,0,0,0,0,0,0,0,3,0,0,0,0,0,0,0,0,0,5,9,16,11,28,38,33,11,0,0,144
80106106715,0,4,0,0,0,0,0,0,0,3,0,0,0,0,0,0,0,0,0,3,6,18,21,43,57,38,13,6,0,199
80106106716,0,0,0,0,0,5,0,0,0,8,0,0,0,0,0,0,0,0,0,0,12,9,15,33,49,28,11,0,0,147
80106106717,0,0,0,0,0,5,0,0,0,10,0,5,0,4,0,0,0,0,0,8,6,21,76,54,35,27,6,0,0,231
80106106718,0,0,0,0,0,0,0,0,0,0,0,0,0,0,0,0,0,0,0,0,0,0,0,4,0,4,0,0,0,19
80106106719,0,0,0,0,4,0,0,0,0,7,0,0,6,3,3,0,0,0,0,14,10,27,135,72,63,27,4,0,0,352
80106106801,0,0,0,0,0,0,0,0,0,0,0,0,0,0,0,0,0,0,0,0,0,0,0,0,0,0,0,0,0,0
80106106901,0,0,0,0,0,0,0,0,0,7,0,0,0,0,0,0,0,0,0,0,12,12,15,24,43,28,9,0,0,157
80106106902,0,0,0,3,0,0,0,0,0,3,0,0,0,0,0,0,0,0,0,5,20,20,15,18,27,18,11,6,5,133
80106106903,0,0,0,0,0,0,0,0,0,3,0,0,0,0,0,3,0,0,0,6,18,13,16,44,65,48,16,0,0,218
80106106904,0,0,0,3,0,0,0,0,0,5,0,0,0,0,0,0,0,0,0,0,7,10,12,24,36,21,8,0,0,115
80106106905,0,0,0,0,3,0,0,0,0,4,0,0,0,0,0,0,0,0,0,4,18,30,39,77,87,47,11,5,3,317
80106106906,0,0,0,5,0,0,0,0,0,6,0,0,0,0,0,4,0,0,0,10,13,33,71,73,72,51,6,0,0,319
80106106907,0,0,0,0,0,0,0,0,0,3,0,0,0,0,0,0,0,0,0,0,17,10,14,19,42,41,23,5,0,176
80106106908,0,0,0,0,0,0,0,0,0,0,0,0,0,0,0,0,0,0,0,0,0,0,0,0,0,0,0,0,0,0
80106106909,0,0,0,3,0,0,0,0,0,3,0,0,0,0,0,0,0,0,0,4,15,12,15,34,47,61,8,0,0,195
80106107001,0,0,0,0,0,0,4,0,0,3,0,0,0,0,0,0,0,0,0,0,16,4,8,30,38,29,19,0,0,146
80106107002,0,0,0,0,0,0,0,0,0,4,0,0,0,0,0,0,0,0,0,3,8,11,16,60,55,50,20,8,0,227
80106107003,0,0,0,0,7,0,0,0,0,14,0,0,0,0,5,0,0,0,0,6,16,12,22,43,40,47,26,0,0,209
80106107004,0,0,0,0,0,0,0,0,0,0,5,0,0,0,0,5,0,0,0,4,7,9,4,22,27,43,5,5,0,111
80106107005,0,0,0,0,0,0,0,0,0,6,0,0,0,0,0,0,0,0,0,3,5,16,21,53,59,44,18,0,0,222
80106107006,0,0,0,0,0,0,0,0,0,0,0,0,0,0,0,0,0,0,0,0,11,11,11,26,38,30,17,0,0,151
80106107007,0,0,0,0,0,0,0,0,0,4,0,3,0,0,0,0,0,0,6,5,14,27,73,57,60,61,16,0,6,301
80106107008,0,0,0,0,0,0,0,0,0,0,0,0,0,0,3,4,0,0,0,3,5,9,5,13,37,26,10,4,0,122
80106112901,0,0,0,0,3,3,0,0,0,8,0,0,3,0,6,0,0,0,0,7,6,30,136,83,84,58,32,4,0,432
80106112902,0,0,0,3,0,0,0,0,0,3,0,0,0,0,0,0,0,0,0,0,14,20,54,42,33,28,16,0,0,208
80106112903,0,0,0,0,3,4,0,0,0,10,0,0,3,5,0,0,0,0,0,4,0,58,238,113,89,73,24,0,0,598
80106113002,0,0,0,0,0,0,0,0,0,0,0,0,0,0,0,0,0,0,0,0,0,0,0,0,0,0,0,0,0,3
80106113003,0,0,0,0,0,0,0,0,0,0,0,0,0,0,0,0,0,0,0,0,0,0,5,0,0,0,0,0,0,7
80106113004,0,0,0,0,0,0,0,0,0,0,0,0,0,0,0,0,0,0,0,0,0,0,0,0,0,0,0,0,0,3
80106113005,0,0,0,0,0,0,0,0,0,0,0,0,0,0,0,0,0,0,0,0,0,0,0,0,0,0,0,0,0,0
80106113006,0,0,0,0,0,0,0,0,0,0,0,0,0,0,0,0,0,0,0,0,0,0,0,0,0,0,0,0,0,0
80106113007,0,0,5,0,0,0,0,0,0,4,0,0,0,0,0,0,0,0,0,0,0,0,5,3,0,3,0,0,0,7
80106113101,0,0,5,4,0,3,0,0,0,12,0,0,0,0,0,0,0,0,0,3,0,16,110,57,37,31,5,0,0,261
80106113103,3,0,3,0,3,0,0,0,0,11,0,0,0,0,0,0,0,0,0,5,11,39,205,122,72,34,3,3,0,491
80106113104,0,0,0,0,0,0,0,0,0,6,0,0,0,0,0,0,0,0,0,0,0,20,54,33,17,12,3,0,0,138
80106113106,0,0,0,0,0,0,0,0,0,8,0,4,4,5,0,3,0,0,0,12,0,45,180,108,59,54,23,5,0,478
80106113107,0,0,0,0,5,3,0,0,0,8,0,0,0,0,0,0,0,0,0,6,4,15,126,72,65,48,14,0,0,342
80106113108,0,0,5,5,0,0,0,0,0,13,0,3,0,3,0,0,0,0,0,8,13,33,111,80,44,31,13,0,0,313
80106113109,0,0,0,0,0,0,0,0,0,0,0,0,0,4,0,0,0,0,0,10,5,31,154,90,29,38,6,0,0,352
80106113111,0,0,0,0,0,0,0,0,0,0,0,0,0,0,0,0,0,0,0,0,0,0,0,0,0,0,0,0,0,4
80106113112,0,0,0,6,0,4,0,0,0,7,0,0,6,0,0,0,0,0,0,9,9,19,103,60,30,12,0,4,0,238
80106113113,0,0,0,0,0,0,0,0,0,8,0,0,5,0,0,0,0,0,0,4,4,19,88,45,57,41,33,5,0,302
80106113114,0,0,0,3,0,0,0,0,0,3,0,0,0,0,0,0,0,0,0,4,0,14,95,70,42,30,4,3,0,259
80106113115,0,0,0,0,0,0,0,0,0,6,0,0,0,0,5,0,0,0,0,6,9,19,75,33,28,46,18,0,0,224
80106113116,0,6,0,0,0,0,0,0,0,8,0,0,0,0,0,0,0,0,0,0,0,8,33,28,30,18,5,0,0,128
80106113117,0,0,0,0,0,0,0,0,0,4,0,0,0,0,0,0,0,0,0,0,0,32,88,73,38,19,7,0,0,251
80106113118,0,0,3,0,0,0,0,0,0,5,0,0,0,3,0,0,0,0,0,4,4,33,166,92,28,15,5,0,0,346
80106113119,0,0,0,3,0,0,0,0,0,5,0,0,4,0,0,0,0,0,0,7,5,31,149,51,31,16,7,0,0,291
80107107101,0,0,0,0,0,0,0,0,0,0,0,0,0,0,0,0,0,0,0,0,0,0,0,0,0,0,0,0,0,0
80107107102,0,0,0,0,4,0,0,0,0,5,0,0,0,0,0,0,0,0,0,9,28,34,31,85,103,44,5,0,0,320
80107107104,0,0,3,5,4,0,0,0,0,18,0,0,0,0,4,0,0,0,0,3,13,16,26,31,42,29,10,0,0,165
80107107105,0,0,6,0,0,4,0,0,0,10,0,0,5,0,3,0,0,0,0,4,8,25,61,67,49,44,7,0,0,270
80107107106,4,0,5,0,0,0,0,0,0,11,0,0,0,4,0,0,0,0,0,3,17,21,55,70,30,24,0,0,0,207
80107107107,0,0,0,0,0,0,0,0,0,5,0,0,3,0,0,0,0,0,0,4,7,12,68,28,37,29,0,0,0,190
80107107108,0,6,5,5,4,0,0,0,0,17,0,0,3,3,0,0,0,0,0,11,20,43,78,85,76,43,7,5,0,345
80107107109,0,0,3,0,0,0,0,0,0,9,0,0,3,0,3,0,0,0,0,5,16,31,53,50,60,25,4,0,0,234
80107107110,0,0,6,4,0,0,0,0,0,15,0,0,0,0,0,0,0,0,0,3,22,42,107,106,72,42,10,0,0,399
80107107111,0,0,0,0,0,0,0,0,0,5,0,0,0,0,0,0,0,0,0,3,12,18,24,24,46,25,4,0,0,156
80107107112,0,4,3,0,0,0,0,0,0,10,0,0,0,3,6,3,0,0,0,9,29,33,52,74,99,66,11,5,0,362
80107107113,0,0,3,0,0,0,0,0,0,0,0,0,4,0,0,0,0,0,0,3,11,15,39,31,39,17,0,0,0,148
80107107114,3,0,7,0,6,0,0,0,0,6,0,0,4,0,0,0,0,0,0,13,9,20,49,36,45,30,0,0,0,194
80107107202,0,0,0,0,0,0,0,0,0,4,0,0,0,0,0,0,0,0,0,0,8,10,30,40,24,29,10,0,0,156
80107107203,0,0,0,0,4,0,0,0,0,9,0,0,0,0,0,0,0,0,0,6,23,14,32,59,46,34,5,0,0,221
80107107204,0,0,0,0,0,0,0,0,0,7,0,0,0,0,0,0,0,0,0,3,10,16,53,50,47,43,16,0,0,235
80107107205,0,0,4,0,0,0,0,0,0,5,0,0,0,4,0,0,0,0,0,8,35,26,68,98,116,32,16,0,0,378
80107107206,0,0,7,5,6,0,0,0,0,16,0,0,0,0,0,0,0,0,0,4,5,32,85,66,54,44,11,0,0,299
80107107207,0,0,0,0,0,3,0,0,0,8,0,0,0,0,0,0,0,0,0,0,11,23,50,40,42,43,9,0,0,211
80107107208,6,8,0,3,0,5,0,0,0,15,0,0,0,0,0,0,0,0,0,3,21,38,58,57,57,47,9,0,0,291
80107107209,0,0,0,0,0,0,0,0,0,0,0,0,0,0,0,0,0,0,0,0,0,0,0,0,0,0,0,0,0,0
80107107210,0,0,0,0,0,0,0,0,0,4,0,3,0,4,0,0,0,0,0,13,13,18,39,37,44,29,7,0,0,181
80107107211,0,0,0,0,0,0,0,0,0,0,0,0,0,0,0,0,0,0,0,0,8,10,12,26,27,31,3,0,0,114
80107107301,0,3,0,0,0,0,0,0,0,7,0,0,0,0,0,0,0,0,0,3,13,24,66,52,44,40,6,0,0,258
80107107302,0,6,0,0,0,0,0,0,0,10,0,0,3,0,0,0,0,0,0,5,12,29,48,52,44,52,14,4,0,246
80107107303,5,0,0,0,6,5,0,0,0,12,0,0,4,0,0,0,0,0,0,4,19,29,57,65,62,51,9,0,0,288
80107107304,0,0,0,0,0,0,0,0,0,0,0,0,0,0,0,0,0,0,0,0,4,21,61,46,28,31,3,0,0,192
80107107307,0,0,0,0,0,5,0,0,0,9,0,0,3,0,0,5,0,0,0,8,12,20,58,58,43,45,3,0,0,239
80107107308,0,0,0,0,0,0,0,0,0,0,0,0,0,0,0,0,0,0,0,0,9,16,28,21,48,39,10,0,0,174
80107107309,0,0,3,0,4,0,0,0,0,9,0,0,5,0,0,0,0,0,0,9,18,32,56,73,71,55,6,0,0,309
80107107310,0,0,0,0,4,3,0,0,0,8,0,0,0,0,0,0,0,0,0,0,16,29,33,34,48,51,15,0,0,229
80107107311,0,0,4,0,4,0,0,0,0,10,0,0,5,0,0,0,0,0,0,7,17,21,102,58,73,46,11,0,0,322
80107107312,0,0,3,0,0,0,0,0,0,5,0,0,0,0,0,0,0,0,0,6,14,18,33,35,67,37,10,0,0,210
80107107313,0,0,6,0,0,0,0,0,0,8,0,0,0,0,0,0,0,0,0,3,11,19,76,33,26,33,3,0,0,199
80107107314,0,0,0,0,0,0,0,0,0,5,0,0,0,0,0,0,0,0,0,0,8,13,25,34,32,21,9,0,0,148
80107107315,0,0,0,0,0,0,0,0,0,0,0,0,0,0,0,0,0,0,0,0,0,0,0,0,0,0,0,0,0,0
80107107316,0,0,0,3,0,0,0,0,0,3,0,0,0,0,0,0,0,0,0,3,4,10,54,43,19,24,6,0,0,161
80107107317,0,0,0,0,0,0,0,0,0,6,0,0,0,0,0,0,0,0,0,9,13,20,33,44,58,28,0,0,0,205
80107107401,0,3,0,3,0,0,0,0,0,9,0,0,0,0,3,0,0,0,0,0,8,27,34,56,46,42,11,3,0,223
80107107402,3,0,0,5,3,0,0,0,0,10,0,0,3,0,0,0,0,0,0,3,19,16,63,62,60,38,12,0,0,267
80107107403,0,0,0,0,0,4,0,0,0,7,0,0,0,0,0,0,0,0,0,0,7,5,27,33,30,40,10,0,0,158
80107107404,0,0,0,0,0,0,0,0,0,4,0,0,3,0,0,0,0,0,0,3,5,6,38,38,23,20,6,0,0,139
80107107405,0,4,3,9,5,3,0,0,0,12,0,0,3,0,0,3,0,0,0,8,14,33,62,57,39,38,3,0,0,241
80107107406,0,0,5,0,0,0,0,0,0,9,0,0,3,3,0,0,0,0,0,9,15,24,76,46,47,53,8,0,0,255
80107107407,0,0,4,3,0,0,0,0,0,9,0,0,0,0,0,0,0,0,0,8,16,31,53,90,51,40,18,0,0,300
80107107408,0,0,0,0,0,0,0,0,0,3,0,0,0,0,0,0,0,0,0,3,10,13,14,33,18,33,9,0,0,127
80107107409,6,0,3,0,4,0,0,0,0,14,0,0,0,0,0,0,0,0,0,3,17,16,60,46,48,59,11,0,0,263
80107107410,0,0,3,0,0,0,0,0,0,7,0,0,0,0,3,0,0,0,0,4,7,18,40,28,50,28,8,0,0,174
80107107411,0,0,3,3,6,0,0,0,0,12,0,0,0,0,3,0,0,0,0,5,15,27,68,45,69,48,11,0,0,279
80107107412,0,0,0,0,0,4,0,0,0,8,0,0,3,0,3,0,0,0,0,6,10,13,29,33,22,23,7,0,0,138
80107107413,0,0,0,0,0,0,0,0,0,0,0,0,0,0,0,0,0,0,0,3,13,13,35,39,25,41,6,0,0,178
80107107502,0,0,5,0,0,0,0,0,0,6,0,0,0,0,0,0,0,0,0,0,16,22,32,37,60,41,3,0,0,207
80107107503,0,0,0,0,0,0,0,0,0,0,0,0,0,0,0,0,0,0,0,4,28,23,19,31,74,36,4,0,0,213
80107107504,0,0,3,3,0,0,0,0,0,5,0,0,0,0,0,0,0,0,0,0,8,19,59,55,36,30,9,0,0,208
80107107505,0,0,0,0,0,0,0,0,0,9,0,0,0,0,0,0,0,0,0,4,24,30,58,56,69,46,10,0,0,296
80107107506,0,0,0,0,0,4,0,0,0,8,0,0,0,0,0,0,0,0,0,5,12,31,57,66,50,30,5,0,0,252
80107107507,0,0,4,0,4,0,0,0,0,11,0,0,0,0,0,0,0,0,0,3,13,13,58,52,53,30,5,0,0,224
80107107508,0,0,6,0,0,3,0,0,0,12,0,0,0,0,0,0,0,0,0,0,14,27,29,36,53,32,13,0,0,203
80107107509,0,0,0,0,0,0,0,0,0,0,0,0,0,0,0,0,0,0,0,0,11,8,13,26,22,28,3,0,0,116
80107107510,0,3,0,3,5,6,0,0,0,11,0,0,0,0,0,0,0,0,0,7,27,29,41,68,80,54,4,0,0,307
80107107512,4,0,0,0,4,0,0,0,0,7,0,0,0,0,0,0,0,0,0,5,10,18,22,24,43,35,3,0,0,167
80107107513,0,0,3,0,0,0,0,0,0,7,0,0,0,0,0,0,0,0,0,0,10,14,23,35,45,36,4,0,0,171
80107107514,0,0,0,0,0,0,0,0,0,0,0,0,0,0,0,0,0,0,0,0,0,0,0,0,0,0,0,0,0,0
80107107515,0,0,0,0,0,0,0,0,0,0,0,0,0,0,0,0,0,0,0,0,0,0,0,0,0,0,0,0,0,0
80107107516,0,0,0,0,3,0,0,0,0,6,0,0,8,0,0,0,0,0,0,11,23,32,84,71,77,43,10,0,0,331
80107107517,0,0,0,0,0,0,0,0,0,0,0,0,0,0,0,0,0,0,0,6,18,20,17,29,66,33,4,0,0,189
80107107601,0,0,0,0,0,0,0,0,0,3,0,0,0,0,0,0,0,0,0,0,13,22,27,36,42,53,13,0,0,191
80107107602,0,0,0,0,0,0,0,0,0,3,0,0,0,0,0,0,0,0,0,3,12,12,27,49,56,36,11,5,0,204
80107107603,0,0,0,3,0,0,0,0,0,8,0,0,0,0,0,0,0,0,0,4,11,9,31,52,38,28,15,0,0,191
80107107604,0,0,0,0,0,0,0,0,0,8,0,0,5,6,0,0,0,0,0,3,5,15,27,73,39,33,18,0,0,210
80107107605,0,0,0,0,0,0,0,0,0,3,0,0,0,0,0,0,0,0,0,0,9,14,26,44,50,40,12,4,0,205
80107107606,0,0,0,0,0,0,0,0,0,0,0,0,0,0,0,0,0,0,0,4,20,23,25,59,55,39,10,4,0,231
80107107607,0,0,0,0,0,0,0,0,0,0,0,0,0,0,0,0,0,0,0,0,0,0,0,0,0,0,0,0,0,0
80107107608,0,0,0,5,0,0,0,0,0,8,0,0,0,0,0,0,0,0,0,0,19,19,20,60,56,33,16,8,0,230
80107107609,0,0,0,0,5,0,0,0,0,5,0,0,0,0,0,0,0,0,0,0,11,5,18,22,37,28,11,0,0,132
80107107701,0,4,3,11,6,0,0,0,0,21,0,0,0,0,0,0,0,0,0,4,23,33,72,64,60,67,16,0,0,329
80107107702,0,4,0,6,0,0,0,0,0,11,0,0,3,0,0,0,0,0,0,5,3,18,42,43,33,32,3,0,0,176
80107107703,5,0,0,0,0,0,0,0,0,5,0,0,0,0,0,0,0,0,0,5,17,27,33,47,44,27,4,0,0,199
80107107704,0,0,0,0,0,0,0,0,0,4,0,0,0,0,0,0,0,0,0,6,9,15,49,47,21,24,9,0,0,175
80107107705,0,0,6,4,0,0,0,0,0,7,0,0,0,0,0,0,0,0,0,0,14,10,60,60,56,40,6,0,0,249
80107107706,0,0,0,0,0,5,0,0,0,6,0,0,0,0,0,0,0,0,0,0,7,4,28,48,29,25,4,0,0,147
80107107707,0,0,3,0,0,3,0,0,0,7,0,0,3,0,0,0,0,0,0,4,12,20,30,34,39,28,8,0,0,173
80107107708,0,0,0,0,0,0,0,0,0,0,0,0,0,0,0,0,0,0,0,0,0,0,0,0,0,0,0,0,0,0
80107107801,0,0,5,0,3,0,0,0,0,11,0,0,0,0,3,0,0,0,0,4,14,31,78,63,47,33,4,0,0,270
80107107802,0,0,4,0,0,0,0,0,0,4,0,0,0,0,0,0,0,0,0,0,3,14,31,35,26,20,3,0,0,128
80107107803,0,0,8,3,3,0,0,0,0,10,0,0,0,0,0,0,0,0,0,8,9,26,56,51,45,21,5,0,0,204
80107107804,0,5,4,0,0,0,0,0,0,11,0,5,5,0,3,0,0,0,0,10,3,24,56,33,36,18,0,0,0,171
80107107805,0,3,7,0,0,5,0,0,0,11,0,0,0,0,0,0,0,0,0,0,9,24,58,41,43,33,4,0,0,219
80107107806,5,0,0,0,0,0,0,0,0,4,0,0,5,0,0,4,0,0,0,0,11,17,53,53,49,28,7,0,0,217
80107107807,0,0,0,0,0,0,0,0,0,6,0,0,0,0,0,0,0,0,0,3,3,15,14,15,35,36,9,0,0,119
80107107808,0,0,0,3,0,0,0,0,0,11,0,0,0,0,0,0,0,0,0,3,15,21,59,35,54,53,3,0,0,240
80107107809,4,0,0,3,0,4,5,0,0,15,0,0,0,0,0,0,0,0,0,0,15,13,16,33,33,34,8,0,0,155
80107107810,0,0,4,0,0,0,0,0,0,6,0,0,0,0,0,0,0,0,0,3,16,18,27,67,58,36,11,0,0,241
80107107811,4,0,0,0,3,0,0,0,0,10,0,0,9,0,0,0,0,0,0,11,19,35,92,67,52,36,0,4,0,305
80107107812,0,0,0,0,0,0,0,0,0,0,0,0,0,0,4,0,0,0,0,0,10,21,37,34,46,34,13,0,0,193
80107107813,0,0,0,0,0,0,0,0,0,4,0,0,0,0,0,0,0,0,0,0,17,18,31,38,63,38,9,0,0,205
80107107814,0,0,0,0,6,0,0,0,0,15,0,0,0,0,0,0,0,0,0,4,27,33,46,53,75,66,14,0,0,322
80107107815,0,0,3,0,0,5,0,0,0,6,0,0,0,0,0,0,0,0,0,0,0,13,44,55,41,24,10,0,0,186
80107107816,3,0,5,0,0,4,0,0,0,14,0,0,4,0,0,0,0,0,0,9,10,26,38,35,40,34,0,0,0,185
80107107817,0,0,0,0,0,0,0,0,0,3,0,0,0,0,0,0,0,0,0,0,6,8,37,25,27,32,6,0,0,142
80107107818,0,3,0,0,0,0,0,0,0,11,0,0,0,0,0,0,0,0,0,3,23,29,44,38,65,47,17,0,0,260
80107107819,0,0,0,0,0,0,0,0,0,3,0,0,0,0,0,0,0,0,0,0,7,14,32,18,34,19,0,0,0,131
80107107820,0,0,0,0,4,4,0,0,0,5,0,0,0,0,0,0,0,0,0,4,15,28,39,47,43,35,11,0,0,226
80107107821,0,0,0,0,4,0,0,0,0,10,0,0,0,0,0,3,0,0,0,5,11,25,38,45,54,48,11,0,0,225
80107107901,0,5,0,5,0,0,0,0,0,7,0,0,0,0,0,0,0,0,0,0,5,14,19,45,30,21,0,0,0,141
80107107902,0,0,0,3,0,3,0,0,0,9,0,0,0,0,0,0,0,0,0,3,17,22,45,63,38,37,15,0,0,228
80107107903,0,5,3,4,0,0,0,0,0,13,0,0,0,0,0,0,0,0,0,0,14,18,55,62,47,29,5,0,0,230
80107107904,3,0,0,5,5,0,4,0,0,10,0,0,0,0,0,0,0,0,0,0,12,13,29,53,39,29,22,0,0,192
80107107905,0,0,0,3,4,0,0,0,0,8,0,0,0,0,0,0,0,0,0,0,11,9,41,41,38,15,7,3,0,170
80107107906,0,0,4,0,4,0,0,0,0,8,0,0,0,0,0,0,0,0,0,0,7,20,61,35,45,35,5,0,0,223
80107107907,0,0,0,0,0,0,0,0,0,5,0,0,0,0,0,0,0,0,0,0,14,18,44,27,17,33,0,0,0,151
80107107908,0,0,0,0,0,0,0,0,0,0,0,0,0,3,0,0,0,0,0,6,8,17,32,30,24,24,6,0,0,138
80107107909,0,4,3,3,5,6,3,0,0,15,0,0,0,0,0,0,0,0,0,0,8,14,30,39,23,15,7,0,0,136
80107108002,0,0,0,0,0,0,0,0,0,4,0,0,0,4,0,0,0,0,0,4,3,14,48,35,32,32,10,0,0,173
80107108003,0,0,7,5,4,0,0,0,0,19,0,3,0,5,0,0,0,0,0,15,22,70,113,103,82,66,25,0,0,481
80107108006,0,7,0,0,0,3,0,0,0,13,0,0,0,0,0,0,0,0,0,0,3,27,68,39,24,10,6,0,0,162
80107108007,0,0,3,0,4,0,0,0,0,12,0,0,0,0,0,0,0,0,0,3,3,25,88,55,27,16,8,0,0,234
80107108008,0,0,5,0,0,0,0,0,0,5,0,0,0,0,0,0,0,0,0,5,4,23,39,18,14,10,0,0,0,106
80107108009,0,0,0,0,0,0,0,0,0,0,0,0,0,0,0,0,0,0,0,0,0,0,0,0,0,0,0,0,0,0
80107108010,0,0,0,0,0,0,0,0,0,0,0,0,0,0,0,0,0,0,0,0,0,0,0,0,0,0,0,0,0,0
80107108011,0,0,7,5,0,0,0,0,0,16,0,0,0,0,0,0,0,0,0,4,5,33,108,82,56,45,10,0,0,327
80107108012,0,0,0,0,0,0,0,0,0,0,0,0,0,0,0,0,0,0,0,0,0,0,0,0,0,0,0,0,0,0
80107108013,0,3,3,0,0,0,0,0,0,11,0,0,3,0,0,0,0,0,0,8,9,59,183,62,36,21,7,0,0,375
80107108014,0,0,0,0,0,0,0,0,0,0,0,0,0,0,0,0,0,0,0,0,5,0,6,10,9,5,0,0,0,30
80107108015,0,0,3,0,0,0,0,0,0,6,0,0,0,4,0,0,0,0,0,6,3,25,145,61,39,30,0,0,0,307
80107108016,0,0,0,0,6,0,0,0,0,7,0,0,0,0,0,0,0,0,0,0,0,22,107,41,33,24,4,0,0,236
80107108101,0,0,7,0,0,0,0,0,0,6,0,0,4,0,0,0,0,0,0,5,8,8,60,56,30,31,0,0,0,193
80107108102,0,0,0,0,0,0,0,0,0,10,0,0,0,0,0,0,0,0,0,0,8,26,58,39,29,30,5,0,0,191
80107108103,0,4,3,0,4,3,0,0,0,22,0,0,0,0,0,0,0,0,0,0,19,15,44,57,51,49,4,3,0,237
80107108104,0,0,7,6,3,0,0,0,0,11,0,0,0,0,3,0,0,0,0,0,14,14,46,44,33,27,3,0,0,181
80107108105,0,0,0,3,0,0,0,0,0,3,0,0,0,0,0,0,0,0,0,5,7,15,55,51,43,35,9,0,0,212
80107108106,0,0,4,0,0,0,0,0,0,8,0,0,3,0,0,0,0,0,0,6,14,12,59,36,26,43,0,0,0,193
80107108107,0,0,0,0,5,0,0,0,0,5,0,0,3,0,0,0,0,0,0,3,3,15,45,51,39,22,5,0,0,172
80107108108,0,0,0,4,4,0,0,0,0,14,0,5,0,0,0,6,0,0,0,10,8,18,70,48,44,30,5,0,0,232
80107108109,0,0,3,0,0,0,5,0,0,9,0,0,0,4,0,0,0,0,0,3,9,24,42,37,53,31,4,0,0,202
80107108111,0,0,6,0,0,0,0,0,0,4,0,0,3,4,0,0,0,0,0,10,8,17,40,34,38,32,8,0,0,174
80107108112,0,0,0,0,0,0,0,0,0,10,0,5,0,0,0,0,0,0,0,7,3,13,48,42,20,14,6,0,0,150
80107108113,0,0,0,0,0,0,0,0,0,0,0,0,0,0,0,0,0,0,0,0,0,0,0,0,0,0,4,0,0,0
80107108114,0,0,0,4,0,0,0,0,0,5,0,0,0,0,0,0,0,0,0,0,6,21,39,37,15,9,5,0,0,132
80107108201,0,0,0,0,0,0,0,0,0,3,0,0,0,0,0,0,0,0,0,3,6,3,39,26,28,20,6,0,0,130
80107108202,4,0,0,0,3,0,0,0,0,5,0,0,0,0,0,0,0,0,0,0,10,3,28,31,27,21,3,0,0,123
80107108203,0,6,3,4,4,0,0,0,0,12,0,0,3,0,0,0,0,0,0,11,8,20,49,43,34,19,15,0,0,190
80107108204,0,0,0,0,0,0,0,0,0,4,0,0,0,0,0,0,0,0,0,0,10,22,30,41,47,28,4,0,0,193
80107108205,0,0,0,0,3,0,0,0,0,0,0,0,0,0,0,0,0,0,0,8,10,12,25,42,33,29,3,0,0,154
80107108206,0,0,7,0,4,0,0,0,0,10,0,3,0,4,0,0,0,0,0,3,13,23,30,27,33,10,3,0,0,151
80107108207,0,3,8,4,0,0,0,0,0,17,0,0,5,0,4,0,0,0,0,7,13,32,72,65,53,37,9,0,0,276
80107108208,0,0,0,5,0,0,3,0,0,5,0,0,0,3,0,0,0,0,0,3,12,6,8,41,27,12,6,5,0,105
80107108209,0,0,0,0,3,0,0,0,0,5,0,0,0,0,0,0,0,0,0,4,3,13,17,31,31,25,0,0,0,125
80107108210,0,0,0,3,0,0,0,0,0,8,0,0,0,5,0,0,0,0,0,6,15,24,38,52,73,33,9,0,0,241
80107108211,0,0,0,0,3,0,0,0,0,3,0,0,0,0,0,0,0,0,0,4,7,10,28,49,41,18,10,0,0,168
80107108212,0,4,0,0,0,0,3,0,0,14,0,0,0,0,0,0,0,0,0,0,8,22,36,46,46,27,11,3,0,204
80107108213,0,0,0,0,0,0,0,0,0,4,0,0,0,4,0,0,0,0,0,4,22,20,66,91,62,25,15,0,0,305
80107108214,0,0,0,4,0,0,0,0,0,3,0,0,0,5,0,0,0,0,0,3,9,9,19,29,29,20,3,0,0,124
80107108215,0,0,7,4,0,0,0,0,0,11,0,0,0,0,0,0,0,0,0,0,3,22,78,63,72,37,9,0,0,287
80107108216,0,0,4,0,0,0,0,0,0,7,0,0,0,4,0,0,0,0,0,6,6,24,62,59,36,16,5,5,0,209
80107108217,0,0,3,0,4,0,0,0,0,3,0,0,0,0,0,0,0,0,0,4,6,19,29,46,54,32,10,5,0,199
80107108218,0,0,0,0,0,0,0,0,0,10,0,0,0,0,0,0,0,0,0,0,9,10,34,60,32,23,6,0,0,173
80107108219,0,0,3,4,7,0,4,0,0,13,0,0,0,3,0,0,0,0,0,4,11,26,56,62,55,42,13,0,0,265
80107108220,0,0,0,0,0,4,0,0,0,4,0,0,4,0,0,0,0,0,0,4,5,19,42,37,39,28,9,0,0,177
80107108221,0,0,3,3,4,0,0,0,0,9,0,0,0,4,0,0,0,0,0,6,6,19,32,57,34,23,11,0,0,185
80107108222,0,6,0,0,0,0,0,0,0,6,0,0,4,0,0,0,0,0,0,0,21,21,39,29,51,34,11,0,0,203
80107108223,0,0,0,0,3,0,0,0,0,6,0,0,0,0,0,0,0,0,0,0,3,13,33,21,38,15,4,0,0,134
80107108224,0,0,0,0,0,0,0,0,0,9,0,0,0,4,0,0,0,0,0,3,6,12,47,42,36,44,13,0,0,207
80107108225,0,0,3,0,0,0,0,0,0,3,0,0,0,0,0,0,0,0,0,5,4,6,35,43,27,17,7,0,0,138
80107108226,0,3,5,0,0,0,0,0,0,4,0,0,4,5,0,0,0,0,0,8,10,9,53,75,33,30,7,0,0,216
80107108227,0,0,0,8,0,0,0,0,0,10,0,0,0,0,0,0,0,0,0,0,11,14,53,58,34,16,15,3,0,209
80107108228,0,0,0,0,0,0,0,0,0,6,0,0,3,0,0,0,0,0,0,5,9,5,22,27,10,14,9,0,0,91
80107108229,0,0,0,0,0,0,0,0,0,3,0,0,0,4,0,0,0,0,0,3,20,16,40,59,64,30,14,0,0,242
80107108230,0,0,3,0,0,0,0,0,0,3,0,0,0,0,0,0,0,0,0,3,7,9,21,39,33,24,12,0,0,143
80107108231,0,0,0,0,3,0,0,0,0,4,0,0,3,0,0,0,0,0,0,3,8,20,34,30,44,26,7,0,0,167
80107108232,0,0,0,0,0,0,0,0,0,8,0,0,0,0,0,0,0,0,0,0,14,15,13,19,45,53,6,0,0,171
80107108233,0,0,3,0,4,0,0,0,0,3,0,0,0,0,0,0,0,0,0,0,9,13,37,34,25,16,9,0,0,145
80107108234,0,0,0,0,0,0,0,0,0,4,0,0,0,0,0,0,0,0,0,0,11,9,27,40,41,22,0,0,0,149
80107108235,6,5,0,3,0,4,0,0,0,17,0,7,0,0,0,0,0,0,0,7,29,38,73,52,71,31,8,0,0,307
80107108236,0,0,0,6,0,0,0,0,0,7,0,0,3,0,0,0,0,0,0,3,19,19,40,75,62,38,7,0,0,257
80107108237,0,4,0,0,0,0,0,0,0,4,0,0,0,0,0,0,0,0,0,3,16,23,16,22,52,50,14,0,0,206
80107108238,0,0,0,3,0,0,0,0,0,4,0,0,0,0,0,0,0,0,0,3,13,15,14,30,52,41,14,3,0,180
80107108239,0,0,0,0,0,0,0,0,0,0,0,0,0,0,0,0,0,0,0,0,7,13,37,48,41,14,8,0,0,167
80107108240,0,0,0,0,0,0,0,0,0,0,0,0,0,0,0,0,0,0,0,0,10,15,15,24,30,23,5,0,0,124
80107108241,0,0,0,0,0,0,0,0,0,3,0,0,0,0,0,6,0,0,0,4,14,26,54,41,52,40,11,0,0,235
80107108301,0,0,0,3,0,0,0,0,0,8,0,0,0,3,0,0,0,0,0,6,13,18,40,85,60,49,12,0,0,279
80107108302,5,0,3,3,0,0,0,0,0,13,0,0,0,0,0,0,0,0,0,6,11,23,48,51,55,41,15,0,0,244
80107108303,0,0,0,0,0,0,0,0,0,3,0,0,0,0,0,4,0,0,0,7,12,15,51,42,58,43,10,0,0,226
80107108401,0,0,0,0,0,0,0,0,0,3,0,0,0,0,0,0,0,0,0,3,0,16,18,19,29,21,7,0,0,110
80107108402,0,0,0,0,0,0,0,0,0,3,0,0,0,0,0,0,0,0,0,0,10,8,15,48,37,17,8,0,0,134
80107108403,0,0,4,0,0,0,0,0,0,8,0,0,0,4,0,0,0,0,0,6,11,13,45,34,28,25,11,0,0,170
80107108404,0,0,0,0,5,0,0,0,0,3,0,0,5,3,0,0,0,0,0,3,6,11,42,55,38,25,12,6,0,187
80107108405,0,0,3,0,0,0,0,0,0,4,0,0,0,0,0,6,0,0,0,3,8,24,38,36,31,41,18,0,0,194
80107108406,0,0,0,0,0,0,0,0,0,5,0,0,0,0,0,0,0,0,0,0,7,6,31,38,20,21,10,0,0,129
80107108407,0,0,0,0,0,0,0,0,0,5,0,0,0,0,0,0,0,0,0,0,13,11,30,31,38,32,4,0,0,154
80107108408,0,0,0,0,0,0,0,0,0,7,0,0,0,0,0,0,0,0,0,0,18,22,48,55,36,28,13,0,0,221
80107108409,0,0,0,0,0,0,0,0,0,6,0,0,0,3,0,0,0,0,0,3,8,14,13,32,29,34,5,0,0,142
80107108410,0,0,0,0,0,3,0,0,0,7,0,0,0,4,0,0,0,0,0,3,5,8,23,27,28,39,0,0,0,132
80107108411,0,0,0,0,0,0,0,0,0,4,0,3,0,0,0,0,0,0,0,3,11,23,43,38,42,39,12,0,0,203
80107108412,0,0,0,0,3,0,0,0,0,8,0,0,0,0,0,0,0,0,0,3,10,18,42,42,44,40,5,0,0,190
80107108413,0,0,5,3,0,0,0,0,0,3,0,0,0,0,0,0,0,0,0,0,7,6,28,30,23,20,3,0,0,124
80107108414,0,0,5,0,6,0,0,0,0,7,0,0,0,0,0,0,0,0,0,0,9,11,38,39,28,31,0,0,0,154
80107108415,0,0,6,0,3,0,0,0,0,9,0,0,0,0,0,0,0,0,0,3,10,16,32,47,41,24,7,0,0,179
80107108417,0,0,0,0,0,0,0,0,0,0,0,0,0,0,0,0,0,0,0,4,10,12,26,22,32,31,4,5,0,131
80107108418,0,0,0,0,0,0,0,0,0,0,0,0,0,3,0,0,0,0,0,3,5,4,29,27,20,18,12,0,0,115
80107108419,0,0,0,0,0,0,0,0,0,0,0,0,0,0,0,0,0,0,0,0,0,0,0,0,0,0,0,0,0,0
80107108420,0,0,0,0,0,0,0,0,0,0,0,0,0,0,0,0,0,0,0,0,0,0,3,5,4,6,0,0,0,15
80107108501,0,0,0,0,0,0,0,0,0,0,0,0,0,0,0,0,0,0,0,0,0,0,0,0,0,0,0,0,0,0
80107108601,0,0,0,0,0,0,0,0,0,5,0,0,0,0,0,0,0,0,0,0,6,9,40,22,39,28,7,0,0,145
80107108602,0,0,0,0,0,0,0,0,0,5,0,0,0,0,0,0,0,0,0,0,6,9,14,36,29,24,3,3,0,123
80107108603,0,0,0,0,0,0,0,0,0,8,0,0,0,0,0,0,0,0,0,7,12,16,40,49,48,41,10,0,0,211
80107108604,0,0,0,0,0,0,0,0,0,0,0,0,0,0,0,0,0,0,0,6,8,12,14,32,23,27,4,0,0,118
80107108605,0,0,3,6,0,0,0,0,0,7,0,0,0,0,3,0,0,0,0,0,10,27,49,42,40,53,9,0,0,231
80107108701,0,0,4,0,0,0,0,0,0,12,0,0,0,0,0,4,0,0,0,3,14,14,55,51,49,36,7,0,0,234
80107108702,0,0,0,0,6,5,0,0,0,5,0,0,0,0,0,0,0,0,0,4,10,22,51,47,43,28,10,0,0,209
80107108703,0,0,0,4,0,5,0,0,0,13,0,0,0,0,0,0,0,0,0,0,8,25,64,66,73,52,7,0,0,310
80107108704,0,0,0,0,0,0,0,0,0,5,0,0,5,0,0,0,0,0,0,4,4,14,58,30,20,15,0,0,0,143
80107108705,0,0,0,3,3,0,0,0,0,10,0,0,4,0,4,0,0,0,0,10,17,21,48,50,61,38,10,0,0,246
80107108706,0,3,0,3,0,0,0,0,0,9,0,0,5,4,5,0,0,0,0,13,22,30,77,69,69,33,16,0,0,319
80107108707,0,0,0,0,0,0,0,0,0,5,0,0,3,0,0,0,0,0,0,3,5,10,32,34,18,28,10,0,0,141
80107108801,0,0,0,0,0,0,0,0,0,13,0,0,0,0,0,0,0,0,0,5,33,39,55,51,57,67,10,0,0,297
80107108802,0,3,0,0,0,0,4,0,0,9,0,0,0,0,0,0,0,0,0,5,9,16,39,26,36,39,10,5,0,178
80107108803,0,0,3,3,0,6,0,0,0,5,0,0,4,0,0,0,0,0,0,3,20,15,45,41,43,39,18,0,0,225
80107108804,0,0,0,4,3,3,0,0,0,9,0,0,0,3,0,0,0,0,0,3,17,24,60,47,55,41,6,0,0,256
80107108805,0,0,0,4,0,0,0,0,0,7,0,0,3,3,0,0,0,0,0,4,9,15,61,46,28,34,6,0,0,193
80107108806,0,0,3,0,0,0,0,0,0,5,0,0,0,0,0,0,0,0,0,10,16,14,41,28,33,32,8,0,0,174
80107108807,0,0,0,0,9,0,0,0,0,9,0,0,0,0,0,0,0,0,0,0,17,9,56,63,65,41,7,0,0,251
80107108808,0,0,0,11,0,0,0,0,0,12,0,0,0,0,0,0,0,0,0,3,9,15,37,45,28,23,5,0,0,160
80107108809,0,3,0,0,3,0,0,0,0,13,0,0,6,0,0,0,0,0,0,10,24,39,56,65,84,62,10,3,0,333
80107108810,0,0,0,0,0,0,0,0,0,3,0,0,0,0,0,0,0,0,0,4,8,12,38,29,31,16,5,0,0,135
80107108901,0,0,0,0,0,0,0,0,0,0,0,0,0,0,0,0,0,0,0,0,0,3,0,5,4,4,7,0,0,28
80107109001,0,0,0,0,0,0,0,0,0,0,0,0,0,3,0,0,0,0,0,0,5,5,14,34,20,11,4,0,0,93
80107109002,0,0,0,0,0,3,0,0,0,3,0,0,0,0,0,0,0,0,0,3,4,5,14,28,24,18,7,0,0,96
80107109003,0,0,0,0,0,0,0,0,0,7,0,0,0,0,0,0,0,0,0,0,23,21,33,56,63,36,20,0,0,247
80107109004,0,5,8,0,0,0,0,0,0,13,0,0,0,0,0,3,0,0,0,3,7,29,72,65,55,51,9,0,0,285
80107109005,0,0,4,6,0,0,0,0,0,9,0,0,5,0,0,0,0,0,0,3,7,13,60,61,29,19,8,0,0,192
80107109006,0,0,0,0,0,4,0,0,0,6,0,0,4,0,0,0,0,0,0,3,7,20,57,40,40,26,5,0,0,199
80107109007,0,0,0,0,0,0,0,0,0,7,0,0,0,0,0,0,0,0,0,0,12,20,59,54,44,37,10,0,0,222
80107109008,0,4,3,4,4,0,0,0,0,14,0,0,0,0,0,0,0,0,0,0,19,25,57,61,60,41,12,0,0,278
80107109009,0,0,0,0,0,0,0,0,0,4,0,0,0,0,0,0,0,0,0,4,5,14,48,43,35,15,11,0,0,167
80107109010,0,0,0,4,0,0,0,0,0,6,0,0,0,0,0,0,0,0,0,0,23,25,25,61,61,58,20,0,0,278
80107109011,0,0,0,4,0,0,0,0,0,8,0,0,0,3,0,0,0,0,0,9,16,15,49,64,63,38,22,3,0,263
80107109012,0,0,0,0,0,0,0,0,0,0,0,0,0,0,0,0,0,0,0,0,7,13,24,33,34,14,10,0,0,133
80107109013,0,0,4,0,0,5,0,0,0,12,0,0,0,0,0,0,0,0,0,3,4,23,30,29,44,29,12,0,0,173
80107109014,0,0,0,3,0,0,0,0,0,3,0,0,0,0,3,0,0,0,0,0,5,13,48,54,56,28,8,0,0,222
80107109015,0,0,0,0,0,0,0,0,0,6,0,0,0,0,0,0,0,0,0,0,7,18,35,53,33,13,6,0,0,178
80107109016,0,0,0,0,0,0,0,0,0,4,0,0,0,0,0,0,0,0,0,6,11,17,58,66,58,31,5,0,0,250
80107109017,0,0,0,0,0,0,0,0,0,0,0,0,0,0,0,0,0,0,0,0,5,6,22,27,19,18,4,0,0,104
80107109018,0,0,0,0,0,0,0,0,0,0,0,0,0,0,0,0,0,0,0,0,6,19,38,42,27,30,10,0,0,167
80107109019,0,0,4,0,0,0,0,0,0,4,0,5,0,0,0,0,0,0,0,8,16,11,66,66,42,32,11,3,0,244
80107109020,0,0,4,3,0,0,0,0,0,8,0,0,0,0,0,0,0,0,0,6,10,6,47,39,29,21,0,0,0,147
80107113201,0,0,0,0,0,0,0,0,0,0,0,0,0,0,0,0,0,0,0,0,0,0,3,0,0,0,0,0,0,5
80107113202,0,0,0,0,0,0,0,0,0,0,0,0,0,0,0,0,0,0,0,0,0,0,0,0,3,0,0,0,0,3
80108109101,0,0,0,0,0,0,0,0,0,0,0,0,0,0,0,0,0,0,0,0,6,6,5,32,27,32,10,0,0,124
80108109102,0,0,0,0,0,3,0,0,0,3,0,0,0,0,0,0,0,0,0,0,22,11,21,49,47,30,14,4,0,199
80108109103,0,0,0,0,0,0,0,0,0,4,0,0,0,0,0,0,0,0,0,0,6,18,19,38,48,26,10,4,0,160
80108109104,0,0,0,0,0,0,0,4,0,4,0,0,0,0,0,0,0,0,0,0,3,9,20,26,25,21,9,4,0,112
80108109105,0,0,0,0,0,0,0,0,0,6,0,0,0,3,0,0,0,0,0,8,20,18,11,41,47,38,15,0,0,191
80108109106,0,0,0,0,4,5,0,0,0,11,0,0,0,0,0,0,0,0,0,3,21,13,19,46,67,35,9,0,0,215
80108109107,0,0,0,0,0,0,0,0,0,3,0,0,0,0,3,0,0,0,0,6,10,20,15,31,48,37,8,3,0,165
80108109108,0,0,0,5,4,0,0,0,0,9,0,0,0,0,0,0,0,0,0,0,20,16,21,55,73,37,13,0,0,223
80108109201,0,0,0,0,0,0,0,0,0,9,0,0,0,0,0,0,0,0,0,0,19,28,83,53,57,30,12,0,0,287
80108109202,0,0,0,4,0,0,0,0,0,5,0,0,0,0,0,0,0,0,0,0,13,14,42,57,55,29,11,3,0,214
80108109203,0,0,0,0,0,4,0,0,0,8,0,0,0,0,5,0,0,0,0,8,7,23,49,67,44,38,11,0,0,232
80108109204,0,0,0,0,0,0,0,0,0,3,0,0,0,0,0,0,0,0,0,5,11,24,32,45,40,23,0,0,0,165
80108109205,0,0,0,0,0,0,0,0,0,0,0,0,0,0,0,0,0,0,0,0,5,7,38,44,37,22,4,0,0,161
80108109206,0,0,4,0,0,0,0,0,0,9,0,0,0,0,0,0,0,0,0,4,14,13,26,48,50,26,4,3,0,169
80108109207,0,0,0,0,0,0,0,0,0,0,0,0,0,0,0,0,0,0,0,0,15,12,28,44,57,30,7,0,0,187
80108109208,4,0,0,3,3,0,0,0,0,11,0,0,0,0,0,3,0,0,0,0,28,17,30,63,79,36,3,0,0,250
80108109209,5,0,0,0,0,0,0,0,0,7,0,0,0,0,0,0,0,0,0,7,12,16,4,3,21,10,0,0,0,72
80108109210,0,0,0,0,0,0,0,0,0,0,0,0,0,0,0,0,0,0,0,0,0,0,0,0,0,0,0,0,0,0
80108109301,0,0,0,0,0,0,0,0,0,3,0,0,0,0,0,0,0,0,0,3,9,10,46,39,43,13,16,3,0,177
80108109302,0,0,4,0,0,0,0,0,0,8,0,0,0,0,0,0,0,0,0,0,3,7,24,26,39,12,10,0,0,127
80108109303,0,0,0,3,0,0,0,0,0,4,0,0,4,0,0,0,0,0,0,4,20,14,44,68,60,34,8,0,0,249
80108109304,0,4,0,0,8,4,0,0,0,13,0,0,0,3,3,0,0,0,0,8,30,20,84,104,107,55,11,0,0,417
80108109305,0,0,0,4,0,3,0,0,0,14,0,0,0,0,0,0,0,0,0,0,20,18,48,81,78,32,7,3,0,295
80108109306,0,5,0,3,5,0,0,0,0,14,0,0,0,5,4,0,0,0,0,6,16,20,73,85,70,45,7,0,0,310
80108109401,0,0,3,0,3,0,0,0,0,4,0,0,0,6,0,0,0,0,0,0,15,19,34,49,63,25,15,0,0,218
80108109402,0,0,0,0,0,0,0,0,0,0,0,0,0,0,0,0,0,0,0,0,0,0,0,0,0,0,0,0,0,0
80108109403,0,0,0,0,0,0,0,0,0,9,0,0,0,0,0,0,0,0,0,0,8,20,22,28,34,16,7,0,0,137
80108109404,0,0,0,0,0,4,0,0,0,13,0,0,3,3,0,0,0,0,0,7,12,20,83,105,74,43,8,4,0,346
80108109405,0,0,4,0,4,4,0,0,0,6,0,0,0,0,0,0,0,0,0,4,18,15,49,72,87,31,19,0,0,284
80108109406,3,0,7,0,3,0,0,0,0,7,0,0,3,3,0,0,0,0,0,9,19,20,70,78,51,24,4,0,0,270
80108109407,0,3,0,0,0,0,0,0,0,4,0,0,0,6,0,4,0,0,0,3,10,13,39,49,38,44,0,0,0,193
80108109501,0,0,3,0,0,0,0,0,0,3,0,0,0,0,0,0,0,0,0,3,4,5,39,44,27,18,3,0,0,134
80108109502,0,0,4,0,0,0,0,0,0,5,0,0,0,5,0,0,0,0,0,0,3,11,39,55,32,25,9,0,0,173
80108109503,0,0,0,0,0,0,0,0,0,4,0,0,0,0,0,0,0,0,0,0,7,8,34,40,24,13,3,0,0,131
80108109504,0,0,0,0,0,0,0,0,0,3,0,0,0,0,0,0,0,0,0,3,12,9,26,29,41,33,11,0,0,166
80108109505,0,0,5,0,0,0,0,0,0,10,0,0,0,4,0,0,0,0,0,6,13,13,60,68,51,28,5,4,0,234
80108109506,0,0,0,0,0,0,0,0,0,4,0,0,0,0,3,0,0,0,0,3,4,11,39,36,49,17,0,0,0,160
80108109507,0,0,0,0,0,0,0,0,0,0,0,0,0,0,0,0,0,0,0,0,9,12,50,50,33,28,12,0,0,189
80108109508,0,0,0,4,4,5,0,0,0,9,0,0,0,0,0,0,0,0,0,5,9,20,49,61,57,30,17,5,0,245
80108109509,0,4,0,0,0,0,0,0,0,8,0,0,0,0,0,0,0,0,0,0,12,16,46,37,35,29,7,0,0,185
80108109601,0,5,0,4,0,0,0,0,0,8,0,0,0,0,0,0,0,0,0,4,7,18,33,27,49,37,11,3,0,191
80108109602,0,0,0,4,0,0,0,0,0,4,0,0,0,0,0,0,0,0,0,3,12,18,24,39,42,34,11,0,0,175
80108109603,0,0,0,0,0,0,0,0,0,3,0,0,0,0,0,0,0,0,0,4,20,31,55,57,75,38,12,0,0,275
80108109604,0,0,0,0,0,0,0,0,0,3,0,0,0,0,0,0,0,0,0,0,13,3,27,43,33,12,8,3,0,143
80108109605,0,0,0,0,5,0,0,0,0,7,0,0,0,0,0,0,0,0,0,4,14,11,24,44,38,21,0,0,0,165
80108109701,0,3,0,0,0,0,0,0,0,8,0,0,0,0,0,0,0,0,0,0,10,16,42,55,49,32,3,4,0,211
80108109702,0,0,0,7,4,0,0,0,0,13,0,0,0,0,0,0,0,0,0,3,13,15,46,59,57,25,7,0,0,229
80108109703,0,0,0,0,0,0,0,0,0,6,0,0,0,0,0,0,0,0,0,0,10,11,41,60,61,28,6,0,0,229
80108109705,0,0,0,0,0,0,0,0,0,6,0,0,5,0,0,0,0,0,0,9,7,14,26,27,17,11,3,0,0,98
80108109706,0,0,0,0,3,0,0,0,0,3,0,0,0,0,0,0,0,0,0,3,4,23,29,43,38,24,9,0,0,167
80108109707,0,0,0,0,0,0,0,0,0,9,0,0,0,0,4,0,0,0,0,3,14,18,58,62,55,27,4,0,0,244
80108109708,0,0,0,6,0,0,0,0,0,0,0,0,0,5,0,0,0,0,0,12,4,16,49,55,31,22,7,6,0,189
80108109801,0,0,0,0,0,0,0,0,0,3,0,0,4,0,0,0,0,0,0,4,11,14,27,44,41,19,6,0,0,156
80108109802,0,0,0,0,0,0,0,0,0,5,0,0,0,0,6,0,0,0,0,5,5,13,49,59,43,18,8,0,0,193
80108109804,0,0,0,0,0,0,0,0,0,0,0,0,0,0,0,0,0,0,0,3,7,4,9,22,37,19,8,0,0,102
80108109806,0,0,0,0,0,0,0,0,0,4,0,0,0,0,3,0,0,0,0,9,3,14,46,44,30,18,7,0,0,166
80108109807,0,0,0,0,3,0,0,0,0,4,0,0,0,0,0,0,0,0,0,3,7,11,26,27,25,21,4,0,0,127
80108109808,0,0,0,0,0,3,0,0,0,6,0,0,0,0,0,4,0,0,0,3,15,25,35,44,77,25,11,0,0,230
80108109809,0,0,0,0,3,4,0,0,0,11,0,0,0,0,0,0,0,0,0,4,14,21,61,64,80,35,12,4,0,290
80108109810,0,0,0,0,0,0,0,0,0,0,0,0,0,0,0,0,0,0,0,0,9,6,12,26,23,12,5,3,0,90
80108109811,0,0,0,0,0,0,0,0,0,0,0,0,0,0,0,0,0,0,0,0,0,0,0,0,0,0,0,0,0,0
80108109812,0,0,0,0,0,0,0,0,0,3,0,0,0,6,0,0,0,0,0,9,8,17,53,36,30,13,8,0,0,159
80108109813,0,0,0,0,0,0,0,0,0,0,0,0,0,0,0,0,0,0,0,0,8,11,18,70,45,26,3,0,0,175
80108109814,0,0,0,3,0,0,0,0,0,3,0,0,0,0,0,0,0,0,0,4,9,11,34,65,53,30,8,0,0,211
80108113301,0,0,0,0,0,0,0,0,0,0,0,0,0,0,0,0,0,0,0,0,0,0,0,0,0,0,0,0,0,0
80109109901,0,0,4,5,0,0,0,0,0,8,0,0,0,0,3,0,0,0,0,4,15,46,162,120,71,47,13,4,0,469
80109109902,0,0,0,7,4,0,0,0,0,15,0,0,12,5,0,0,0,0,0,16,11,39,159,91,63,37,9,0,0,410
80109109903,0,0,0,0,0,0,0,0,0,4,0,0,0,0,0,0,0,0,0,5,17,15,22,52,56,30,3,0,0,196
80109109904,0,0,0,0,4,0,4,0,0,10,0,0,0,3,0,0,0,0,0,3,13,20,38,43,37,24,7,4,0,183
80109109905,3,0,5,0,0,0,0,0,0,6,0,0,6,0,0,0,0,0,0,5,16,26,67,58,48,32,4,0,0,250
80109110001,0,0,0,0,4,0,0,0,0,6,0,0,0,0,0,0,0,0,0,4,6,20,25,58,61,52,16,0,0,237
80109110002,0,0,0,0,0,0,0,0,0,8,0,0,0,0,0,0,0,0,0,4,19,16,22,51,52,41,11,0,0,210
80109110003,0,0,0,0,0,0,0,0,0,3,0,0,0,0,0,0,0,0,0,0,8,18,11,30,31,19,5,0,0,123
80109110004,0,0,0,3,3,0,0,0,0,8,0,0,3,0,0,0,0,0,0,3,17,27,62,113,76,39,7,3,0,354
80109110005,0,0,0,0,0,0,0,0,0,0,0,0,0,0,0,0,0,0,0,3,24,15,38,51,77,45,12,0,0,265
80109110006,0,0,0,0,7,0,0,0,0,12,0,0,0,0,0,0,0,0,0,0,15,13,29,67,53,45,5,0,0,229
80109110007,0,0,0,0,0,0,0,0,0,0,0,0,0,0,0,0,0,0,0,3,10,4,15,38,24,24,12,0,0,125
80109110008,0,0,0,0,4,0,0,0,0,15,0,3,4,0,0,0,0,0,0,8,9,39,116,77,83,44,18,0,0,387
80109110010,0,0,0,3,0,0,0,0,0,5,0,0,0,0,0,0,0,0,0,0,11,22,47,75,71,43,6,0,0,278
80109110011,0,0,3,0,0,0,0,0,0,5,0,0,3,0,0,0,0,0,0,0,3,3,32,37,29,20,3,0,0,130
80109110012,3,0,0,0,3,0,0,0,0,4,0,4,4,0,4,0,0,0,0,15,23,10,30,38,65,43,9,0,0,220
80109110013,0,0,3,0,0,0,0,0,0,4,0,5,3,0,0,0,0,0,0,4,0,22,78,46,18,15,3,0,0,176
80109110014,0,0,0,5,0,0,0,0,0,5,0,0,0,0,0,0,0,0,0,0,3,9,16,30,18,9,0,0,0,108
80109110101,0,0,0,0,0,0,0,0,0,4,0,0,0,0,0,0,0,0,0,4,11,8,49,36,33,22,4,0,0,154
80109110102,0,0,0,0,0,0,0,0,0,3,0,0,0,0,0,0,0,0,0,0,14,15,39,56,52,36,5,0,0,214
80109110104,0,0,0,0,0,3,0,0,0,5,0,0,3,0,0,0,0,0,0,3,13,22,50,44,47,38,3,0,0,218
80109110105,3,6,0,3,0,0,0,0,0,9,0,0,0,0,4,0,0,0,0,4,11,15,29,53,45,33,8,0,0,199
80109110106,3,0,0,0,4,0,0,0,0,7,0,0,0,3,0,0,0,0,0,5,7,12,24,39,31,21,6,3,0,132
80109110107,0,0,4,4,0,0,0,0,0,13,0,0,0,0,3,0,0,0,0,5,15,29,52,55,74,39,8,3,0,271
80109110108,0,0,0,0,0,0,0,0,0,0,0,0,5,0,0,0,0,0,0,5,20,19,27,57,69,42,18,8,0,249
80109110109,0,0,0,0,0,0,0,0,0,3,0,0,0,0,0,0,0,0,0,5,14,21,16,35,55,28,12,0,0,181
80109110110,0,0,4,5,0,0,0,0,0,6,0,3,6,0,0,0,0,0,0,4,10,26,30,26,36,32,5,0,0,166
80109110201,0,0,0,0,0,0,0,0,0,0,0,0,0,0,0,0,0,0,0,0,0,0,0,0,0,0,0,0,0,0
80109110202,0,0,3,0,0,0,0,0,0,8,0,0,0,3,0,0,0,0,0,6,11,22,52,84,43,38,11,5,0,263
80109110203,0,0,3,0,0,3,0,0,0,10,0,0,0,5,4,0,0,0,0,5,21,26,25,57,63,35,5,0,0,219
80109110204,0,0,0,0,0,0,0,0,0,6,0,0,0,3,0,0,0,0,0,3,21,21,20,13,58,37,11,0,5,190
80109110205,0,0,0,0,0,0,0,0,0,0,0,0,0,0,0,0,0,0,0,0,0,6,25,31,33,20,14,0,0,141
80109110206,0,0,0,0,0,0,0,0,0,0,0,0,0,0,0,0,0,0,0,3,6,17,19,49,42,19,6,0,0,151
80109110207,0,0,0,3,0,0,0,0,0,3,0,0,4,7,0,0,0,0,0,11,12,24,99,165,69,49,16,0,0,432
80109110209,0,0,0,3,0,0,0,0,0,7,0,0,0,0,0,0,0,0,0,3,11,9,12,36,45,18,9,4,0,142
80109110210,0,0,0,0,0,0,0,0,0,0,0,0,0,0,0,0,0,0,0,0,0,0,10,7,5,8,0,0,0,32
80109110211,0,0,0,0,0,4,0,0,0,7,0,0,0,0,0,0,0,0,0,5,5,7,26,54,46,30,12,0,0,181
80109110301,0,0,0,0,0,0,0,0,0,10,0,0,8,6,0,0,0,0,0,7,5,33,91,61,42,19,12,0,0,267
80109110302,4,0,0,0,0,3,0,0,0,11,0,0,0,0,0,0,0,0,0,0,14,23,16,37,48,44,12,0,0,189
80109110303,0,0,0,4,0,0,0,0,0,3,0,0,0,0,0,0,0,0,0,0,12,11,32,52,41,34,11,0,0,187
80109110304,0,0,0,0,0,0,0,0,0,0,0,0,0,0,0,0,0,0,0,0,25,28,19,44,66,49,3,0,0,237
80109110305,0,0,0,0,4,0,0,0,0,6,0,0,0,0,0,0,0,0,0,0,9,8,19,23,50,19,4,0,0,134
80109110306,0,0,0,0,3,0,0,0,0,9,0,0,0,0,3,0,0,0,0,3,15,19,22,46,43,30,13,3,0,191
80109110307,0,0,0,0,0,5,0,0,0,3,0,3,0,0,0,0,0,0,0,4,19,21,53,72,52,30,5,0,0,254
80109110308,0,0,0,4,0,0,0,0,0,3,0,0,0,0,0,0,0,0,0,0,0,6,13,27,19,14,0,0,0,85
80109110401,0,0,0,5,3,0,0,0,0,7,0,0,0,0,0,3,0,0,0,0,18,25,49,65,77,71,21,0,0,331
80109110402,0,0,0,0,0,0,0,0,0,0,0,0,0,0,0,0,0,0,0,0,8,12,39,42,33,26,5,4,0,170
80109110403,0,0,3,0,0,0,0,0,0,3,0,0,0,0,0,0,0,0,0,6,10,9,37,52,45,36,12,0,0,193
80109110404,0,0,0,0,0,0,0,0,0,4,0,0,0,0,0,0,0,0,0,3,12,17,33,34,43,47,13,0,0,204
80109110405,0,0,0,0,0,0,0,0,0,4,0,0,0,0,0,0,0,0,0,6,11,20,31,42,44,51,15,6,0,225
80109110406,0,0,0,0,0,0,0,0,0,0,0,0,0,0,0,0,0,0,0,0,0,0,0,0,0,0,0,0,0,0
80109110501,0,0,0,0,0,0,0,0,0,0,0,0,0,0,0,0,0,0,0,0,0,0,0,0,0,0,0,0,0,0
80109110502,3,0,0,0,0,0,0,0,0,5,0,0,0,0,3,0,0,0,0,5,21,26,74,78,72,35,7,0,0,322
80109110503,0,0,0,0,0,0,0,0,0,7,0,3,4,0,0,0,0,0,0,7,6,31,66,56,42,19,7,0,0,227
80109110504,0,0,5,3,0,4,0,0,0,10,0,0,5,0,0,0,0,0,0,8,5,17,105,60,39,26,9,0,0,259
80109110505,0,0,0,0,0,0,0,0,0,5,0,3,0,0,0,0,0,0,0,7,17,13,26,62,67,18,0,0,0,199
80109110506,0,0,0,0,0,0,0,0,0,3,0,0,0,0,0,0,0,0,0,3,18,28,84,65,66,53,3,0,0,320
80109110507,0,3,4,0,4,0,0,0,0,14,0,0,4,5,4,0,0,0,0,10,5,48,180,89,67,21,3,0,0,410
80109110601,0,0,0,3,0,5,0,0,0,8,0,0,0,3,0,0,0,0,0,3,12,29,75,91,50,37,8,0,0,308
80109110602,0,0,0,0,0,0,0,0,0,6,0,0,7,0,0,0,0,0,0,3,9,27,82,76,65,54,10,0,0,323
80109110603,0,0,0,7,0,0,0,0,0,7,0,0,0,0,0,0,0,0,0,0,11,23,61,62,55,27,10,0,0,257
80109110604,0,0,0,3,0,0,0,0,0,9,0,0,0,0,0,0,0,0,0,3,9,3,31,33,30,15,0,0,0,132
80109110605,0,0,3,0,0,0,0,0,0,9,0,0,4,0,0,0,0,0,0,9,5,27,189,83,28,20,0,0,0,360
80109110606,0,0,0,0,6,0,0,0,0,4,0,0,0,0,0,0,0,0,0,0,17,16,16,32,43,41,13,0,0,184
80109110607,0,0,0,6,0,4,0,0,0,8,0,0,0,4,0,0,0,0,0,4,17,10,28,65,74,35,12,0,0,242
80109110701,0,0,0,0,0,0,0,0,0,0,0,0,0,0,0,0,0,0,0,0,0,13,17,22,26,32,21,5,0,131
80109110702,0,0,0,0,5,0,0,0,0,9,0,0,0,0,0,5,0,0,0,3,29,34,38,37,102,76,33,11,0,347
80109110801,0,0,0,0,0,0,0,0,0,0,0,0,0,0,0,0,0,0,0,0,0,0,0,0,0,0,0,0,0,0
80109110802,0,3,0,0,0,0,0,0,0,7,0,0,0,0,0,0,0,0,0,0,14,11,11,31,33,19,0,4,0,121
80109110803,0,0,4,0,3,0,0,0,0,14,0,0,0,3,0,0,0,0,0,8,16,36,60,69,64,49,13,0,0,306
80109110804,0,0,3,3,0,5,0,0,0,9,0,0,0,0,0,0,0,0,0,0,4,35,54,46,58,40,14,0,0,247
80109110805,0,0,0,0,0,0,0,0,0,3,0,0,0,0,0,0,0,0,0,0,17,14,33,44,69,36,9,0,0,221
80109110806,0,0,0,0,0,0,0,0,0,5,0,0,0,0,0,0,0,0,0,3,14,17,15,31,51,38,20,0,0,187
80109110807,0,0,0,3,0,0,0,0,0,0,0,0,0,0,0,0,0,0,0,7,11,22,54,67,70,51,15,0,0,295
80109110901,0,0,3,0,0,0,0,0,0,5,0,0,0,0,0,0,0,0,0,0,0,8,54,33,15,10,9,0,0,129
80109110904,0,0,0,0,0,0,0,0,0,0,0,0,0,0,0,0,0,0,0,0,0,0,0,0,0,0,0,0,0,0
80109110905,0,0,0,0,0,0,0,0,0,0,0,0,0,0,0,0,0,0,0,6,0,12,44,23,19,15,5,0,0,117
80109110907,0,0,0,0,0,0,0,0,0,5,0,0,0,0,0,0,0,0,0,4,0,16,106,63,35,15,0,0,0,230
80109110908,0,0,0,0,0,0,0,0,0,6,0,0,4,0,0,0,0,0,0,7,0,22,106,65,22,22,0,0,0,240
80109110910,0,0,0,0,0,0,0,0,0,3,0,0,0,5,0,0,0,0,0,6,7,14,69,77,44,27,12,0,0,242
80109110913,0,0,0,0,0,0,0,0,0,4,0,0,0,0,0,0,0,0,0,3,0,13,44,34,22,16,8,0,0,140
80109110915,0,0,5,0,0,0,0,0,0,3,0,3,8,0,4,0,0,0,0,15,4,31,180,104,49,13,4,0,0,394
80109110916,0,0,9,0,0,0,0,0,0,13,0,0,3,0,0,0,0,0,0,3,5,46,203,66,30,29,0,0,0,388
80109110917,0,3,7,0,0,0,0,0,0,12,0,0,4,0,0,0,0,0,0,10,7,71,328,148,51,40,4,0,0,648
80109110918,0,3,3,0,0,5,0,0,0,7,0,0,3,0,0,0,0,0,0,3,3,22,159,66,39,29,9,0,0,324
80109110919,0,0,0,0,0,0,0,0,0,0,0,0,0,0,0,0,0,0,0,0,0,0,0,0,0,0,0,0,0,0
80109110920,0,0,0,0,0,0,0,0,0,0,0,0,0,0,0,0,0,0,0,0,0,0,0,0,0,0,0,0,0,0
80109110921,0,4,12,0,0,0,0,0,0,16,0,3,11,0,0,0,0,0,0,12,11,122,358,94,62,24,9,0,0,684
80109111001,0,0,6,0,7,0,0,0,0,13,0,0,5,0,0,0,0,0,0,4,10,32,54,73,82,35,4,0,0,287
80109111002,0,0,3,0,0,0,0,0,0,3,0,0,0,5,4,0,0,0,0,9,10,27,53,66,54,29,8,0,0,242
80109111003,0,0,0,0,3,0,0,0,0,4,0,0,0,0,0,0,0,0,0,0,4,6,23,37,37,22,0,0,0,133
80109111004,0,0,3,0,0,0,0,0,0,4,0,0,0,0,3,0,0,0,0,3,9,24,54,76,51,23,9,0,0,247
80109111005,0,0,0,0,0,0,0,0,0,3,0,0,4,0,0,0,0,0,0,4,15,13,27,30,49,28,6,6,0,168
80109111006,3,0,0,0,0,0,0,0,0,5,0,0,0,0,0,0,0,0,0,0,20,12,13,26,47,31,7,0,0,156
80110113401,0,0,0,0,0,0,0,0,0,0,0,0,0,0,0,0,0,0,0,0,0,0,0,5,0,0,5,0,0,11
80110113505,0,0,0,0,0,0,0,0,0,6,0,0,3,0,0,0,0,0,0,3,4,35,76,54,23,7,0,0,0,211
80110113506,0,0,3,3,0,0,0,0,0,4,0,0,0,5,0,0,0,0,0,6,13,10,42,94,57,16,3,0,0,232
80110113507,0,0,0,0,0,0,0,0,0,3,0,0,0,0,0,0,0,0,0,4,0,12,71,34,14,3,0,0,0,136
80110113508,0,0,3,0,0,0,0,0,0,4,0,0,0,0,0,0,0,0,0,6,15,23,101,92,53,22,0,0,0,304
80110113509,0,0,0,8,0,0,0,0,0,6,0,0,3,0,0,0,0,0,0,7,13,34,157,110,30,20,5,0,0,363
80110113510,0,0,6,3,0,0,0,0,0,9,0,0,0,0,0,0,0,0,0,0,0,9,77,79,26,14,0,0,0,217
80110113511,0,0,0,4,0,0,0,0,0,10,0,3,5,0,0,0,0,0,0,7,8,41,175,90,33,9,0,0,0,358
80110113512,0,0,5,3,0,0,0,0,0,6,0,0,5,0,0,0,0,0,0,6,3,24,99,64,17,6,0,0,0,216
80110113513,0,0,6,0,0,0,0,0,0,7,0,0,5,5,0,0,0,0,0,9,20,22,125,121,39,18,3,0,0,340
80110113514,0,0,3,3,0,0,0,0,0,7,0,0,0,0,0,0,0,0,0,9,13,39,135,87,36,7,4,0,0,321
80110113515,0,0,0,3,0,0,0,0,0,3,0,0,0,0,0,0,0,0,0,4,13,10,22,95,57,10,3,0,0,213
80110113602,0,0,0,4,0,0,0,0,0,4,0,0,0,0,0,0,0,0,0,0,4,3,33,57,17,7,0,0,0,124
80110113603,0,0,0,0,0,0,0,0,0,0,0,0,0,0,0,0,0,0,0,3,11,16,52,140,69,18,0,0,0,307
80110113604,0,3,5,0,0,0,0,0,0,4,0,0,0,0,0,0,0,0,0,0,4,55,226,82,27,23,5,0,0,428
80110113605,0,0,3,0,0,0,0,0,0,6,0,0,0,6,0,0,0,0,0,9,6,14,57,136,40,22,0,0,0,277
80110113606,0,0,8,0,0,0,0,0,0,7,0,0,0,4,0,0,0,0,0,7,16,40,210,174,55,16,0,0,0,514
80110113701,0,0,0,0,0,0,0,0,0,0,0,0,0,0,0,0,0,0,0,0,0,0,0,0,0,0,0,0,0,0
80110113901,0,0,3,0,4,0,0,0,0,8,0,0,0,4,0,0,0,0,0,7,3,14,94,113,28,9,0,0,0,260
80110113902,0,0,0,0,0,0,0,0,0,3,0,0,0,0,0,3,0,0,0,7,4,6,31,89,54,30,4,0,0,219
80110113903,0,0,3,0,0,0,0,0,0,8,0,0,3,0,0,0,0,0,0,5,5,30,152,65,24,22,3,0,0,298
80110113904,0,0,0,0,0,0,0,0,0,0,0,0,0,0,0,0,0,0,0,0,0,0,0,0,0,0,0,0,0,0
80110113905,0,0,0,0,0,0,0,0,0,6,0,0,0,0,0,0,0,0,0,5,11,35,133,84,36,19,3,0,0,315
80110113906,0,0,0,0,0,0,0,0,0,4,0,0,0,3,6,0,0,0,0,11,18,24,45,116,69,23,3,0,0,300
80110113907,0,0,4,0,0,0,0,0,0,4,0,0,3,3,0,0,0,0,0,7,4,17,93,49,38,7,0,0,0,208
80110113908,0,0,3,0,0,0,0,0,0,9,0,0,0,0,0,0,0,0,0,3,9,14,40,82,41,25,3,0,0,221
80110113909,0,3,4,0,0,0,0,0,0,6,0,0,3,0,0,0,0,0,0,5,5,40,123,58,20,7,4,0,0,256
80110113910,0,0,4,0,0,0,0,0,0,8,0,0,5,0,0,0,0,0,0,4,0,53,160,73,30,12,0,0,0,342
80110114501,0,0,0,0,0,0,0,0,0,0,0,0,0,0,0,0,0,0,0,0,0,0,0,0,0,0,0,0,0,0
80110114601,0,0,0,0,0,0,0,0,0,0,0,0,0,0,0,0,0,0,0,0,0,0,0,0,0,0,0,0,0,0
80111114001,0,0,0,0,0,0,0,0,0,0,0,0,0,0,0,0,0,0,0,0,3,3,7,18,4,4,3,0,0,43
80111114002,0,0,0,0,0,0,0,0,0,4,0,0,0,0,0,0,0,0,0,0,0,4,17,5,10,11,6,0,0,53
80111114004,0,0,0,0,0,0,0,0,0,0,0,0,0,0,0,0,0,0,0,0,4,3,18,4,9,9,3,0,0,46
80111114005,0,0,0,0,0,0,0,0,0,0,0,0,0,0,0,0,0,0,0,0,0,0,0,0,6,4,0,3,0,12
80111114006,0,0,3,3,3,0,0,0,0,9,0,0,0,0,0,0,0,0,0,7,16,11,31,63,47,17,0,0,0,186
80111114101,0,0,0,0,0,0,0,0,0,3,0,0,0,0,0,0,0,0,0,0,0,0,8,0,7,3,0,0,0,23
89797979991,0,0,0,0,0,0,0,0,0,0,0,0,0,0,0,0,0,0,0,0,0,0,0,0,0,0,0,0,0,0
89999949999,0,0,3,3,4,0,0,0,0,11,0,0,3,0,0,0,0,0,0,6,22,36,59,38,32,23,3,0,0,216
