sa1_code,population,density_pop_per_km2,euclidean_distance_m,walking_distance_m,sa3_code,sa3_name
80101100101,265,716.0,225.18403646234947,303.9984492241718,,Belconnen
80101100102,383,1535.7,303.4693332954225,409.68359994882036,,Belconnen
80101100103,418,2784.3,145.82582456665688,196.8648631649868,,Belconnen
80101100104,466,1555.3,336.6738667788581,454.50972015145845,,Belconnen
80101100105,587,2223.8,239.95890539172242,323.9445222788253,,Belconnen
80101100106,481,2056.8,232.30747160651057,313.6150866687893,,Belconnen
80101100201,425,3875.8,210.2348089972541,283.81699214629305,,Belconnen
80101100202,364,2262.3,218.2790903303596,294.6767719459855,,Belconnen
80101100203,727,14315.4,440.8488637842927,595.1459661087952,,Belconnen
80101100205,0,0.0,906.2758773849569,1223.4724344696917,,Belconnen
80101100208,396,2358.0,190.94378578493726,257.77411080966533,,Belconnen
80101100209,278,6520.3,130.8676067489193,176.67126911104106,,Belconnen
80101100210,366,2733.1,427.24356190397845,576.778808570371,,Belconnen
80101100211,578,3652.2,530.6580450775278,716.3883608546627,,Belconnen
80101100212,539,4003.7,131.27393765576636,177.2198158352846,,Belconnen
80101100213,19,385.6,259.3418359541488,350.11147853810087,,Belconnen
80101100215,548,7477.8,35.92210441047096,48.494840954135796,,Belconnen
80101100216,1468,19420.3,101.20780704583737,136.63053951188047,,Belconnen
80101100217,378,7472.1,334.8546275550318,452.05374719929296,,Belconnen
80101100218,547,20978.4,267.969824913131,361.75926363272686,,Belconnen
80101100219,383,7075.7,190.1540285350242,256.7079385222827,,Belconnen
80101100220,238,24241.8,278.3414015256975,375.7608920596917,,Belconnen
80101100221,8,1895.6,363.9636800785662,491.3509681060644,,Belconnen
80101100222,586,29248.5,150.19358348861104,202.7613377096249,,Belconnen
80101100223,14,13.0,243.00919782602807,328.06241706513794,,Belconnen
80101100224,236,9707.1,167.5511886932291,226.1941047358593,,Belconnen
80101100225,408,7065.9,113.20444712676151,152.82600362112805,,Belconnen
80101100301,401,4395.2,210.68694012973128,284.42736917513724,,Belconnen
80101100304,858,5308.0,221.75559765720703,299.3700568372295,,Belconnen
80101100306,395,4308.0,169.22780507117326,228.4575368460839,,Belconnen
80101100307,250,3323.7,254.94248611304894,344.1723562526161,,Belconnen
80101100308,1012,619.0,458.5034083173293,618.9796012283946,,Belconnen
80101100309,291,6625.1,318.6915721494863,430.23362240180654,,Belconnen
80101100310,246,3183.6,545.5729758664212,736.5235174196687,,Belconnen
80101100311,288,4345.1,504.237861061033,680.7211124323946,,Belconnen
80101100312,621,3573.2,265.18063863620773,357.99386215888046,,Belconnen
80101100314,109,59.0,323.41268186393484,436.6071205163121,,Belconnen
80101100315,395,935.8,535.5151833193603,722.9454974811364,,Belconnen
80101100316,302,890.9,307.68807351547184,415.378899245887,,Belconnen
80101100317,478,5225.6,94.1486038118409,127.10061514598522,,Belconnen
80101100318,291,974.0,355.7229175074401,480.2259386350442,,Belconnen
80101100319,296,1316.1,202.93921242538622,273.96793677427144,,Belconnen
80101100320,432,6172.5,178.19490910362833,240.56312728989826,,Belconnen
80101100321,467,6462.1,127.01100782708376,171.4648605665631,,Belconnen
80101100322,382,13129.2,86.6474816900864,116.97410028161664,,Belconnen
80101100401,226,1955.6,151.25733657010517,204.197404369642,,Belconnen
80101100402,418,2155.0,243.7295429090998,329.03488292728474,,Belconnen
80101100403,458,2352.2,235.74480090455108,318.255481221144,,Belconnen
80101100404,376,2136.6,202.50626863823808,273.3834626616214,,Belconnen
80101100405,448,1921.4,171.1799539226993,231.09293779564408,,Belconnen
80101100406,607,1296.1,144.37416949412847,194.90512881707343,,Belconnen
80101100408,175,663.6,148.93772090910286,201.0659232272889,,Belconnen
80101100409,341,1585.4,420.11719821045665,567.1582175841165,,Belconnen
80101100501,301,1343.8,218.54477160193443,295.0354416626115,,Belconnen
80101100502,442,2087.5,226.35713995910095,305.5821389447863,,Belconnen
80101100503,313,2177.6,275.0821141027637,371.360854038731,,Belconnen
80101100504,331,1856.4,213.54242862230305,288.28227864010915,,Belconnen
80101100505,379,1902.0,232.14146148090094,313.3909729992163,,Belconnen
80101100506,194,1062.2,250.36092625061488,337.98725043833014,,Belconnen
80101100507,325,2031.0,329.92193311946744,445.3946097112811,,Belconnen
80101100508,213,2067.9,271.3293439076501,366.2946142753277,,Belconnen
80101100509,461,2500.8,142.19662548308654,191.96544440216684,,Belconnen
80101100602,184,1605.0,363.03972776525137,490.10363248308937,,Belconnen
80101100604,307,2917.9,390.7358198574487,527.4933568075558,,Belconnen
80101100605,434,1580.5,266.04254426766533,359.1574347613482,,Belconnen
80101100606,358,3922.9,457.59670226673614,617.7555480600938,,Belconnen
80101100607,416,3484.8,270.21470737612765,364.7898549577724,,Belconnen
80101100608,476,3163.5,234.98928441362466,317.2355339583933,,Belconnen
80101100609,364,2850.6,152.28400765222554,205.5834103305045,,Belconnen
80101100610,381,3516.4,352.4418095350393,475.7964428723031,,Belconnen
80101100611,418,2521.1,67.282138090454,90.8308864221129,,Belconnen
80101100612,533,2984.6,247.13388645678248,333.63074671665635,,Belconnen
80101100613,246,3638.2,155.63567779173954,210.10816501884838,,Belconnen
80101100614,357,1282.8,366.42770883393285,494.6774069258094,,Belconnen
80101100615,216,1439.7,92.77642832626157,125.24817824045313,,Belconnen
80101100616,522,3043.8,181.87856057192917,245.5360567721044,,Belconnen
80101100617,402,2354.2,124.63963897745778,168.26351261956802,,Belconnen
80101100618,347,2352.7,238.0931442493343,321.4257447366013,,Belconnen
80101100619,194,3215.6,150.6657793739562,203.3988021548409,,Belconnen
80101100620,420,3096.1,250.28143720626477,337.8799402284575,,Belconnen
80101100621,0,0.0,533.2017089056993,719.8223070226941,,Belconnen
80101100622,295,3668.5,252.5232201873445,340.9063472529151,,Belconnen
80101100623,389,3276.0,200.63833406870486,270.8617509927516,,Belconnen
80101100701,496,967.2,532.659814059103,719.0907489797892,,Belconnen
80101100702,252,1527.6,191.61254646504236,258.67693772780717,,Belconnen
80101100703,506,1308.0,241.52547313217931,326.0593887284421,,Belconnen
80101100704,210,1217.9,215.0443217904339,290.3098344170858,,Belconnen
80101100705,454,2409.8,202.42451345862654,273.27309316914585,,Belconnen
80101100706,401,2462.4,182.10427080512946,245.8407655869248,,Belconnen
80101100707,484,2399.5,214.14991867978776,289.1023902177135,,Belconnen
80101100708,351,2507.3,152.95050325696423,206.4831793969017,,Belconnen
80101100709,343,2104.7,132.8862937276282,179.3964965322981,,Belconnen
80101100710,395,2159.6,459.8279210417317,620.7676934063378,,Belconnen
80101100711,607,2607.9,220.20682243985098,297.2792102937988,,Belconnen
80101100712,414,2428.4,187.4858646093217,253.1059172225843,,Belconnen
80101100713,319,1357.6,248.26806452994663,335.161887115428,,Belconnen
80101100714,278,1810.6,178.66989514212273,241.2043584418657,,Belconnen
80101100801,373,1249.0,204.1253548082495,275.56922899113687,,Belconnen
80101100802,517,2519.3,235.44016001508453,317.8442160203641,,Belconnen
80101100803,409,1240.9,206.97223439384763,279.4125164316943,,Belconnen
80101100804,297,2272.0,120.22370250895584,162.3019983870904,,Belconnen
80101100805,472,2086.9,173.3854768057,234.070393687695,,Belconnen
80101100806,332,1515.4,205.70343955717902,277.6996434021917,,Belconnen
80101100807,566,2671.4,261.01113429411566,352.3650312970562,,Belconnen
80101100808,364,3099.9,126.73980029545285,171.09873039886136,,Belconnen
80101100809,473,1818.8,342.976059803418,463.0176807346144,,Belconnen
80101100810,361,721.2,156.8249921969657,211.7137394659037,,Belconnen
80101100811,209,2157.8,129.91720676892825,175.38822913805316,,Belconnen
80101100812,416,2510.4,195.36660220587143,263.74491297792645,,Belconnen
80101100901,381,2246.6,91.98351315358876,124.17774275734483,,Belconnen
80101100902,285,1927.6,221.33852737949007,298.8070119623116,,Belconnen
80101100903,439,1083.9,221.32993758748145,298.79541574309997,,Belconnen
80101100904,373,1682.6,196.6736566957453,265.50943653925617,,Belconnen
80101100905,368,2424.8,170.56251213779987,230.25939138602985,,Belconnen
80101100906,495,2546.7,221.52300747347542,299.0560600891918,,Belconnen
80101100907,304,1377.1,225.4484638143854,304.35542614942034,,Belconnen
80101100908,347,1917.5,234.70480302944887,316.851484089756,,Belconnen
80101100909,304,2239.9,165.12287333173276,222.91587899783926,,Belconnen
80101100910,374,1370.1,91.44987565496075,123.45733213419702,,Belconnen
80101101001,400,424.0,93.76050704633477,126.57668451255194,,Belconnen
80101101002,349,1937.2,149.17044035511273,201.3800944794022,,Belconnen
80101101003,452,1638.9,109.34640722388383,147.61764975224318,,Belconnen
80101101004,386,1837.9,158.57301420974284,214.07356918315284,,Belconnen
80101101005,547,627.6,272.10020655470004,367.33527884884506,,Belconnen
80101101101,700,1177.1,380.9165051134912,514.2372819032132,,Belconnen
80101101102,347,1233.8,389.5491625783622,525.891369480789,,Belconnen
80101101103,667,1301.9,253.47049580493527,342.1851693366626,,Belconnen
80101101104,445,2089.0,150.71531381976615,203.46567365668432,,Belconnen
80101101105,286,2106.1,161.3416307592452,217.81120152498102,,Belconnen
80101101106,240,2285.1,14.85583458223733,20.0553766860204,,Belconnen
80101101107,0,0.0,210.2014707812748,283.77198555472097,,Belconnen
80101101108,199,1731.0,157.5731832154373,212.72379734084038,,Belconnen
80101101109,232,1588.9,154.4297057992598,208.48010282900074,,Belconnen
80101101110,253,2429.6,199.66522699660544,269.5480564454174,,Belconnen
80101101202,0,0.0,634.1896773624857,856.1560644393558,,Belconnen
80101101203,3,0.4,1027.3321967770107,1386.8984656489645,,Belconnen
80101101301,213,2461.0,216.39954312166665,292.13938321425,,Belconnen
80101101302,593,3741.4,99.29680602169569,134.0506881292892,,Belconnen
80101101303,376,1434.3,174.16205177278397,235.11876989325836,,Belconnen
80101101304,273,1615.3,242.88583558427823,327.8958780387756,,Belconnen
80101101305,425,1324.4,167.14398915619182,225.64438536085896,,Belconnen
80101101306,353,1611.5,203.74748372375126,275.0591030270642,,Belconnen
80101101307,206,2740.6,183.9316390164913,248.30771267226325,,Belconnen
80101101308,325,2143.0,65.64508037071938,88.62085850047117,,Belconnen
80101101309,0,0.0,353.3962603620325,477.08495148874385,,Belconnen
80101101310,238,2017.4,135.7677631590831,183.2864802647622,,Belconnen
80101101401,408,1522.3,222.23913677809873,300.0228346504333,,Belconnen
80101101402,498,1971.6,240.4144915276715,324.5595635623565,,Belconnen
80101101403,648,2341.3,247.08767678286486,333.5683636568676,,Belconnen
80101101404,544,2154.4,217.6911689463318,293.88307807754796,,Belconnen
80101101405,403,1708.3,206.04727674777047,278.1638236094901,,Belconnen
80101101406,251,2248.6,125.97717566244765,170.06918714430435,,Belconnen
80101101407,562,2001.1,207.0475472546254,279.5141887937443,,Belconnen
80101101502,297,2507.5,266.17075758591943,359.3305227409913,,Belconnen
80101101503,322,2073.6,241.4129236359413,325.9074469085208,,Belconnen
80101101504,380,1551.3,208.54879162038236,281.5408686875162,,Belconnen
80101101505,519,2194.5,224.69573136664508,303.33923734497085,,Belconnen
80101101506,328,1943.5,210.13635796510312,283.68408325288925,,Belconnen
80101101508,326,2557.3,146.55160072255862,197.84466097545416,,Belconnen
80101101509,391,2062.3,200.62051330440082,270.8376929609411,,Belconnen
80101101510,384,2440.0,217.16911376167496,293.1783035782612,,Belconnen
80101101511,233,2337.2,214.6108261864865,289.72461535175677,,Belconnen
80101101512,302,2289.6,139.52729237292584,188.3618447034499,,Belconnen
80101101513,286,1496.6,97.16246482112682,131.1693275085212,,Belconnen
80101101514,0,0.0,130.84023894909515,176.63432258127847,,Belconnen
80101101515,450,2907.8,168.87759265252265,227.9847500809056,,Belconnen
80101101516,747,3756.1,414.5248612439555,559.60856267934,,Belconnen
80101101517,649,778.5,275.7984175003351,372.32786362545244,,Belconnen
80101101601,443,1916.0,139.21188693568035,187.93604736316848,,Belconnen
80101101602,213,746.0,319.3403902612898,431.1095268527413,,Belconnen
80101101603,548,1984.9,279.10828002510596,376.79617803389306,,Belconnen
80101101604,430,2354.2,251.1236680029868,339.0169518040322,,Belconnen
80101101605,388,2021.6,84.2995896821463,113.80444607089751,,Belconnen
80101101606,548,1753.2,120.97239294640823,163.31273047765112,,Belconnen
80101101607,273,1384.5,212.12071504306235,286.36296530813416,,Belconnen
80101101608,58,36.4,395.94826202730985,534.5301537368683,,Belconnen
80101101609,454,1987.9,195.12841861725715,263.4233651332972,,Belconnen
80101101610,252,1171.4,78.61370305016894,106.12849911772807,,Belconnen
80101101611,402,2603.7,262.87560333585986,354.88206450341085,,Belconnen
80101101612,505,2099.3,246.22555347710224,332.40449719408804,,Belconnen
80101101613,548,2037.5,259.03397894350826,349.69587157373616,,Belconnen
80101101614,423,2105.6,321.65713756115304,434.2371357075566,,Belconnen
80101101615,440,2375.9,189.34935668662172,255.62163152693932,,Belconnen
80101101616,514,1817.2,216.43844566459,292.1919016471965,,Belconnen
80101101617,422,1496.4,459.35867677524186,620.1342136465765,,Belconnen
80101101618,387,1138.0,296.3527900656182,400.0762665885846,,Belconnen
80101101619,434,1160.3,446.2057045964544,602.3777012052135,,Belconnen
80101101701,329,2019.0,217.94448874113925,294.225059800538,,Belconnen
80101101702,547,2022.0,218.92849686396863,295.5534707663577,,Belconnen
80101101703,613,1716.5,333.04736298223577,449.6139400260183,,Belconnen
80101101704,341,2035.1,159.61728515001158,215.48333495251566,,Belconnen
80101101705,361,633.9,385.5476077717876,520.4892704919133,,Belconnen
80101101706,609,1044.6,395.6068632773668,534.0692654244452,,Belconnen
80101101707,451,1538.2,201.38226735271078,271.86606092615955,,Belconnen
80101101708,172,986.0,561.7628513232659,758.379849286409,,Belconnen
80101101709,346,2166.7,230.17838558021367,310.74082053328846,,Belconnen
80101101802,0,0.0,548.0350254494828,739.8472843568018,,Belconnen
80101101805,652,934.5,250.78662314200201,338.56194124170275,,Belconnen
80101101806,339,13664.0,300.18504899740753,405.2498161465002,,Belconnen
80101101807,571,5645.9,202.46754333005026,273.33118349556787,,Belconnen
80101101808,375,5571.9,115.14632116524393,155.4475335730793,,Belconnen
80101101809,408,3414.7,189.52685759366537,255.86125775144828,,Belconnen
80101101810,391,7850.4,193.2711721909793,260.9160824578221,,Belconnen
80101101902,648,3213.0,223.4411191133838,301.64551080306813,,Belconnen
80101101904,458,2966.1,208.7258531504572,281.77990175311726,,Belconnen
80101101905,491,1521.6,309.5562383717857,417.9009218019107,,Belconnen
80101101906,336,921.9,362.6376443323872,489.56081984872276,,Belconnen
80101101907,551,2150.5,186.60955895656764,251.92290459136632,,Belconnen
80101101908,471,1782.6,180.45325975670386,243.61190067155022,,Belconnen
80101101909,441,1278.2,477.5339348068088,644.670811989192,,Belconnen
80101101910,348,1270.4,182.09736102753254,245.83143738716896,,Belconnen
80101101911,499,1911.9,220.02830157431578,297.0382071253263,,Belconnen
80101101912,373,1496.1,180.43085899738793,243.58165964647372,,Belconnen
80101101913,452,1099.7,78.40527590936024,105.84712247763633,,Belconnen
80101101914,259,3249.1,133.64288027357472,180.41788836932588,,Belconnen
80101101915,333,1239.0,477.24932547956234,644.2865893974092,,Belconnen
80101101916,330,3372.1,291.6854991692535,393.77542387849223,,Belconnen
80101101917,328,3209.2,490.375838599604,662.0073821094654,,Belconnen
80101101918,281,2690.8,303.17165555481125,409.2817349989952,,Belconnen
80101101919,433,818.8,785.6638999340321,1060.6462649109435,,Belconnen
80101102001,307,1867.5,178.39088040846022,240.82768855142132,,Belconnen
80101102002,402,2391.4,492.0371527584422,664.250156223897,,Belconnen
80101102003,276,2041.2,98.33364046634154,132.75041462956108,,Belconnen
80101102004,260,1673.5,159.74005803673825,215.64907834959664,,Belconnen
80101102005,860,1796.7,119.90729292457894,161.8748454481816,,Belconnen
80101102006,296,2253.1,161.08028133553532,217.4583798029727,,Belconnen
80101102007,307,1337.5,206.14474106161424,278.2954004331792,,Belconnen
80101102008,397,1640.7,200.95813818870943,271.29348655475775,,Belconnen
80101102101,622,2140.0,212.9260984745475,287.4502329406391,,Belconnen
80101102102,378,1695.8,159.4228574555078,215.22085756493553,,Belconnen
80101102103,542,2126.3,116.6802521415743,157.51834039112532,,Belconnen
80101102104,479,2502.7,160.52472354041632,216.70837677956203,,Belconnen
80101102105,722,1579.7,260.7764865560419,352.04825685065657,,Belconnen
80101102201,225,2034.5,164.9014705124721,222.61698519183733,,Belconnen
80101102202,295,2001.7,210.71695860666122,284.46789411899266,,Belconnen
80101102203,511,657.3,248.24003549079748,335.1240479125766,,Belconnen
80101102204,580,2198.3,202.8605896765997,273.8617960634096,,Belconnen
80101102205,592,2375.0,216.5154947566668,292.29591792150023,,Belconnen
80101102206,343,1380.5,69.91551696693168,94.38594790535777,,Belconnen
80101102207,535,1902.0,63.800068823684214,86.13009291197369,,Belconnen
80101102208,305,1300.3,108.97846729895137,147.12093085358435,,Belconnen
80101102301,510,2302.0,188.01457114941104,253.81967105170492,,Belconnen
80101102302,249,2142.9,89.09741883787864,120.28151543113617,,Belconnen
80101102303,478,2405.0,203.74460552921343,275.05521746443816,,Belconnen
80101102304,527,2970.0,238.63742273450612,322.16052069158326,,Belconnen
80101102305,339,1740.5,152.84126777655982,206.33571149835578,,Belconnen
80101102306,391,2398.9,218.92135402040174,295.54382792754234,,Belconnen
80101102307,559,2200.5,263.22017434912175,355.3472353713144,,Belconnen
80101102401,253,1081.2,241.39815898021834,325.8875146232948,,Belconnen
80101102402,547,2351.1,89.38965618511183,120.67603584990098,,Belconnen
80101102403,403,2084.9,134.4682843416395,181.53218386121335,,Belconnen
80101102404,292,1816.9,176.16251042028972,237.81938906739114,,Belconnen
80101102405,305,2499.7,119.42324976406383,161.22138718148616,,Belconnen
80101102406,455,2622.1,292.24683227156424,394.53322356661175,,Belconnen
80101102407,296,2804.7,162.35386477318787,219.17771744380363,,Belconnen
80101102408,523,2516.2,261.4406321684398,352.9448534273937,,Belconnen
80101102501,332,1546.9,217.40663211297328,293.498953352514,,Belconnen
80101102502,398,1767.2,180.09756685346082,243.1317152521721,,Belconnen
80101102503,513,2156.0,231.52427308466855,312.55776866430256,,Belconnen
80101102504,526,2191.6,183.4536270084446,247.66239646140025,,Belconnen
80101102505,293,1112.0,158.319571804633,213.73142193625458,,Belconnen
80101102506,525,1523.2,110.13511577882403,148.68240630141244,,Belconnen
80101102601,352,1444.3,274.66134981352303,370.79282224825613,,Belconnen
80101102602,211,1011.8,221.02608971647888,298.3852211172465,,Belconnen
80101102603,398,1633.0,340.50533122465447,459.68219715328354,,Belconnen
80101102604,490,1839.8,257.11672471296464,347.1075783625023,,Belconnen
80101102605,270,2056.7,288.0790912948977,388.9067732481119,,Belconnen
80101102606,626,2096.4,140.08369143236732,189.1129834336959,,Belconnen
80101102607,448,2296.9,178.50889078228818,240.98700255608907,,Belconnen
80101111101,12,0.5,1366.4722467961974,1844.7375331748667,,Belconnen
80101114201,0,0.0,1556.6579211878766,2101.4881936036336,,Belconnen
80101114301,177,44.2,908.2053403697362,1226.077209499144,,Belconnen
80101114302,540,2658.9,252.20004649494365,340.47006276817393,,Belconnen
80101114401,25,8.3,753.9671411129717,1017.8556405025118,,Belconnen
80103103102,376,552.0,234.45327137314135,316.51191635374084,,Canberra East
80103103103,14,1.8,514.0067577755196,693.9091229969516,,Canberra East
80103103201,25,0.3,11192.747708953126,15110.20940708672,,Canberra East
80103111301,375,916.2,4118.54435852448,5560.034884008049,,Canberra East
80103111302,270,1337.2,1157.1027933102212,1562.0887709687986,,Canberra East
80103111303,39,58.7,1866.8045018484481,2520.1860774954052,,Canberra East
80103111304,26,5.1,1975.3126943327663,2666.6721373492346,,Canberra East
80103111305,30,15.5,607.9827548920923,820.7767191043247,,Canberra East
80103111306,3,1.4,2379.659451377123,3212.540259359116,,Canberra East
80103111307,351,450.1,308.86388860567075,416.96624961765554,,Canberra East
80103111308,0,0.0,2190.0478988465698,2956.5646634428695,,Canberra East
80103111309,12,1.7,1665.259151451921,2248.0998544600934,,Canberra East
80103111401,125,22.5,733.6917883447002,990.4839142653453,,Canberra East
80103111501,0,0.0,392.4764001135977,529.843140153357,,Canberra East
80103111502,137,18.1,176.1893779634581,237.85566025066845,,Canberra East
80103111503,0,0.0,930.2756050009395,1255.8720667512684,,Canberra East
80103111504,34,1.2,4860.624062901563,6561.842484917111,,Canberra East
80103111505,8,0.5,1205.8145869446232,1627.8496923752414,,Canberra East
80103111506,117,3.5,3493.8309338344607,4716.671760676522,,Canberra East
80103111507,0,0.0,254.02719995436294,342.93671993839,,Canberra East
80104103401,404,3299.5,341.70242347243243,461.2982716877838,,Gungahlin
80104103402,213,1319.7,153.00569980543352,206.55769473733528,,Gungahlin
80104103403,460,3173.5,255.34584139664736,344.71688588547397,,Gungahlin
80104103404,428,3670.4,260.9755262788341,352.31696047642606,,Gungahlin
80104103405,493,4093.6,298.78413162285574,403.35857769085527,,Gungahlin
80104103406,389,1933.3,176.1277168226815,237.77241771062003,,Gungahlin
80104103407,280,1499.3,168.7941787834089,227.87214135760203,,Gungahlin
80104103408,961,5144.2,150.43437263689043,203.08640305980208,,Gungahlin
80104103409,294,624.6,233.81940389798336,315.65619526227755,,Gungahlin
80104103410,510,3218.6,116.37816283707363,157.1105198300494,,Gungahlin
80104103411,590,2287.4,190.64803372930518,257.37484553456204,,Gungahlin
80104103412,501,1815.7,485.3825718304061,655.2664719710483,,Gungahlin
80104103413,399,3276.5,421.1269482993011,568.5213802040565,,Gungahlin
80104103414,208,3059.8,88.35129685601372,119.27425075561852,,Gungahlin
80104103501,393,4581.1,233.83706091105708,315.68003222992706,,Gungahlin
80104103505,322,4408.4,150.94166820695938,203.77125207939517,,Gungahlin
80104103506,432,3501.8,364.43747648615704,491.990593256312,,Gungahlin
80104103507,429,2874.6,226.17415506282333,305.33510933481153,,Gungahlin
80104103508,357,4922.5,263.8336115911023,356.1753756479881,,Gungahlin
80104103509,478,2609.3,290.6975375615464,392.4416757080877,,Gungahlin
80104103510,534,3455.2,233.42358341907192,315.1218376157471,,Gungahlin
80104103511,337,4726.0,206.60319223619908,278.9143095188688,,Gungahlin
80104103512,598,4985.0,212.51549082627983,286.8959126154778,,Gungahlin
80104103513,386,4250.3,222.88319880762722,300.8923183902968,,Gungahlin
80104103514,357,2495.2,432.6731041045353,584.1086905411227,,Gungahlin
80104103515,337,3467.1,278.30300686765867,375.70905927133924,,Gungahlin
80104103516,555,3980.5,267.6053592309492,361.26723496178147,,Gungahlin
80104103517,277,822.3,779.4183823624542,1052.2148161893133,,Gungahlin
80104103518,475,4403.0,176.21263055560414,237.8870512500656,,Gungahlin
80104103519,331,4433.4,323.95370522950645,437.33750205983375,,Gungahlin
80104103520,363,4639.2,120.6419954710905,162.86669388597218,,Gungahlin
80104103521,0,0.0,425.8568931346852,574.9068057318251,,Gungahlin
80104103522,376,1474.9,294.8875684597488,398.09821742066094,,Gungahlin
80104103601,514,3659.7,84.14420202617272,113.59467273533318,,Gungahlin
80104103604,519,1643.0,218.23368618393684,294.61547634831476,,Gungahlin
80104103605,263,977.7,341.32978865532027,460.7952146846824,,Gungahlin
80104103606,380,3447.3,226.46308817403158,305.72516903494267,,Gungahlin
80104103607,361,1081.7,319.6776829278477,431.5648719525944,,Gungahlin
80104103608,597,4477.6,123.27531570306574,166.42167619913877,,Gungahlin
80104103609,661,5214.1,180.96317242722492,244.30028277675365,,Gungahlin
80104103610,305,4286.9,104.96893401804155,141.7080609243561,,Gungahlin
80104103611,290,2222.9,378.57775201183404,511.07996521597596,,Gungahlin
80104103612,198,4621.4,105.61550404152223,142.58093045605503,,Gungahlin
80104103613,415,3861.9,146.13172212800944,197.27782487281277,,Gungahlin
80104103614,319,3916.2,167.9016188612721,226.66718546271736,,Gungahlin
80104103615,599,1662.7,477.6754300589735,644.8618305796143,,Gungahlin
80104103616,563,4194.3,183.6874237542914,247.9780220682934,,Gungahlin
80104103617,387,3936.8,140.05450803952505,189.07358585335882,,Gungahlin
80104103618,97,562.1,66.9591726092934,90.3948830225461,,Gungahlin
80104103702,357,4364.0,245.27439160777072,331.1204286704905,,Gungahlin
80104103703,490,5290.9,92.68747582558771,125.12809236454342,,Gungahlin
80104103704,452,1448.6,398.5881238471168,538.0939671936077,,Gungahlin
80104103705,168,4969.2,103.2552297814932,139.39456020501584,,Gungahlin
80104103706,305,3045.0,379.38091044062975,512.1642290948502,,Gungahlin
80104103707,310,6016.1,134.69917130738136,181.84388126496486,,Gungahlin
80104103708,512,2416.6,202.0722983175429,272.79760272868293,,Gungahlin
80104103709,0,0.0,257.52286822912714,347.65587210932165,,Gungahlin
80104103710,470,2757.8,273.368469005638,369.04743315761135,,Gungahlin
80104103711,663,4386.0,115.66044412735704,156.141599571932,,Gungahlin
80104103712,269,6239.2,280.6985098580393,378.9429883083531,,Gungahlin
80104103713,326,2385.4,24.181001828425508,32.644352468374436,,Gungahlin
80104103714,483,2599.3,16.216633197039787,21.892454816003713,,Gungahlin
80104103804,462,3154.1,302.17960081069396,407.94246109443685,,Gungahlin
80104103805,370,1759.2,294.1747425720031,397.1359024722042,,Gungahlin
80104103806,296,2159.6,258.61710352098066,349.13308975332393,,Gungahlin
80104103807,327,2451.4,279.95749487423626,377.94261808021895,,Gungahlin
80104103808,395,3970.4,133.89270300000902,180.7551490500122,,Gungahlin
80104103809,331,3992.6,91.89057649043284,124.05227826208433,,Gungahlin
80104103810,334,3156.1,153.60478473455456,207.36645939164868,,Gungahlin
80104103811,273,1886.8,181.19341785817866,244.61111410854122,,Gungahlin
80104103812,522,2746.3,174.7300241400048,235.8855325890065,,Gungahlin
80104103813,377,3823.4,205.94164661270975,278.0212229271582,,Gungahlin
80104103814,336,1030.9,275.3023862057477,371.65822137775945,,Gungahlin
80104103815,412,1670.4,210.81286813797612,284.5973719862678,,Gungahlin
80104103907,248,1561.1,132.77565888156633,179.24713949011456,,Gungahlin
80104103908,252,1918.3,119.02630082662888,160.685506115949,,Gungahlin
80104103910,655,4650.3,286.15230094363113,386.3056062739021,,Gungahlin
80104103911,181,8424.4,195.58752678063246,264.0431611538538,,Gungahlin
80104103912,359,4053.2,215.882280663105,291.44107889519177,,Gungahlin
80104103913,185,9403.1,413.2189210488179,557.8455434159042,,Gungahlin
80104103914,470,2748.4,357.43779522287446,482.54102355088054,,Gungahlin
80104103915,327,1731.2,235.92419304319793,318.49766060831723,,Gungahlin
80104103916,480,9820.8,211.1350137593096,285.032268575068,,Gungahlin
80104103917,206,10435.4,256.6954514119939,346.53885940619176,,Gungahlin
80104103918,191,6790.3,145.64206564881795,196.61678862590423,,Gungahlin
80104103919,259,980.7,397.0692894313814,536.0435407323649,,Gungahlin
80104103920,197,8782.4,285.26130137040866,385.1027568500517,,Gungahlin
80104103921,391,12356.2,122.5219100047096,165.40457850635798,,Gungahlin
80104103922,462,4530.1,330.4578006065354,446.1180308188228,,Gungahlin
80104103923,512,4219.1,154.61422882758856,208.72920891724456,,Gungahlin
80104103924,410,1090.4,417.1494679296234,563.1517817049917,,Gungahlin
80104103925,417,3452.7,121.90183746709543,164.56748058057886,,Gungahlin
80104103926,168,8010.4,337.66080597756536,455.84208806971327,,Gungahlin
80104103927,547,4470.6,187.77133592767115,253.49130350235606,,Gungahlin
80104103928,272,4112.2,266.2858294064881,359.48586969875896,,Gungahlin
80104103929,287,7848.9,133.1577884628496,179.76301442484697,,Gungahlin
80104104001,659,6535.2,191.6193237671498,258.6860870856523,,Gungahlin
80104104002,334,2401.4,205.02534468530783,276.7842153251656,,Gungahlin
80104104005,392,2793.6,318.8290269688453,430.4191864079412,,Gungahlin
80104104006,313,3843.6,180.23326656257044,243.3149098594701,,Gungahlin
80104104007,511,3177.3,213.18036109307155,287.7934874756466,,Gungahlin
80104104008,534,3082.6,224.1857985313228,302.6508280172858,,Gungahlin
80104104011,0,0.0,651.5731488600923,879.6237509611246,,Gungahlin
80104104013,300,2848.5,186.90877599081793,252.32684758760422,,Gungahlin
80104104014,375,1146.9,427.5508588634838,577.1936594657031,,Gungahlin
80104104015,404,3942.4,176.18440587092437,237.84894792574792,,Gungahlin
80104104017,366,3563.0,190.54523915725335,257.236072862292,,Gungahlin
80104104018,143,489.4,125.20939038602653,169.0326770211358,,Gungahlin
80104104019,219,2756.9,148.28779589264548,200.18852445507142,,Gungahlin
80104104020,0,0.0,90.35773816272983,121.98294651968529,,Gungahlin
80104104021,44,208.3,230.18893717049554,310.75506518016897,,Gungahlin
80104104022,240,7833.8,156.8289238167772,211.71904715264924,,Gungahlin
80104104023,0,0.0,104.30091429503386,140.80623429829572,,Gungahlin
80104104024,300,3191.1,155.3083240685087,209.66623749248677,,Gungahlin
80104104025,380,4729.5,164.99561141392454,222.74407540879812,,Gungahlin
80104104026,649,8440.9,132.04020745051346,178.2542800581932,,Gungahlin
80104104027,477,3066.3,103.39881270465193,139.5883971512801,,Gungahlin
80104104028,285,43156.8,161.3778456564175,217.86009163616362,,Gungahlin
80104104029,375,25709.9,111.81725922272656,150.95329995068087,,Gungahlin
80104104030,819,57011.7,60.16623774193039,81.22442095160604,,Gungahlin
80104104031,250,9988.8,133.9023977947893,180.76823702296556,,Gungahlin
80104104032,210,6003.6,71.08492878651707,95.96465386179804,,Gungahlin
80104104301,298,170.9,2195.4057122851837,2963.797711584998,,Gungahlin
80104104302,0,0.0,2541.427680102183,3430.9273681379473,,Gungahlin
80104104401,576,3752.0,251.36611560931325,339.34425607257293,,Gungahlin
80104104402,588,2677.2,394.7305020184241,532.8861777248726,,Gungahlin
80104104404,594,4230.9,84.71578916228232,114.36631536908114,,Gungahlin
80104104405,477,3291.0,231.08243728260814,311.961290331521,,Gungahlin
80104104409,356,2237.8,167.3415473059317,225.91108886300782,,Gungahlin
80104104410,196,7005.5,420.0321353224258,567.0433826852749,,Gungahlin
80104104411,327,3068.5,113.21542720831282,152.8408267312223,,Gungahlin
80104104412,287,4244.7,329.84066057454356,445.28489177563387,,Gungahlin
80104104413,399,2204.0,55.6808258758627,75.16911493241466,,Gungahlin
80104104414,228,3961.7,441.80644507807193,596.4387008553972,,Gungahlin
80104104415,359,3914.2,246.5109286978015,332.789753742032,,Gungahlin
80104104416,474,3560.8,285.0428773366625,384.8078844044944,,Gungahlin
80104104417,360,2510.5,163.93971886182464,221.31862046346328,,Gungahlin
80104104418,504,5746.3,274.9942483236196,371.24223523688653,,Gungahlin
80104104419,340,13111.6,148.03206044994147,199.843281607421,,Gungahlin
80104104420,505,4501.0,320.24884009770767,432.3359341319054,,Gungahlin
80104104421,300,12602.4,208.49650128940783,281.47027674070057,,Gungahlin
80104104422,3,7.6,398.7874204507262,538.3630176084804,,Gungahlin
80104104423,335,4533.1,502.52406824850914,678.4074921354874,,Gungahlin
80104104424,507,3688.8,222.14762543964804,299.89929434352484,,Gungahlin
80104104425,19,57.8,462.7261167815094,624.6802576550377,,Gungahlin
80104104426,500,4450.5,157.11249725954883,212.10187130039094,,Gungahlin
80104104502,0,0.0,1060.272733133132,1431.3681897297283,,Gungahlin
80104104503,0,0.0,851.3076663414678,1149.2653495609816,,Gungahlin
80104104504,7,3.1,157.53725552457584,212.6752949581774,,Gungahlin
80104104601,254,3062.5,60.91274481711348,82.2322055031032,,Gungahlin
80104104602,415,6861.4,106.32252005999537,143.53540208099375,,Gungahlin
80104104603,228,2399.2,200.3203212707593,270.43243371552506,,Gungahlin
80104104604,245,1352.7,215.08759085365122,290.36824765242915,,Gungahlin
80104104605,298,4582.8,267.6086869296034,361.2717273549646,,Gungahlin
80104104606,365,3451.6,412.0972312229486,556.3312621509807,,Gungahlin
80104104607,240,4610.2,461.32304728426504,622.7861138337579,,Gungahlin
80104104609,290,3058.9,119.7314285673491,161.63742856592128,,Gungahlin
80104104612,210,3732.5,83.70896288561595,113.00709989558153,,Gungahlin
80104104613,405,3144.2,137.81235878756831,186.04668436321722,,Gungahlin
80104104614,310,3045.3,169.9262873247905,229.4004878884672,,Gungahlin
80104104616,210,2147.2,254.9450650292069,344.1758377894293,,Gungahlin
80104104617,498,3488.0,214.7300232727599,289.88553141822587,,Gungahlin
80104104618,385,2977.3,188.36852446692785,254.29750803035262,,Gungahlin
80104104619,315,3076.6,123.46577901375194,166.67880166856514,,Gungahlin
80104104620,323,3593.9,122.62346372091818,165.54167602323955,,Gungahlin
80104104621,347,2730.9,163.9740032043735,221.36490432590423,,Gungahlin
80104104622,353,2225.1,225.2980153161371,304.1523206767851,,Gungahlin
80104104623,497,2586.0,59.787883541482884,80.7136427810019,,Gungahlin
80104104624,0,0.0,233.45803380416237,315.16834563561923,,Gungahlin
80104104625,425,3017.6,40.00414943459265,54.00560173670008,,Gungahlin
80104104626,324,1793.3,191.3150735634981,258.27534931072245,,Gungahlin
80104104627,367,3483.0,78.99357364392945,106.64132441930477,,Gungahlin
80104104628,374,4123.7,39.17318932141744,52.88380558391355,,Gungahlin
80104104629,234,1792.6,178.9779406975086,241.6202199416366,,Gungahlin
80104104630,321,2919.5,326.95023257334236,441.3828139740122,,Gungahlin
80104104631,351,2591.8,148.08413530038618,199.91358265552137,,Gungahlin
80104104632,601,4263.8,159.8587290219273,215.80928417960186,,Gungahlin
80104104633,492,3761.4,133.94841404134863,180.83035895582066,,Gungahlin
80104104634,385,3291.6,187.66200623048806,253.3437084111589,,Gungahlin
80104104635,258,2915.7,224.8574252114764,303.55752403549315,,Gungahlin
80104104636,297,3244.8,172.4000803894463,232.7401085257525,,Gungahlin
80104104637,320,4276.4,327.4396144861536,442.0434795563074,,Gungahlin
80104104701,291,2324.8,169.22110550876826,228.44849243683717,,Gungahlin
80104104702,373,2341.1,103.96456090644426,140.35215722369978,,Gungahlin
80104104703,473,2683.7,64.11874113379307,86.56030053062065,,Gungahlin
80104104704,228,2522.5,368.18351078498864,497.0477395597347,,Gungahlin
80104104705,412,2867.6,246.01092760876182,332.1147522718285,,Gungahlin
80104104706,360,472.2,306.0855660272226,413.2155141367506,,Gungahlin
80104104707,214,881.7,278.842441379421,376.4372958622184,,Gungahlin
80104104708,340,331.3,456.869211550437,616.77343559309,,Gungahlin
80104104709,265,333.6,322.6090823898259,435.522261226265,,Gungahlin
80104104710,422,2918.3,210.0977012062982,283.6318966285026,,Gungahlin
80104104711,488,3052.7,179.33379078042333,242.1006175535715,,Gungahlin
80104104712,257,2456.0,237.45438133042427,320.5634147960728,,Gungahlin
80104104713,450,2275.8,170.50382378287847,230.18016210688594,,Gungahlin
80104104714,0,0.0,347.64536152285825,469.32123805585866,,Gungahlin
80104104715,289,1272.4,226.34863431894664,305.570656330578,,Gungahlin
80104104716,402,2550.9,196.4338728649334,265.1857283676601,,Gungahlin
80104104717,508,822.8,390.0054910631485,526.5074129352505,,Gungahlin
80104104718,465,632.1,377.5893758666781,509.74565742001545,,Gungahlin
80104104719,444,2556.4,173.2699334804583,233.9144101986187,,Gungahlin
80104104801,320,3373.4,191.42837008482465,258.4282996145133,,Gungahlin
80104104802,533,3357.6,184.9605005184402,249.69667569989429,,Gungahlin
80104104803,334,4249.4,217.710451097927,293.9091089822015,,Gungahlin
80104104804,407,2527.1,171.3598928937168,231.33585540651768,,Gungahlin
80104104805,517,3409.5,126.26943127058226,170.46373221528606,,Gungahlin
80104104806,321,2611.4,349.032967289014,471.1945058401689,,Gungahlin
80104104807,323,2715.4,162.13545778238827,218.8828680062242,,Gungahlin
80104104808,348,2231.9,190.30576381792068,256.91278115419294,,Gungahlin
80104104809,467,2616.4,147.4485516348089,199.055544706992,,Gungahlin
80104104810,312,2136.1,246.54197046612074,332.831660129263,,Gungahlin
80104104811,334,2719.1,245.9135086245186,331.98323664310016,,Gungahlin
80104104812,546,3179.0,234.91345722449975,317.1331672530747,,Gungahlin
80104104813,286,2576.0,255.32228785241264,344.68508860075707,,Gungahlin
80104104814,521,2901.3,194.37548347105175,262.4069026859199,,Gungahlin
80104111601,0,0.0,1196.8993829291903,1615.814166954407,,Gungahlin
80104111702,0,0.0,163.86632234801291,221.21953516981745,,Gungahlin
80104111801,706,4105.2,226.9911650343209,306.43807279633324,,Gungahlin
80104111803,5,1.8,806.2728065226224,1088.4682888055404,,Gungahlin
80104111901,19,3.1,809.1347204502825,1092.3318726078815,,Gungahlin
80104112001,413,2020.8,416.309732593693,562.0181390014856,,Gungahlin
80104112003,538,3068.7,232.98257498995713,314.52647623644214,,Gungahlin
80104112005,394,5038.9,206.63091897686766,278.95174061877134,,Gungahlin
80104112006,476,5349.8,217.52741350746004,293.6620082350711,,Gungahlin
80104112007,411,5039.2,183.53886019490724,247.7774612631248,,Gungahlin
80104112008,380,2599.5,380.420222093499,513.5672998262237,,Gungahlin
80104112009,436,10414.0,79.32082482052124,107.08311350770367,,Gungahlin
80104112010,480,3652.0,374.27872563955884,505.2762796134045,,Gungahlin
80104112011,347,4527.4,284.9394221703694,384.66821992999877,,Gungahlin
80104112012,535,4154.5,172.7040806620412,233.15050889375564,,Gungahlin
80104112013,480,2399.9,252.94449967774082,341.47507456495015,,Gungahlin
80104112014,0,0.0,414.8353737345682,560.027754541667,,Gungahlin
80104112015,415,2409.0,183.85864860973766,248.20917562314585,,Gungahlin
80104112102,299,1571.6,198.4899356157178,267.96141308121906,,Gungahlin
80104112103,110,283.5,608.3399699938592,821.25895949171,,Gungahlin
80104112104,0,0.0,490.80331304197256,662.584472606663,,Gungahlin
80104112105,52,207.0,531.4016779058442,717.3922651728897,,Gungahlin
80104112106,13,61.9,239.5429488121802,323.3829808964433,,Gungahlin
80104112107,508,3476.3,173.69099111830354,234.4828380097098,,Gungahlin
80104112108,381,1741.7,140.95587118222394,190.29042609600234,,Gungahlin
80104112109,23,141.3,104.15896619206877,140.61460435929285,,Gungahlin
80104112110,80,168.1,428.890817808311,579.0026040412199,,Gungahlin
80104112111,9,57.8,236.05858582058985,318.6790908577963,,Gungahlin
80104112112,0,0.0,268.5031720380482,362.4792822513651,,Gungahlin
80104112113,0,0.0,174.04589264525328,234.96195507109195,,Gungahlin
80104112114,483,4184.8,195.73391555098084,264.24078599382415,,Gungahlin
80104112115,263,1448.3,183.28830104897602,247.43920641611766,,Gungahlin
80104112202,452,964.4,229.88203534460658,310.3407477152189,,Gungahlin
80104112203,208,2154.1,128.14359271991157,172.99385017188064,,Gungahlin
80104112204,435,2413.0,165.15731885310845,222.96238045169642,,Gungahlin
80104112205,254,1907.3,474.1378050109755,640.086036764817,,Gungahlin
80104112206,51,307.5,199.15384578153336,268.85769180507003,,Gungahlin
80104112207,154,1090.9,348.72199801095064,470.7746973147834,,Gungahlin
80104112208,451,3049.9,213.73355104498287,288.5402939107269,,Gungahlin
80104112209,392,2626.3,343.3599300775249,463.53590560465864,,Gungahlin
80105104901,2848,1726.6,388.1104287755377,523.9490788469759,,North Canberra
80105104902,0,0.0,378.86186651599763,511.4635197965968,,North Canberra
80105104903,0,0.0,345.24701479288893,466.0834699704001,,North Canberra
80105104904,0,0.0,1371.2168595378814,1851.1427603761401,,North Canberra
80105105001,465,2312.4,199.81097434562253,269.74481536659044,,North Canberra
80105105002,295,967.6,371.3622348693069,501.3390170735644,,North Canberra
80105105003,0,0.0,621.4179041881022,838.914170653938,,North Canberra
80105105004,262,1956.6,201.7397610635697,272.34867743581907,,North Canberra
80105105005,516,2405.2,201.90738069700686,272.57496394095926,,North Canberra
80105105006,411,1756.0,163.349316737258,220.5215775952983,,North Canberra
80105105007,260,1631.5,187.07490471077782,252.55112135955008,,North Canberra
80105105008,252,2123.8,162.477280843744,219.34432913905442,,North Canberra
80105105011,587,1833.7,193.43648440384214,261.1392539451869,,North Canberra
80105105012,427,2877.4,172.8181305546804,233.30447624881856,,North Canberra
80105105013,543,1658.8,182.7672341235448,246.7357660667855,,North Canberra
80105105014,310,1795.9,191.2493154905982,258.1865759123076,,North Canberra
80105105015,383,2234.2,204.6398753719024,276.26383175206826,,North Canberra
80105105016,230,1853.4,75.781955362037,102.30563973874995,,North Canberra
80105105017,229,1155.0,232.88787600868915,314.39863261173036,,North Canberra
80105105018,201,1626.6,176.71416626358786,238.56412445584363,,North Canberra
80105105101,559,10879.6,225.05255374282848,303.8209475528185,,North Canberra
80105105102,442,1959.0,156.4100307963517,211.1535415750748,,North Canberra
80105105105,1029,15501.3,77.65710426513088,104.8370907579267,,North Canberra
80105105109,719,5153.0,230.85529504865102,311.6546483156789,,North Canberra
80105105110,207,2359.3,227.9296140535626,307.70497897230956,,North Canberra
80105105111,534,14340.1,71.0423612318242,95.90718766296268,,North Canberra
80105105112,217,4139.4,311.1125959411417,420.00200452054133,,North Canberra
80105105113,282,7118.8,58.677026374630266,79.21398560575086,,North Canberra
80105105114,3,91.5,182.37137454063674,246.20135562985962,,North Canberra
80105105115,492,1742.7,196.97711687562955,265.9191077820999,,North Canberra
80105105116,383,11468.3,177.82851037607134,240.06848900769631,,North Canberra
80105105117,241,1412.1,186.2870951897121,251.48757850611133,,North Canberra
80105105118,303,6454.3,145.91660978190836,196.9874232055763,,North Canberra
80105105119,408,5740.3,186.62219643255074,251.9399651839435,,North Canberra
80105105120,566,7654.1,190.9056734892554,257.72265921049484,,North Canberra
80105105301,705,5825.2,409.8807086764997,553.3389567132746,,North Canberra
80105105302,451,1237.9,115.69937478591075,156.19415596097951,,North Canberra
80105105305,4,231.9,171.06857625473444,230.9425779438915,,North Canberra
80105105306,258,9992.3,192.16733700621205,259.4259049583863,,North Canberra
80105105307,821,56681.1,70.62637631409555,95.345608024029,,North Canberra
80105105308,577,25737.3,61.922833325289105,83.5958249891403,,North Canberra
80105105311,365,6074.1,47.968509161539735,64.75748736807864,,North Canberra
80105105312,516,1150.0,175.41623525958272,236.8119176004367,,North Canberra
80105105313,398,3286.5,94.37077515014741,127.400546452699,,North Canberra
80105105314,741,3097.1,99.13129510622235,133.8272483934002,,North Canberra
80105105404,454,2234.5,215.3034538543769,290.65966270340886,,North Canberra
80105105405,171,485.0,228.51820691230293,308.49957933160897,,North Canberra
80105105406,573,1803.1,302.4119741936379,408.25616516141116,,North Canberra
80105105407,523,2212.0,218.36026361040325,294.78635587404443,,North Canberra
80105105408,239,1826.4,342.945748992162,462.9767611394187,,North Canberra
80105105409,859,3292.2,179.81377777809044,242.7486000004221,,North Canberra
80105105410,469,5884.6,319.82547512990635,431.7643914253736,,North Canberra
80105105501,491,2466.3,115.01504481543127,155.2703105008322,,North Canberra
80105105502,358,2154.3,224.63313603881377,303.2547336523986,,North Canberra
80105105503,382,2512.8,262.41300469487885,354.2575563380865,,North Canberra
80105105504,448,2707.5,233.80752911659107,315.640164307398,,North Canberra
80105105505,553,2868.1,145.5632188082794,196.5103453911772,,North Canberra
80105105506,527,3128.1,188.55076424382395,254.54353172916234,,North Canberra
80105105507,469,2301.1,202.15458905065344,272.90869521838215,,North Canberra
80105105508,677,2804.3,245.2168805442056,331.0427887346776,,North Canberra
80105105509,392,2642.4,304.58003551180946,411.1830479409428,,North Canberra
80105105601,577,2234.0,202.68613523949324,273.6262825733159,,North Canberra
80105105602,585,1878.3,251.89747951179618,340.06159734092483,,North Canberra
80105105603,459,1889.5,277.3495979121905,374.42195718145723,,North Canberra
80105105604,443,2467.0,203.74408322501375,275.0545123537686,,North Canberra
80105105605,502,1109.4,441.1381360219669,595.5364836296553,,North Canberra
80105105606,220,1247.8,393.8532268146822,531.701856199821,,North Canberra
80105105607,449,1348.2,406.2747031417387,548.4708492413473,,North Canberra
80105105701,381,122.4,671.607316704722,906.6698775513748,,North Canberra
80105105702,251,1741.5,52.2915838736421,70.59363822941684,,North Canberra
80105105703,281,1849.9,131.70153096255987,177.79706679945585,,North Canberra
80105105704,302,1054.5,284.44909833065594,384.0062827463855,,North Canberra
80105105705,478,1173.6,360.4403347919204,486.5944519690926,,North Canberra
80105105706,549,3359.2,160.23146901715018,216.31248317315274,,North Canberra
80105105708,476,1988.7,145.98722813396935,197.08275798085864,,North Canberra
80105105709,461,1165.2,245.22201575287667,331.04972126638353,,North Canberra
80105105711,955,8512.0,88.68636689232609,119.72659530464023,,North Canberra
80105105712,578,4768.1,460.94904995078474,622.2812174335594,,North Canberra
80105105713,362,2965.8,174.90152428737227,236.11705778795258,,North Canberra
80105105714,294,2667.9,193.51811445850575,261.24945451898276,,North Canberra
80105105715,333,2673.3,577.7690731616448,779.9882487682205,,North Canberra
80105105801,615,2411.0,183.82604614622682,248.16516229740623,,North Canberra
80105105802,466,2422.5,211.6676859008052,285.75137596608704,,North Canberra
80105105803,495,2405.4,278.3339437600981,375.7508240761325,,North Canberra
80105105804,367,1547.5,197.85364357394457,267.1024188248252,,North Canberra
80105105805,239,2277.3,198.70637101242278,268.2536008667708,,North Canberra
80105105806,318,2432.1,179.79085780758072,242.717658040234,,North Canberra
80105105807,587,1994.5,178.38976813194122,240.82618697812066,,North Canberra
80105105808,537,1810.1,242.36148516568863,327.18800497367965,,North Canberra
80105105809,357,2424.0,232.7747543512812,314.24591837422963,,North Canberra
80105105810,358,2208.8,90.4137618827466,122.05857854170792,,North Canberra
80105105811,526,2417.7,311.9617530333823,421.14836659506614,,North Canberra
80105105812,421,1062.8,333.3134860875186,449.9732062181501,,North Canberra
80105105813,623,2380.1,351.04627651924307,473.91247330097815,,North Canberra
80105105814,5,2.5,842.1034690101966,1136.8396831637656,,North Canberra
80105106003,761,3911.0,409.8102949889208,553.2438982350432,,North Canberra
80105106006,489,1042.9,117.49519710668149,158.61851609402,,North Canberra
80105106007,328,1423.3,94.30709069642633,127.31457244017555,,North Canberra
80105106008,468,10873.9,132.49683313833734,178.87072473675542,,North Canberra
80105106009,9,208.4,142.40457906126173,192.24618173270335,,North Canberra
80105106010,305,6999.1,191.0507291284609,257.9184843234222,,North Canberra
80105106011,334,2632.3,361.4448592125091,487.95055993688726,,North Canberra
80105106012,511,2483.7,363.47264823568247,490.68807511817135,,North Canberra
80105106013,155,1694.5,280.5078617674327,378.68561338603416,,North Canberra
80105106014,624,20183.5,90.61427253333618,122.32926792000384,,North Canberra
80105106015,494,7946.7,248.72670285107588,335.7810488489525,,North Canberra
80105106101,421,2423.3,204.6708678887849,276.3056716498596,,North Canberra
80105106102,369,2031.1,370.2322984581056,499.8136029184426,,North Canberra
80105106103,456,1222.5,249.7991221601232,337.22881491616636,,North Canberra
80105106106,253,2621.2,141.0442243837961,190.40970291812474,,North Canberra
80105106107,360,1499.8,243.20326245800496,328.32440431830673,,North Canberra
80105106108,525,2631.9,281.12072337122817,379.51297655115803,,North Canberra
80105106109,422,2228.2,314.6369256973615,424.75984969143803,,North Canberra
80105106110,391,2300.0,208.2069411799106,281.0793705928793,,North Canberra
80105106111,352,1930.3,192.0132962050574,259.2179498768275,,North Canberra
80105106112,305,1474.8,254.0438468211946,342.9591932086127,,North Canberra
80105106113,311,3844.8,129.2452250036102,174.48105375487376,,North Canberra
80105106114,553,7348.3,181.22772165691615,244.65742423683682,,North Canberra
80105106116,616,4586.7,381.18503932659235,514.5998030908997,,North Canberra
80105106117,0,0.0,374.2939303631428,505.29680599024283,,North Canberra
80105106118,8,14.4,223.29547593677813,301.4488925146505,,North Canberra
80105106119,426,2497.9,162.02488447690376,218.7335940438201,,North Canberra
80105106120,653,2700.8,238.50262836581228,321.9785482938466,,North Canberra
80105106121,296,2408.5,437.0573032246578,590.027359353288,,North Canberra
80105112301,0,0.0,1810.1044724487522,2443.641037805816,,North Canberra
80105112401,601,1116.4,147.55879232586446,199.20436963991705,,North Canberra
80105112402,398,1377.1,205.14361127883834,276.94387522643177,,North Canberra
80105112403,439,2119.7,128.12593588099773,172.97001343934696,,North Canberra
80105112404,450,2378.7,215.75951847795167,291.2753499452348,,North Canberra
80105112405,493,548.1,416.9133955631558,562.8330840102603,,North Canberra
80105112406,429,708.4,215.6996517800455,291.19452990306144,,North Canberra
80105112407,653,3127.8,266.4857496171817,359.75576198319527,,North Canberra
80105112408,261,1759.2,340.507304821388,459.68486150887384,,North Canberra
80105112410,380,14273.5,40.82638581514096,55.1156208504403,,North Canberra
80105112411,476,8871.0,197.00277427449717,265.9537452705712,,North Canberra
80105112501,856,450.0,19.187374766474793,25.902955934740973,,North Canberra
80105112502,1125,2186.2,207.08263947614444,279.56156329279503,,North Canberra
80105112601,0,0.0,395.8078473286486,534.3405938936756,,North Canberra
80105112602,0,0.0,260.0317136335817,351.0428134053353,,North Canberra
80105112701,289,1801.0,105.03563538263994,141.79810776656393,,North Canberra
80105112702,447,5355.1,187.1390150365948,252.637670299403,,North Canberra
80105112703,491,1242.3,309.873552922317,418.32929644512797,,North Canberra
80105112704,313,1044.4,104.94263686697862,141.67255977042115,,North Canberra
80105112801,0,0.0,74.8013891150938,100.98187530537663,,North Canberra
80106106201,462,2438.6,199.77478584081956,269.69596088510644,,South Canberra
80106106202,516,828.3,362.9776329983519,490.0198045477751,,South Canberra
80106106203,20,19.3,105.51895033137933,142.4505829473621,,South Canberra
80106106204,336,1896.6,182.0079388516772,245.71071744976425,,South Canberra
80106106205,528,2102.5,213.86713619037414,288.7206338570051,,South Canberra
80106106206,269,372.0,512.290066214663,691.5915893897952,,South Canberra
80106106207,367,2350.5,193.67073366834285,261.45549045226284,,South Canberra
80106106208,307,2189.0,211.19338430448718,285.1110688110577,,South Canberra
80106106209,317,1129.9,498.39870502654367,672.838251785834,,South Canberra
80106106301,931,1549.0,178.95601967629383,241.5906265629967,,South Canberra
80106106302,251,775.7,500.34110059782665,675.460485807066,,South Canberra
80106106303,385,1084.6,239.60902830359115,323.47218820984807,,South Canberra
80106106304,263,836.9,341.0937751658854,460.47659647394534,,South Canberra
80106106401,309,4644.1,142.1276545412482,191.8723336306851,,South Canberra
80106106402,568,1537.7,91.34436803428953,123.31489684629088,,South Canberra
80106106403,385,1802.4,170.88531781209318,230.6951790463258,,South Canberra
80106106405,702,1810.3,41.7225438845728,56.32543424417329,,South Canberra
80106106407,270,1587.4,297.7117263160471,401.9108305266636,,South Canberra
80106106409,0,0.0,309.5440379646253,417.8844512522442,,South Canberra
80106106410,218,4247.3,118.3726911437127,159.80313304401216,,South Canberra
80106106411,601,4227.1,286.19804419666133,386.3673596654928,,South Canberra
80106106413,368,1023.9,489.0032967250247,660.1544505787834,,South Canberra
80106106414,35,402.0,121.563260999196,164.11040234891462,,South Canberra
80106106415,365,2159.9,409.85893840570554,553.3095668477025,,South Canberra
80106106416,370,1559.7,249.99753881866724,337.4966774052008,,South Canberra
80106106417,65,1001.3,153.47065271734675,207.18538116841813,,South Canberra
80106106418,370,1212.2,129.47654046587195,174.79332962892715,,South Canberra
80106106419,341,19094.4,141.50288255244848,191.02889144580547,,South Canberra
80106106420,360,27207.0,204.0651296134268,275.48792497812616,,South Canberra
80106106601,0,0.0,542.7491607787472,732.7113670513088,,South Canberra
80106106701,369,2090.4,178.503630242013,240.97990082671757,,South Canberra
80106106702,308,2305.6,194.85086257850784,263.0486644809856,,South Canberra
80106106703,305,1828.6,194.1158786546923,262.0564361838346,,South Canberra
80106106704,324,1677.7,200.80408312141122,271.0855122139052,,South Canberra
80106106705,329,2415.8,137.2697974358967,185.31422653846056,,South Canberra
80106106706,420,2008.9,330.13876504046704,445.6873328046305,,South Canberra
80106106707,493,895.0,324.6517507237059,438.279863477003,,South Canberra
80106106708,415,2080.4,228.36785703395572,308.29660699584025,,South Canberra
80106106709,290,2492.4,320.8057832861967,433.08780743636555,,South Canberra
80106106710,339,1460.4,205.07828777189786,276.85568849206214,,South Canberra
80106106712,416,2286.1,149.79340616703658,202.22109832549938,,South Canberra
80106106713,346,1842.6,224.34732339357402,302.86888658132494,,South Canberra
80106106714,293,2181.2,98.0857610791582,132.4157774568636,,South Canberra
80106106715,375,1509.0,36.230463229865265,48.91112536031811,,South Canberra
80106106716,261,1904.7,228.27370992754527,308.1695084021861,,South Canberra
80106106717,418,444.8,49.98618118371409,67.48134459801402,,South Canberra
80106106718,251,2795.6,188.56788505740684,254.56664482749926,,South Canberra
80106106719,509,7670.7,337.1837981338434,455.19812748068864,,South Canberra
80106106801,3,1.7,337.76196074042383,455.9786469995722,,South Canberra
80106106901,296,1643.5,437.6412769773887,590.8157239194747,,South Canberra
80106106902,292,407.4,437.7950145678261,591.0232696665653,,South Canberra
80106106903,420,1723.7,300.5960145173396,405.80461959840846,,South Canberra
80106106904,228,1454.2,138.43588408615562,186.8884435163101,,South Canberra
80106106905,620,2306.8,269.13013445767376,363.3256815178596,,South Canberra
80106106906,579,1934.9,237.06763172604798,320.0413028301648,,South Canberra
80106106907,330,1281.1,192.23648852390946,259.5192595072778,,South Canberra
80106106908,0,0.0,1126.3454612247217,1520.5663726533744,,South Canberra
80106106909,390,1400.7,165.72511330722264,223.72890296475057,,South Canberra
80106107001,311,1087.1,336.59623076974907,454.4049115391613,,South Canberra
80106107002,485,136.1,1009.773068364645,1363.1936422922709,,South Canberra
80106107003,484,1360.5,181.4299665298174,244.93045481525348,,South Canberra
80106107004,301,1924.7,62.18130434806969,83.94476086989408,,South Canberra
80106107005,464,1162.5,290.2256257251728,391.8045947289833,,South Canberra
80106107006,296,1160.4,253.083406822148,341.66259920989984,,South Canberra
80106107007,528,1942.3,208.67381112870558,281.70964502375256,,South Canberra
80106107008,262,135.1,839.2295740546468,1132.9599249737732,,South Canberra
80106112901,703,3776.8,84.08439944308299,113.51393924816205,,South Canberra
80106112902,360,1008.1,337.0837921358519,455.06311938340014,,South Canberra
80106112903,886,1364.3,268.8454248348929,362.94132352710545,,South Canberra
80106113002,3,3.5,271.36281162686356,366.3397956962658,,South Canberra
80106113003,22,24.0,404.2959240747618,545.7994975009284,,South Canberra
80106113004,3,1.3,957.5457609010381,1292.6867772164014,,South Canberra
80106113005,3,5.6,78.11298522769621,105.4525300573899,,South Canberra
80106113006,0,0.0,1045.029689070794,1410.7900802455717,,South Canberra
80106113007,23,7.2,41.26696948737268,55.710408807953115,,South Canberra
80106113101,360,3188.5,142.3197249315217,192.1316286575543,,South Canberra
80106113103,656,5328.7,147.95386698031965,199.73772042343154,,South Canberra
80106113104,180,4787.9,94.64201882496327,127.76672541370043,,South Canberra
80106113106,765,3501.7,520.50999620763,702.6884948803006,,South Canberra
80106113107,530,3854.2,34.52698141124841,46.61142490518535,,South Canberra
80106113108,486,6626.6,124.7544094807937,168.4184527990715,,South Canberra
80106113109,461,8884.6,111.27913295774952,150.22682949296185,,South Canberra
80106113111,12,65.3,140.30462401548138,189.41124242089987,,South Canberra
80106113112,480,3492.6,458.6413953593585,619.165883735134,,South Canberra
80106113113,577,5100.2,318.078165438671,429.4055233422059,,South Canberra
80106113114,337,15080.2,146.75637461416494,198.1211057291227,,South Canberra
80106113115,373,6136.7,123.49760086754543,166.72176117118633,,South Canberra
80106113116,240,3778.8,387.56698616652614,523.2154313248103,,South Canberra
80106113117,328,20464.9,254.20785715358224,343.18060715733606,,South Canberra
80106113118,445,13665.0,108.6209665187339,146.63830480029077,,South Canberra
80106113119,356,15900.2,84.31570013845496,113.8261951869142,,South Canberra
80107107101,0,0.0,405.3048443518323,547.1615398749736,,Tuggeranong
80107107102,505,3142.8,174.6020852495078,235.71281508683555,,Tuggeranong
80107107104,280,3095.2,166.89256312848434,225.30496022345386,,Tuggeranong
80107107105,446,2837.7,106.91992841797558,144.34190336426704,,Tuggeranong
80107107106,375,2816.0,270.08865445709563,364.6196835170791,,Tuggeranong
80107107107,358,2564.3,123.10778072364705,166.19550397692353,,Tuggeranong
80107107108,570,2142.1,252.23178756936838,340.5129132186473,,Tuggeranong
80107107109,416,3442.6,225.0154472246841,303.77085375332354,,Tuggeranong
80107107110,717,2779.1,183.05198907483577,247.12018525102832,,Tuggeranong
80107107111,254,2708.4,188.08653807873026,253.91682640628585,,Tuggeranong
80107107112,590,2366.5,131.60761054099552,177.67027423034398,,Tuggeranong
80107107113,264,2571.5,149.95763159903527,202.44280265869762,,Tuggeranong
80107107114,319,2846.8,121.79471787376583,164.4228691295839,,Tuggeranong
80107107202,345,1445.1,18.780099497176256,25.353134321187948,,Tuggeranong
80107107203,383,2181.4,234.90380631602815,317.120138526638,,Tuggeranong
80107107204,437,2490.9,138.99540462136022,187.6437962388363,,Tuggeranong
80107107205,644,1326.6,424.52231165380545,573.1051207326374,,Tuggeranong
80107107206,529,3495.7,202.84897320959507,273.8461138329534,,Tuggeranong
80107107207,406,2707.4,192.4092052123464,259.75242703666765,,Tuggeranong
80107107208,538,2328.2,366.1889123625346,494.35503168942176,,Tuggeranong
80107107209,0,0.0,614.6318082904758,829.7529411921423,,Tuggeranong
80107107210,333,1692.6,297.86105347730376,402.1124221943601,,Tuggeranong
80107107211,227,2391.7,180.0438951910981,243.05925850798246,,Tuggeranong
80107107301,440,2405.5,179.02652335458413,241.6858065286886,,Tuggeranong
80107107302,426,1766.5,266.89445250739766,360.30751088498687,,Tuggeranong
80107107303,505,2505.5,222.39145428606056,300.2284632861818,,Tuggeranong
80107107304,329,2534.2,133.87794501780377,180.7352257740351,,Tuggeranong
80107107307,432,1432.9,186.36956778497566,251.59891650971716,,Tuggeranong
80107107308,289,1598.2,302.3143299789327,408.12434547155914,,Tuggeranong
80107107309,566,2232.2,185.61523058876966,250.58056129483907,,Tuggeranong
80107107310,388,536.7,321.5040240007232,434.03043240097634,,Tuggeranong
80107107311,577,1741.9,287.5005948653591,388.12580306823486,,Tuggeranong
80107107312,362,1392.2,397.2345788420628,536.2666814367848,,Tuggeranong
80107107313,347,1906.2,265.0395108819491,357.80333969063133,,Tuggeranong
80107107314,265,2936.2,114.36161114922882,154.38817505145892,,Tuggeranong
80107107315,118,298.4,382.0831904131276,515.8123070577224,,Tuggeranong
80107107316,316,1055.4,253.21467801268082,341.83981531711913,,Tuggeranong
80107107317,364,2828.5,167.3179024016643,225.8791682422468,,Tuggeranong
80107107401,465,1145.1,91.47329659419813,123.48895040216749,,Tuggeranong
80107107402,580,1456.1,141.87433047893555,191.530346146563,,Tuggeranong
80107107403,300,1587.6,293.3113452093455,395.9703160326165,,Tuggeranong
80107107404,339,2603.6,207.8002636150925,280.5303558803749,,Tuggeranong
80107107405,475,2355.4,192.96775973012666,260.506475635671,,Tuggeranong
80107107406,475,1926.1,179.39806300880613,242.1873850618883,,Tuggeranong
80107107407,526,1609.5,227.50772679533912,307.13543117370784,,Tuggeranong
80107107408,259,1982.3,164.36712448406132,221.8956180534828,,Tuggeranong
80107107409,457,1437.7,275.4951096551583,371.9183980344637,,Tuggeranong
80107107410,282,1881.2,205.49799386312733,277.42229171522195,,Tuggeranong
80107107411,489,1611.5,249.6887925895402,337.07986999587933,,Tuggeranong
80107107412,296,2002.8,122.59031774501692,165.49692895577286,,Tuggeranong
80107107413,307,1881.4,259.83509344253645,350.7773761474242,,Tuggeranong
80107107502,355,2161.9,158.27334706643614,213.6690185396888,,Tuggeranong
80107107503,388,1534.4,480.9438394267585,649.274183226124,,Tuggeranong
80107107504,429,880.6,386.8495589693034,522.2469046085597,,Tuggeranong
80107107505,488,2605.4,307.2841146556807,414.833554785169,,Tuggeranong
80107107506,472,1949.1,230.8572270672039,311.65725654072526,,Tuggeranong
80107107507,412,1803.4,261.14167507476105,352.54126135092747,,Tuggeranong
80107107508,312,2780.3,221.34270282313548,298.8126488112329,,Tuggeranong
80107107509,216,1837.5,166.60770497433379,224.92040171535064,,Tuggeranong
80107107510,551,2504.7,171.25995595639057,231.2009405411273,,Tuggeranong
80107107512,287,2469.0,272.644282956221,368.0697819908984,,Tuggeranong
80107107513,314,2441.2,98.97071110865309,133.61045999668167,,Tuggeranong
80107107514,0,0.0,712.8528125661153,962.3512969642557,,Tuggeranong
80107107515,0,0.0,518.9466762608225,700.5780129521105,,Tuggeranong
80107107516,582,3087.7,408.50039198649944,551.4755291817743,,Tuggeranong
80107107517,310,2333.6,202.95935336232995,273.9951270391455,,Tuggeranong
80107107601,340,600.2,454.5298083215999,613.6152412341598,,Tuggeranong
80107107602,381,1760.4,218.61970282474408,295.13659881340453,,Tuggeranong
80107107603,413,1570.7,347.524040465674,469.1574546286599,,Tuggeranong
80107107604,400,2523.9,130.83165504489455,176.62273431060765,,Tuggeranong
80107107605,360,1247.0,119.652748623734,161.53121064204092,,Tuggeranong
80107107606,447,1791.9,73.34061460884483,99.00982972194053,,Tuggeranong
80107107607,0,0.0,258.9645378828145,349.6021261417996,,Tuggeranong
80107107608,431,1515.1,110.92336982743363,149.74654926703542,,Tuggeranong
80107107609,231,409.4,395.8080408276497,534.3408551173271,,Tuggeranong
80107107701,613,2047.4,272.78575062620365,368.2607633453749,,Tuggeranong
80107107702,346,2344.0,123.28062177633741,166.42883939805552,,Tuggeranong
80107107703,349,1741.8,170.8339643745517,230.6258519056448,,Tuggeranong
80107107704,306,1824.2,159.78309232300202,215.70717463605274,,Tuggeranong
80107107705,469,2044.1,234.5287870617102,316.6138625333088,,Tuggeranong
80107107706,287,1824.5,353.47072498241556,477.18547872626107,,Tuggeranong
80107107707,342,2006.7,253.44613993103926,342.15228890690304,,Tuggeranong
80107107708,0,0.0,395.00282214161615,533.2538098911818,,Tuggeranong
80107107801,495,3309.4,181.8235086464575,245.46173667271765,,Tuggeranong
80107107802,240,2918.2,183.5821082204734,247.83584609763912,,Tuggeranong
80107107803,398,2497.7,180.4220992466993,243.56983398304408,,Tuggeranong
80107107804,314,3170.1,89.20056705264234,120.42076552106717,,Tuggeranong
80107107805,369,2837.6,101.30642509960661,136.76367388446894,,Tuggeranong
80107107806,394,968.4,434.76463613515807,586.9322587824635,,Tuggeranong
80107107807,223,1887.5,172.48103297355172,232.84939451429483,,Tuggeranong
80107107808,388,2401.6,165.8620282201364,223.91373809718417,,Tuggeranong
80107107809,288,1999.3,200.53184174604536,270.71798635716124,,Tuggeranong
80107107810,700,1195.3,380.5091543504746,513.6873583731408,,Tuggeranong
80107107811,573,1868.7,216.67492545890204,292.5111493695178,,Tuggeranong
80107107812,324,2611.6,108.17298664934886,146.03353197662096,,Tuggeranong
80107107813,334,1178.6,198.19897636288508,267.56861808989487,,Tuggeranong
80107107814,522,1915.5,213.69480642851792,288.4879886784992,,Tuggeranong
80107107815,322,2679.5,164.0777102634181,221.50490885561447,,Tuggeranong
80107107816,283,2782.7,149.35494698470285,201.62917842934885,,Tuggeranong
80107107817,242,1568.7,217.3277631714456,293.3924802814516,,Tuggeranong
80107107818,421,794.4,203.88717033430882,275.2476799513169,,Tuggeranong
80107107819,252,2084.0,111.76631556143379,150.88452600793562,,Tuggeranong
80107107820,405,2119.6,168.39582595458032,227.33436503868344,,Tuggeranong
80107107821,415,1970.6,134.3846245892815,181.41924319553002,,Tuggeranong
80107107901,283,1451.6,144.23473998078526,194.71689897406011,,Tuggeranong
80107107902,405,2319.7,38.90884974096452,52.52694715030211,,Tuggeranong
80107107903,480,2274.4,222.1898832563062,299.9563423960134,,Tuggeranong
80107107904,381,2365.0,79.94954515795946,107.93188596324528,,Tuggeranong
80107107905,403,1573.7,218.27472789210572,294.67088265434273,,Tuggeranong
80107107906,364,803.2,200.16125174074315,270.2176898500033,,Tuggeranong
80107107907,298,1250.5,82.44773048909707,111.30443616028106,,Tuggeranong
80107107908,272,2313.3,336.9567441711869,454.8916046311024,,Tuggeranong
80107107909,257,1989.3,138.30467327814594,186.71130892549704,,Tuggeranong
80107108002,419,1262.3,277.7922065395348,375.019478828372,,Tuggeranong
80107108003,910,2069.5,287.3961910270286,387.9848578864886,,Tuggeranong
80107108006,220,563.1,146.879538154738,198.2873765088963,,Tuggeranong
80107108007,530,865.7,251.8481674962761,339.99502611997275,,Tuggeranong
80107108008,137,593.9,303.257467876062,409.3975816326837,,Tuggeranong
80107108009,0,0.0,546.0766844005107,737.2035239406895,,Tuggeranong
80107108010,0,0.0,365.7095163813885,493.7078471148745,,Tuggeranong
80107108011,547,2288.5,81.75161975850236,110.36468667397818,,Tuggeranong
80107108012,0,0.0,85.78483096700512,115.80952180545692,,Tuggeranong
80107108013,533,44386.0,114.18407882017576,154.14850640723728,,Tuggeranong
80107108014,56,701.6,222.47772187753208,300.34492453466834,,Tuggeranong
80107108015,409,29881.7,76.15374149066965,102.80755101240403,,Tuggeranong
80107108016,366,9094.0,166.2969246348824,224.50084825709126,,Tuggeranong
80107108101,393,1840.3,186.3973824215026,251.63646626902855,,Tuggeranong
80107108102,322,2168.0,188.7663069664148,254.83451440465998,,Tuggeranong
80107108103,469,2726.8,137.32136005751823,185.38383607764962,,Tuggeranong
80107108104,322,2097.9,243.88297753262702,329.2420196690465,,Tuggeranong
80107108105,375,2966.1,130.31188081409698,175.92103909903093,,Tuggeranong
80107108106,358,2208.3,233.0834386996964,314.66264224459013,,Tuggeranong
80107108107,323,2033.3,232.43947584881204,313.7932923958963,,Tuggeranong
80107108108,433,772.9,274.9311176482106,371.15700882508435,,Tuggeranong
80107108109,348,2355.5,178.9004234437887,241.51557164911475,,Tuggeranong
80107108111,296,2278.1,246.91451089321563,333.33458970584115,,Tuggeranong
80107108112,290,1182.5,594.311784271699,802.3209087667938,,Tuggeranong
80107108113,155,3068.2,118.70340904216756,160.24960220692623,,Tuggeranong
80107108114,234,1008.3,237.50069308320545,320.6259356623274,,Tuggeranong
80107108201,283,2271.8,325.0772160178491,438.8542416240963,,Tuggeranong
80107108202,249,2469.3,190.69654688378904,257.44033829311525,,Tuggeranong
80107108203,471,1065.0,294.59647022467954,397.7052348033174,,Tuggeranong
80107108204,353,1233.7,477.3005920823433,644.3557993111635,,Tuggeranong
80107108205,327,2122.9,242.3828128315141,327.21679732254404,,Tuggeranong
80107108206,301,2415.1,182.75476441986476,246.71893196681745,,Tuggeranong
80107108207,661,957.3,367.2117145894175,495.73581469571366,,Tuggeranong
80107108208,214,1907.2,555.3614133714954,749.7379080515187,,Tuggeranong
80107108209,259,2008.4,418.04347419093244,564.3586901577588,,Tuggeranong
80107108210,486,1881.0,331.1228390994221,447.01583278421987,,Tuggeranong
80107108211,359,2109.9,335.64503102594574,453.1207918850268,,Tuggeranong
80107108212,401,1539.4,439.12353258532033,592.8167689901825,,Tuggeranong
80107108213,576,1862.8,232.64590753313917,314.07197516973787,,Tuggeranong
80107108214,247,1804.8,149.119254899367,201.31099411414547,,Tuggeranong
80107108215,535,1374.2,256.26063457774666,345.951856679958,,Tuggeranong
80107108216,388,1522.6,324.15407363350533,437.60799940523225,,Tuggeranong
80107108217,399,1931.2,202.92561019894896,273.9495737685811,,Tuggeranong
80107108218,374,1700.5,261.92150384496193,353.5940301906986,,Tuggeranong
80107108219,515,1360.1,229.29040910316695,309.54205228927543,,Tuggeranong
80107108220,399,2112.4,436.6036697601945,589.4149541762627,,Tuggeranong
80107108221,354,2486.5,251.48016616512643,339.4982243229207,,Tuggeranong
80107108222,381,2036.2,286.5894288773652,386.89572898444305,,Tuggeranong
80107108223,268,2357.5,165.54982345529234,223.49226166464467,,Tuggeranong
80107108224,426,1832.9,207.03182258590084,279.49296049096614,,Tuggeranong
80107108225,275,1544.0,385.20434587096616,520.0258669258044,,Tuggeranong
80107108226,497,948.8,346.5716017495296,467.87166236186494,,Tuggeranong
80107108227,445,1727.0,211.5600430304047,285.60605809104635,,Tuggeranong
80107108228,211,834.0,291.22064532045084,393.14787118260864,,Tuggeranong
80107108229,518,1255.8,341.3404770536327,460.80964402240414,,Tuggeranong
80107108230,311,1192.4,601.4408692578945,811.9451734981576,,Tuggeranong
80107108231,346,1553.0,236.68700637656556,319.52745860836353,,Tuggeranong
80107108232,317,2131.7,1379.0632605531666,1861.735401746775,,Tuggeranong
80107108233,283,1603.0,166.67905600415804,225.01672560561337,,Tuggeranong
80107108234,323,898.7,359.60665690373264,485.4689868200391,,Tuggeranong
80107108235,604,2183.6,264.60591023270274,357.21797881414875,,Tuggeranong
80107108236,579,1510.7,318.62803237886305,430.14784371146516,,Tuggeranong
80107108237,394,311.1,1157.108086453214,1562.095916711839,,Tuggeranong
80107108238,367,2063.5,1229.1050364420319,1659.291799196743,,Tuggeranong
80107108239,305,2359.1,326.17362707013245,440.33439654467884,,Tuggeranong
80107108240,238,590.6,979.8538024690142,1322.8026333331693,,Tuggeranong
80107108241,440,1377.2,570.5798417383886,770.2827863468247,,Tuggeranong
80107108301,535,1397.7,295.14303846056345,398.4431019217607,,Tuggeranong
80107108302,421,1964.7,641.4836126597972,866.0028770907263,,Tuggeranong
80107108303,444,627.9,639.6408417171522,863.5151363181554,,Tuggeranong
80107108401,192,1482.8,226.50001122039384,305.7750151475317,,Tuggeranong
80107108402,266,1312.4,305.3140560569346,412.17397567686174,,Tuggeranong
80107108403,325,1946.4,177.15636582462767,239.16109386324737,,Tuggeranong
80107108404,403,1788.5,276.28217247360834,372.9809328393713,,Tuggeranong
80107108405,342,1527.1,241.11913556636466,325.5108330145923,,Tuggeranong
80107108406,272,2080.9,73.89569188246314,99.75918404132524,,Tuggeranong
80107108407,304,2172.8,59.25802207254612,79.99832979793726,,Tuggeranong
80107108408,412,2277.3,169.06648102780045,228.23974938753062,,Tuggeranong
80107108409,259,2568.3,206.40996961012002,278.65345897366205,,Tuggeranong
80107108410,237,2228.5,123.61372749100725,166.8785321128598,,Tuggeranong
80107108411,388,2680.5,192.37466193934844,259.7057936181204,,Tuggeranong
80107108412,387,2906.0,276.1728850806831,372.8333948589222,,Tuggeranong
80107108413,213,1292.2,279.8961150805071,377.85975535868465,,Tuggeranong
80107108414,278,2978.6,156.1149764163071,210.7552181620146,,Tuggeranong
80107108415,371,1338.2,240.87037299656194,325.17500354535866,,Tuggeranong
80107108417,475,3034.9,101.04437489523613,136.40990610856878,,Tuggeranong
80107108418,234,1747.7,85.80072199839579,115.83097469783432,,Tuggeranong
80107108419,200,520.9,362.55662552310645,489.4514444561937,,Tuggeranong
80107108420,76,233.9,304.8635822688004,411.5658360628806,,Tuggeranong
80107108501,0,0.0,608.6724188074205,821.7077653900177,,Tuggeranong
80107108601,318,1689.6,78.55684260349776,106.05173751472198,,Tuggeranong
80107108602,244,1401.3,63.19512993013611,85.31342540568376,,Tuggeranong
80107108603,446,1585.6,283.76652939011836,383.0848146766598,,Tuggeranong
80107108604,259,2474.2,203.9727030823713,275.3631491612013,,Tuggeranong
80107108605,442,1297.4,315.1074846949561,425.3951043381908,,Tuggeranong
80107108701,469,1916.7,159.6320430967785,215.50325818065096,,Tuggeranong
80107108702,399,1942.3,130.7277821708511,176.48250593064898,,Tuggeranong
80107108703,578,1722.5,229.13124791972731,309.3271846916319,,Tuggeranong
80107108704,248,327.5,222.4420302281649,300.2967408080226,,Tuggeranong
80107108705,472,2473.3,192.38822237143827,259.7241002014417,,Tuggeranong
80107108706,612,1907.3,223.92979794268837,302.3052272226293,,Tuggeranong
80107108707,280,1492.4,216.50192308719696,292.2775961677159,,Tuggeranong
80107108801,497,924.1,437.74433401952336,590.9548509263566,,Tuggeranong
80107108802,290,619.8,495.5195953132701,668.9514536729147,,Tuggeranong
80107108803,348,804.0,178.3736507942449,240.80442857223062,,Tuggeranong
80107108804,411,2151.2,235.39277870041283,317.78025124555734,,Tuggeranong
80107108805,361,1770.1,269.0228722888039,363.1808775898853,,Tuggeranong
80107108806,303,991.1,359.9284337357451,485.9033855432559,,Tuggeranong
80107108807,444,1796.5,343.8727911527484,464.22826805621037,,Tuggeranong
80107108808,314,1350.8,311.40350084187946,420.3947261365373,,Tuggeranong
80107108809,568,1465.7,258.4026185924253,348.8435350997742,,Tuggeranong
80107108810,255,1877.0,188.7527864647228,254.81626172737577,,Tuggeranong
80107108901,43,0.6,3489.9508087838694,4711.433591858224,,Tuggeranong
80107109001,230,1991.3,317.47425107425727,428.59023895024734,,Tuggeranong
80107109002,209,936.2,432.08713591164127,583.3176334807157,,Tuggeranong
80107109003,502,2121.5,273.4519538744398,369.1601377304938,,Tuggeranong
80107109004,565,1638.5,249.85067842593315,337.29841587500977,,Tuggeranong
80107109005,404,961.8,157.92073374720576,213.1929905587278,,Tuggeranong
80107109006,355,1986.0,208.7794415604976,281.85224610667177,,Tuggeranong
80107109007,462,745.3,61.599102422326766,83.15878827014114,,Tuggeranong
80107109008,518,1004.0,144.9621312230233,195.6988771510815,,Tuggeranong
80107109009,326,2238.8,185.27248664731687,250.1178569738778,,Tuggeranong
80107109010,524,1826.8,94.57199260325994,127.67219001440093,,Tuggeranong
80107109011,531,2084.7,261.0001615376915,352.35021807588356,,Tuggeranong
80107109012,260,2192.5,173.2434501862259,233.878657751405,,Tuggeranong
80107109013,314,1346.5,125.94038167364737,170.01951525942397,,Tuggeranong
80107109014,472,2168.1,189.2110965616571,255.43498035823708,,Tuggeranong
80107109015,347,2143.4,254.09070028999244,343.02244539148984,,Tuggeranong
80107109016,498,1312.7,267.06951878589837,360.54385036096284,,Tuggeranong
80107109017,187,531.3,242.60790625008138,327.5206734376099,,Tuggeranong
80107109018,362,1414.3,244.28060710670965,329.77881959405806,,Tuggeranong
80107109019,501,2346.8,215.8841607082222,291.44361695609996,,Tuggeranong
80107109020,314,2305.4,367.49332489037226,496.1159886020026,,Tuggeranong
80107113201,7,1.2,1872.3725509584701,2527.702943793935,,Tuggeranong
80107113202,5,1.4,2158.3704943983907,2913.800167437828,,Tuggeranong
80108109101,273,898.1,207.55062224858037,280.1933400355835,,Weston Creek
80108109102,344,2212.6,107.67297854056669,145.35852102976503,,Weston Creek
80108109103,383,1826.5,15.043028770316221,20.3080888399269,,Weston Creek
80108109104,247,1270.9,173.77814770223878,234.60049939802238,,Weston Creek
80108109105,360,1669.5,248.90742199020835,336.0250196867813,,Weston Creek
80108109106,442,1434.9,206.91240438793224,279.3317459237085,,Weston Creek
80108109107,350,1621.3,201.1632776627604,271.5704248447266,,Weston Creek
80108109108,460,1787.5,328.43851586743614,443.3919964210388,,Weston Creek
80108109201,542,1690.8,268.88897655644075,363.00011835119506,,Weston Creek
80108109202,427,2072.4,183.00675508739297,247.05911936798054,,Weston Creek
80108109203,434,2354.5,31.580239966145875,42.633323954296934,,Weston Creek
80108109204,327,1919.6,117.68925667419776,158.880496510167,,Weston Creek
80108109205,336,2340.1,149.26121175449572,201.50263586856923,,Weston Creek
80108109206,335,2275.2,241.41182481106054,325.90596349493177,,Weston Creek
80108109207,351,2235.1,177.2019118529582,239.22258100149358,,Weston Creek
80108109208,513,2612.2,276.16217985833475,372.81894280875196,,Weston Creek
80108109209,118,147.0,246.36376362665817,332.59108089598857,,Weston Creek
80108109210,0,0.0,436.56172464039423,589.3583282645322,,Weston Creek
80108109301,492,2131.6,252.67139457212195,341.10638267236465,,Weston Creek
80108109302,266,2543.6,109.4378956497796,147.74115912720248,,Weston Creek
80108109303,474,1326.2,330.7132114060062,446.46283539810844,,Weston Creek
80108109304,754,2268.3,260.9647235172468,352.3023767482832,,Weston Creek
80108109305,619,2122.2,210.41057141573776,284.054271411246,,Weston Creek
80108109306,616,2286.8,196.40454008937266,265.1461291206531,,Weston Creek
80108109401,450,1451.9,306.8342146828308,414.2261898218216,,Weston Creek
80108109402,0,0.0,232.93608719575403,314.46371771426794,,Weston Creek
80108109403,239,2138.6,179.6401850657815,242.51424983880506,,Weston Creek
80108109404,673,2219.3,321.5105814646584,434.03928497728884,,Weston Creek
80108109405,590,1067.9,31.41382161167596,42.40865917576255,,Weston Creek
80108109406,492,2569.0,167.0571217563208,225.52711437103312,,Weston Creek
80108109407,372,2223.5,161.41889342199246,217.91550611968984,,Weston Creek
80108109501,303,2352.5,230.32343583391696,310.93663837578794,,Weston Creek
80108109502,355,2208.4,184.57840017036258,249.1808402299895,,Weston Creek
80108109503,263,2246.6,308.4780020291488,416.4453027393509,,Weston Creek
80108109504,389,2164.2,150.5606174310101,203.25683353186363,,Weston Creek
80108109505,492,2343.5,95.25943228783704,128.60023358858,,Weston Creek
80108109506,301,2143.3,201.25173546704053,271.6898428805047,,Weston Creek
80108109507,384,2162.9,130.42852420404012,176.07850767545418,,Weston Creek
80108109508,498,1537.3,210.96508122451098,284.80285965308985,,Weston Creek
80108109509,363,2063.2,210.37180444746764,284.00193600408136,,Weston Creek
80108109601,386,1870.9,217.08749031987054,293.06811193182523,,Weston Creek
80108109602,344,1977.3,278.5827225388147,376.0866754273999,,Weston Creek
80108109603,608,2099.8,251.305283020185,339.26213207724976,,Weston Creek
80108109604,506,979.7,297.62496324447494,401.7937003800412,,Weston Creek
80108109605,354,2539.2,147.82492839310623,199.56365333069343,,Weston Creek
80108109701,506,1029.6,35.57592023986385,48.0274923238162,,Weston Creek
80108109702,434,2352.3,232.4530345369339,313.8115966248608,,Weston Creek
80108109703,467,1713.6,258.20917801575837,348.5823903212738,,Weston Creek
80108109705,204,1239.0,266.6518416718462,359.97998625699245,,Weston Creek
80108109706,333,1365.3,132.0451237754239,178.26091709682225,,Weston Creek
80108109707,464,2793.2,196.60560449582624,265.4175660693654,,Weston Creek
80108109708,378,1981.6,218.45625130204425,294.91593925775976,,Weston Creek
80108109801,411,1441.4,145.6770943199857,196.66407733198074,,Weston Creek
80108109802,372,2190.7,246.63643088484048,332.95918169453466,,Weston Creek
80108109804,253,1259.3,297.7426737848129,401.9526096094974,,Weston Creek
80108109806,339,925.4,38.592848444576504,52.100345400178284,,Weston Creek
80108109807,386,2239.2,151.29984335717023,204.25478853217982,,Weston Creek
80108109808,449,1290.0,259.3904341032517,350.17708603938985,,Weston Creek
80108109809,551,2047.9,306.8191014643436,414.20578697686386,,Weston Creek
80108109810,184,2501.7,160.29671407957304,216.4005640074236,,Weston Creek
80108109811,0,0.0,220.25060680194466,297.3383191826253,,Weston Creek
80108109812,316,940.6,146.81590637513267,198.20147360642912,,Weston Creek
80108109813,325,525.0,323.15016832311954,436.2527272362114,,Weston Creek
80108109814,420,1915.5,177.27371588058062,239.31951643878386,,Weston Creek
80108113301,0,0.0,941.8585897409083,1271.5090961502262,,Weston Creek
80109109901,817,1943.7,348.52914924973646,470.51435148714427,,Woden Valley
80109109902,642,3074.7,720.2991088069757,972.4037968894173,,Woden Valley
80109109903,363,717.8,284.4863546768658,384.05657881376885,,Woden Valley
80109109904,374,1604.2,238.501428036028,321.9769278486378,,Woden Valley
80109109905,481,2141.4,173.3501676886371,234.0227263796601,,Woden Valley
80109110001,487,619.7,324.72706483714774,438.3815375301495,,Woden Valley
80109110002,414,647.2,333.2925863999651,449.94499163995295,,Woden Valley
80109110003,360,1458.5,222.74394850900697,300.70433048715944,,Woden Valley
80109110004,667,1486.8,298.06364737708583,402.3859239590659,,Woden Valley
80109110005,542,906.4,471.44687122038823,636.4532761475242,,Woden Valley
80109110006,449,2141.6,138.4327362005547,186.88419387074885,,Woden Valley
80109110007,254,2540.4,266.2649295662216,359.4576549143992,,Woden Valley
80109110008,655,1872.7,168.24226363654898,227.12705590934115,,Woden Valley
80109110010,530,657.7,573.9109838199469,774.7798281569283,,Woden Valley
80109110011,255,1834.1,209.09133725190088,282.2733052900662,,Woden Valley
80109110012,472,2000.5,211.77400387302438,285.89490522858296,,Woden Valley
80109110013,249,3575.9,126.10547796545134,170.24239525335932,,Woden Valley
80109110014,239,1256.7,239.19508748725698,322.91336810779694,,Woden Valley
80109110101,289,2813.7,94.72163717295543,127.87421018348984,,Woden Valley
80109110102,418,1272.9,424.097029906147,572.5309903732984,,Woden Valley
80109110104,411,1540.5,255.77176886843714,345.29188797239016,,Woden Valley
80109110105,510,1566.8,463.78974014897955,626.1161492011224,,Woden Valley
80109110106,474,3208.1,160.58509514547313,216.78987844638874,,Woden Valley
80109110107,545,1664.2,274.2499814488132,370.2374749558978,,Woden Valley
80109110108,495,1863.0,365.3978285816169,493.28706858518285,,Woden Valley
80109110109,351,1800.7,263.6314692558056,355.9024834953376,,Woden Valley
80109110110,289,2528.1,139.86313335673293,188.81523003158946,,Woden Valley
80109110201,0,0.0,724.1808729058433,977.6441784228886,,Woden Valley
80109110202,657,1668.5,267.9091738864017,361.6773847466423,,Woden Valley
80109110203,490,2432.7,155.84097847066093,210.38532093539226,,Woden Valley
80109110204,336,1630.4,700.6021677003029,945.8129263954089,,Woden Valley
80109110205,280,1490.6,213.1971193130828,287.8161110726618,,Woden Valley
80109110206,290,2260.4,173.20346460013783,233.82467721018608,,Woden Valley
80109110207,793,3240.3,260.3596205034591,351.4854876796698,,Woden Valley
80109110209,319,2306.4,402.3550877502456,543.1793684628316,,Woden Valley
80109110210,166,726.4,122.72160881069296,165.6741718944355,,Woden Valley
80109110211,380,1773.9,150.6230681240071,203.34114196740958,,Woden Valley
80109110301,441,2188.6,146.72531555932503,198.0791760050888,,Woden Valley
80109110302,385,1844.5,232.59867123488743,314.0082061670981,,Woden Valley
80109110303,381,1561.3,470.4343425145123,635.0863623945917,,Woden Valley
80109110304,464,1633.8,379.4147211390479,512.2098735377148,,Woden Valley
80109110305,290,1971.2,186.61518561886496,251.9305005854677,,Woden Valley
80109110306,569,1355.0,311.58776303252154,420.6434800939041,,Woden Valley
80109110307,474,2466.6,293.9129052733412,396.7824221190107,,Woden Valley
80109110308,215,2235.1,107.21362817700802,144.73839803896084,,Woden Valley
80109110401,676,1793.8,254.81558571715473,344.0010407181589,,Woden Valley
80109110402,311,1171.0,237.49818081672595,320.62254410258004,,Woden Valley
80109110403,462,2137.8,228.23758877901378,308.12074485166863,,Woden Valley
80109110404,414,1503.4,168.34205726298217,227.26177730502593,,Woden Valley
80109110405,522,1846.0,235.47320177271183,317.888822393161,,Woden Valley
80109110406,0,0.0,501.5201227224999,677.0521656753749,,Woden Valley
80109110501,0,0.0,558.74672788964,754.3080826510142,,Woden Valley
80109110502,618,1863.9,36.01539089308495,48.620777705664686,,Woden Valley
80109110503,382,2680.0,132.960797113949,179.49707610383118,,Woden Valley
80109110504,606,2854.5,200.5506333053089,270.743354962167,,Woden Valley
80109110505,391,1871.3,238.10187820505047,321.43753557681816,,Woden Valley
80109110506,574,2333.3,98.30914010499764,132.71733914174683,,Woden Valley
80109110507,693,2724.4,470.98955495279847,635.835899186278,,Woden Valley
80109110601,570,2324.1,223.11415049038973,301.2041031620262,,Woden Valley
80109110602,594,1926.1,273.86597168479074,369.7190617744675,,Woden Valley
80109110603,475,1193.7,263.9980544364276,356.39737348917726,,Woden Valley
80109110604,282,3517.1,130.74514821022643,176.5059500838057,,Woden Valley
80109110605,554,1441.0,213.1093598459474,287.697635792029,,Woden Valley
80109110606,474,1090.8,419.8012272860912,566.7316568362231,,Woden Valley
80109110607,486,1820.2,253.5005644990522,342.2257620737205,,Woden Valley
80109110701,304,945.1,137.6281037275296,185.79794003216497,,Woden Valley
80109110702,625,272.8,676.6339780410656,913.4558703554386,,Woden Valley
80109110801,0,0.0,342.49504453110467,462.3683101169913,,Woden Valley
80109110802,253,2218.7,215.6210049772615,291.088356719303,,Woden Valley
80109110803,592,2336.2,152.80550809453845,206.28743592762692,,Woden Valley
80109110804,467,1349.3,348.1356081607566,469.9830710170214,,Woden Valley
80109110805,442,2077.3,462.45557035851147,624.3150199839905,,Woden Valley
80109110806,364,1417.2,168.48077707620942,227.44904905288274,,Woden Valley
80109110807,567,2624.0,519.2907647649222,701.042532432645,,Woden Valley
80109110901,225,16365.1,32.04931496536818,43.26657520324705,,Woden Valley
80109110904,0,0.0,260.4233517794545,351.5715249022636,,Woden Valley
80109110905,230,1353.0,115.2875954340738,155.63825383599962,,Woden Valley
80109110907,343,8147.7,90.8335878474169,122.62534359401282,,Woden Valley
80109110908,361,1491.0,186.1819421188349,251.34562186042714,,Woden Valley
80109110910,398,2588.6,219.57881402403746,296.4313989324506,,Woden Valley
80109110913,256,2337.0,158.365209214008,213.7930324389108,,Woden Valley
80109110915,610,6769.9,143.1981961121155,193.31756475135595,,Woden Valley
80109110916,493,49621.8,109.92585151162909,148.3998995406993,,Woden Valley
80109110917,891,9746.0,170.51019088090464,230.1887576892213,,Woden Valley
80109110918,468,1677.4,278.9009400572616,376.5162690773032,,Woden Valley
80109110919,0,0.0,243.78810718803157,329.11394470384266,,Woden Valley
80109110920,0,0.0,130.60917012574012,176.32237966974918,,Woden Valley
80109110921,917,2139.5,209.72224413589765,283.12502958346187,,Woden Valley
80109111001,551,2048.5,214.7028463830388,289.8488426171024,,Woden Valley
80109111002,496,1318.0,339.7832635004177,458.70740572556394,,Woden Valley
80109111003,263,1754.5,175.22465252686567,236.55328091126867,,Woden Valley
80109111004,469,2413.8,172.36362038432816,232.69088751884303,,Woden Valley
80109111005,327,2085.9,281.0221596874333,379.379915578035,,Woden Valley
80109111006,319,2020.6,380.3715230535906,513.5015561223473,,Woden Valley
80110113401,13,2.1,2754.4294111243767,3718.4797050179086,,Molonglo
80110113505,339,404.8,347.9644853314039,469.75205519739535,,Molonglo
80110113506,449,3636.7,128.61290329770924,173.62741945190749,,Molonglo
80110113507,208,2762.6,180.78675604584492,244.06212066189067,,Molonglo
80110113508,526,1151.0,290.83784443280723,392.6310899842898,,Molonglo
80110113509,549,6454.1,302.7045453796352,408.6511362625075,,Molonglo
80110113510,362,4263.1,176.50354906457122,238.27979123717117,,Molonglo
80110113511,501,1912.8,385.6150767024184,520.5803535482648,,Molonglo
80110113512,381,8614.5,355.4589214389402,479.8695439425693,,Molonglo
80110113513,576,5028.6,240.4526937594094,324.61113657520275,,Molonglo
80110113514,567,5248.3,159.2099914362632,214.93348843895535,,Molonglo
80110113515,397,3020.0,125.65965430817319,169.6405333160338,,Molonglo
80110113602,245,68.7,592.4473938809798,799.8039817393228,,Molonglo
80110113603,562,1489.7,111.68838764799123,150.77932332478818,,Molonglo
80110113604,563,9248.1,135.27905522952284,182.62672455985586,,Molonglo
80110113605,504,1844.2,248.1853419753699,335.0502116667494,,Molonglo
80110113606,882,1851.9,269.8091404337744,364.24233958559546,,Molonglo
80110113701,0,0.0,542.9793999610151,733.0221899473705,,Molonglo
80110113901,443,1022.3,92.21217876641022,124.4864413346538,,Molonglo
80110113902,392,2762.2,313.7604696886843,423.5766340797238,,Molonglo
80110113903,401,7900.3,132.066518718993,178.28980027064057,,Molonglo
80110113904,0,0.0,221.76154660247124,299.3780879133362,,Molonglo
80110113905,520,4541.4,218.06390798877342,294.38627578484414,,Molonglo
80110113906,532,3028.1,250.26346428250923,337.8556767813875,,Molonglo
80110113907,334,2784.8,216.67004047362286,292.5045546393909,,Molonglo
80110113908,401,3213.2,329.88165049707834,445.3402281710558,,Molonglo
80110113909,329,9677.8,396.51921080746763,535.3009345900813,,Molonglo
80110113910,454,13908.5,290.0441543571674,391.55960838217595,,Molonglo
80110114501,4,0.5,1399.2077884504986,1888.9305144081732,,Molonglo
80110114601,7,2.1,479.2334641442811,646.9651765947795,,Molonglo
80111114001,75,1.0,2894.5411237868084,3907.6305171121917,,Uriarra - Namadgi
80111114002,76,0.3,9277.87375911981,12525.129574811745,,Uriarra - Namadgi
80111114004,82,20.6,4836.2362858375545,6528.918985880699,,Uriarra - Namadgi
80111114005,15,0.2,10078.068932209944,13605.393058483425,,Uriarra - Namadgi
80111114006,309,335.7,8819.21166012368,11905.935741166968,,Uriarra - Namadgi
80111114101,63,0.1,22422.18683657517,30269.95222937648,,Uriarra - Namadgi
