SA1_CODE_2021,P_NS_0_14,P_NS_15_24,P_NS_25_34,P_NS_35_44,P_NS_45_54,P_NS_55_64,P_NS_65_74,P_NS_75_84,P_NS_85_over,P_NS_Tot,P_Tot_0_14,P_Tot_15_24,P_Tot_25_34,P_Tot_35_44,P_Tot_45_54,P_Tot_55_64,P_Tot_65_74,P_Tot_75_84,P_Tot_85_over,P_Tot_Tot
80101100101,5,0,0,4,0,0,0,0,0,12,59,25,17,37,33,40,28,24,11,265
80101100102,3,8,0,0,0,0,5,3,0,22,74,62,36,48,58,35,32,27,10,383
80101100103,3,0,0,3,0,3,6,0,0,15,98,47,61,67,48,40,27,22,6,418
80101100104,8,4,0,0,3,5,0,0,0,24,74,59,52,64,57,77,41,38,8,466
80101100105,8,3,3,8,7,0,7,6,0,34,119,65,43,69,76,83,66,47,20,587
80101100106,9,3,4,6,5,6,0,0,0,31,84,48,57,63,65,64,46,40,15,481
80101100201,0,3,6,4,4,4,0,0,0,27,46,66,115,71,48,38,16,13,0,425
80101100202,7,6,5,11,0,6,0,0,0,27,68,40,92,76,34,21,22,9,5,364
80101100203,3,3,10,8,0,0,0,0,0,32,58,117,307,119,50,38,21,13,0,727
80101100205,0,0,0,0,0,0,0,0,0,0,0,0,0,0,0,0,0,0,0,0
80101100208,0,0,3,0,4,0,0,0,0,10,65,49,101,70,53,27,27,12,6,396
80101100209,4,4,9,0,4,0,5,0,0,20,39,41,87,49,26,25,14,0,0,278
80101100210,4,3,11,6,5,3,3,0,0,28,42,44,84,59,45,34,37,26,3,366
80101100211,5,12,4,11,4,4,0,3,0,38,80,87,191,97,49,38,26,11,7,578
80101100212,4,4,0,0,0,7,0,8,13,32,53,37,50,42,17,22,48,123,148,539
80101100213,0,0,0,0,0,0,0,0,0,0,0,8,3,5,0,0,0,0,0,19
80101100215,0,0,21,0,0,0,0,0,0,28,23,104,289,74,21,13,10,7,0,548
80101100216,6,31,64,0,14,0,0,0,0,121,96,390,772,100,56,31,12,7,0,1468
80101100217,0,0,13,6,0,4,0,0,0,29,17,58,169,54,28,24,14,4,0,378
80101100218,9,8,11,13,5,0,0,0,0,38,39,93,244,96,39,21,14,0,0,547
80101100219,5,3,6,8,0,0,0,0,0,21,22,52,196,70,18,11,3,0,0,383
80101100220,0,0,3,3,0,0,0,0,0,7,20,27,94,58,23,5,5,0,0,238
80101100221,0,0,0,0,0,0,0,0,0,3,0,0,0,0,0,0,0,4,0,8
80101100222,0,6,9,0,0,0,0,0,0,25,49,90,223,109,40,30,14,17,4,586
80101100223,0,0,0,4,0,0,0,0,0,5,0,0,4,5,5,0,0,0,0,14
80101100224,0,9,3,0,0,0,0,0,0,10,0,177,54,3,0,0,0,0,0,236
80101100225,0,7,5,4,0,3,4,0,0,14,27,78,142,59,26,33,29,13,6,408
80101100301,5,3,11,4,0,0,0,0,0,18,51,67,159,69,18,16,15,6,0,401
80101100304,8,5,12,15,3,0,0,0,0,46,105,135,271,163,83,62,31,12,4,858
80101100306,0,3,3,4,0,0,3,0,0,19,53,58,110,61,32,30,39,11,9,395
80101100307,0,5,6,0,0,0,0,0,0,10,26,55,60,40,23,21,14,12,0,250
80101100308,0,35,3,0,0,0,0,3,3,48,0,813,145,24,9,4,0,4,4,1012
80101100309,0,0,4,3,0,0,0,0,0,8,40,64,92,42,28,19,14,0,0,291
80101100310,0,0,0,0,0,0,0,0,0,4,30,41,47,35,33,28,13,4,0,246
80101100311,0,0,0,0,3,0,3,0,0,12,29,40,80,26,24,35,29,13,3,288
80101100312,0,3,6,5,6,0,0,0,0,20,85,117,142,89,63,67,40,19,5,621
80101100314,0,12,4,4,0,4,0,0,0,30,4,49,17,9,4,7,8,9,6,109
80101100315,0,0,4,0,0,5,6,0,0,24,43,52,53,39,51,36,71,43,6,395
80101100316,0,0,0,0,0,3,0,4,4,13,21,18,0,7,26,14,36,94,95,302
80101100317,5,6,6,0,3,0,0,0,0,20,27,96,239,64,17,11,9,5,0,478
80101100318,5,3,0,0,0,0,6,0,0,20,45,33,21,29,40,41,60,15,0,291
80101100319,0,0,3,0,0,0,0,0,0,11,38,27,54,31,26,41,46,25,10,296
80101100320,3,0,5,4,4,0,0,0,0,14,110,67,103,101,42,8,0,0,0,432
80101100321,0,11,19,3,0,0,0,0,0,27,52,79,189,77,42,8,8,3,0,467
80101100322,0,3,5,0,0,3,0,0,0,14,14,76,168,76,19,12,10,0,0,382
80101100401,4,0,0,0,0,0,0,0,0,12,52,24,28,30,30,27,17,7,0,226
80101100402,0,8,6,0,5,0,0,0,0,14,86,34,64,69,73,37,32,16,4,418
80101100403,7,4,3,0,3,3,0,0,0,22,113,42,67,91,56,45,24,18,8,458
80101100404,3,0,0,7,5,0,0,0,0,21,93,28,54,80,49,21,34,12,0,376
80101100405,6,8,13,5,4,0,3,0,0,38,91,54,86,55,55,50,47,18,0,448
80101100406,9,3,12,5,3,4,0,0,0,47,119,91,100,85,61,76,43,23,8,607
80101100408,0,0,3,0,5,0,0,0,0,10,30,12,32,38,22,13,20,9,7,175
80101100409,6,11,6,10,7,0,5,0,0,48,59,40,65,57,40,28,28,16,3,341
80101100501,9,0,6,5,5,4,0,0,0,31,66,16,46,56,34,23,25,26,7,301
80101100502,8,5,4,4,6,0,0,0,0,22,76,46,48,64,69,60,32,29,6,442
80101100503,0,3,0,0,4,0,5,5,0,16,36,42,35,24,57,44,41,29,3,313
80101100504,0,0,0,0,0,4,0,0,0,13,45,15,42,58,47,46,45,26,14,331
80101100505,3,0,3,0,0,0,0,0,0,13,54,28,64,67,48,33,45,27,8,379
80101100506,0,0,3,0,0,0,8,4,0,15,22,25,14,19,29,27,36,22,6,194
80101100507,5,0,0,0,0,0,0,0,0,13,58,34,32,42,54,36,30,24,10,325
80101100508,0,0,0,0,4,0,0,0,0,9,42,23,20,25,39,27,15,23,0,213
80101100509,16,0,8,0,3,3,0,0,0,36,105,33,70,80,69,42,32,19,11,461
80101100602,0,0,0,0,4,4,0,0,0,6,29,20,16,29,27,40,12,4,0,184
80101100604,0,8,0,0,0,0,4,0,0,9,84,33,42,60,33,28,15,8,0,307
80101100605,6,3,0,5,4,4,0,3,0,18,124,44,34,89,62,43,26,11,7,434
80101100606,0,0,0,0,0,0,0,0,0,7,95,45,36,74,48,29,22,13,3,358
80101100607,3,3,0,5,5,0,0,0,0,15,95,44,49,61,78,40,35,8,0,416
80101100608,9,5,3,8,6,7,0,0,0,36,112,65,64,68,79,59,24,3,6,476
80101100609,5,6,0,0,8,0,0,0,0,20,81,67,28,54,64,34,28,11,4,364
80101100610,3,7,7,0,4,4,0,5,0,24,81,54,50,54,56,53,10,14,0,381
80101100611,10,4,0,4,0,0,0,0,0,21,77,46,76,71,58,58,20,11,4,418
80101100612,5,8,6,0,7,6,0,0,0,36,95,80,82,68,104,62,33,3,0,533
80101100613,0,3,0,6,0,0,0,0,0,12,63,29,30,39,38,14,25,5,0,246
80101100614,3,0,0,0,3,0,0,0,0,8,83,50,33,62,61,32,29,3,0,357
80101100615,0,3,0,0,3,0,0,0,0,10,45,36,22,30,41,20,18,7,0,216
80101100616,0,3,4,5,3,0,0,0,0,13,138,63,57,108,85,38,29,8,0,522
80101100617,4,0,0,0,5,4,0,6,0,19,58,58,61,52,46,59,42,21,3,402
80101100618,4,6,6,0,4,0,3,0,0,18,91,52,28,68,47,31,24,6,0,347
80101100619,3,0,0,3,6,0,0,0,0,16,33,17,44,46,25,12,9,0,0,194
80101100620,12,4,0,4,0,0,0,0,0,35,128,57,34,73,60,36,19,5,0,420
80101100621,0,0,0,0,0,0,0,0,0,0,0,0,0,0,0,0,0,0,0,0
80101100622,9,4,0,5,5,0,0,0,0,23,83,47,30,51,44,23,9,9,0,295
80101100623,5,3,6,0,6,4,0,0,0,23,103,50,46,60,71,37,20,12,5,389
80101100701,0,0,0,0,4,0,0,0,0,17,96,54,72,75,72,91,39,10,0,496
80101100702,0,3,0,0,5,0,0,0,0,11,38,37,23,20,57,34,27,7,3,252
80101100703,4,5,3,0,4,0,3,0,0,28,100,55,54,66,69,52,69,28,6,506
80101100704,0,0,0,0,0,0,0,0,0,10,34,28,27,32,27,22,20,16,3,210
80101100705,9,3,4,5,3,4,0,0,0,27,92,49,57,77,62,55,43,11,9,454
80101100706,3,0,0,5,0,5,5,0,0,19,89,39,81,63,45,28,45,11,0,401
80101100707,8,5,5,5,0,5,0,0,0,25,114,54,43,73,75,53,63,9,5,484
80101100708,0,6,0,3,0,0,0,0,0,12,86,32,63,65,27,19,49,15,0,351
80101100709,7,5,3,5,3,0,0,6,0,29,70,39,67,53,42,30,31,21,3,343
80101100710,3,0,0,0,0,0,0,0,0,10,78,45,60,60,47,36,46,18,4,395
80101100711,9,4,10,4,5,3,0,0,0,42,137,72,96,88,85,59,57,13,9,607
80101100712,0,4,0,3,0,0,0,0,0,21,76,71,46,67,65,41,38,14,0,414
80101100713,3,0,0,0,0,0,0,0,0,10,70,45,47,40,35,38,31,7,4,319
80101100714,3,0,0,5,0,0,0,3,0,14,46,38,32,34,48,37,33,4,4,278
80101100801,8,0,4,3,4,3,5,0,0,21,63,41,43,43,41,51,52,30,10,373
80101100802,3,6,0,0,7,3,5,0,0,20,112,49,59,85,62,69,53,24,4,517
80101100803,0,0,0,6,0,5,0,0,0,21,67,47,58,53,58,66,39,15,0,409
80101100804,9,0,3,8,9,0,3,0,0,20,54,39,65,41,34,38,16,8,3,297
80101100805,8,0,3,3,4,7,5,0,0,23,81,60,53,65,56,78,51,18,11,472
80101100806,0,0,0,0,0,3,3,0,0,12,57,35,41,40,40,61,45,23,0,332
80101100807,0,0,9,0,6,3,0,0,0,25,107,47,101,103,67,67,48,19,5,566
80101100808,7,0,9,4,0,4,0,0,0,21,55,41,95,64,24,14,25,26,9,364
80101100809,3,3,0,0,0,0,4,0,0,16,76,58,45,50,47,89,78,28,9,473
80101100810,0,3,8,0,0,0,0,0,0,11,66,36,47,56,46,43,41,17,4,361
80101100811,4,0,0,0,0,5,0,0,0,9,23,34,24,17,33,49,24,9,6,209
80101100812,10,4,5,3,5,0,3,0,0,30,74,50,56,59,57,53,44,16,8,416
80101100901,5,3,0,0,0,3,0,0,0,11,85,41,52,57,52,46,40,15,6,381
80101100902,6,0,0,4,3,0,0,0,0,8,63,40,37,31,39,39,25,6,0,285
80101100903,6,5,3,0,0,0,0,0,0,18,102,44,77,76,47,43,41,18,4,439
80101100904,0,0,8,3,4,5,4,0,0,13,71,48,40,46,52,49,49,16,3,373
80101100905,5,0,0,0,4,3,0,0,0,15,91,48,38,48,53,38,26,16,3,368
80101100906,5,6,4,4,3,0,0,0,0,26,97,55,55,77,75,64,51,30,4,495
80101100907,7,7,0,10,4,0,0,0,0,20,79,37,29,55,37,26,20,14,0,304
80101100908,0,0,7,0,0,5,4,0,0,11,53,35,38,46,42,44,48,30,6,347
80101100909,0,0,7,3,3,3,4,0,0,21,60,39,40,39,46,29,29,19,0,304
80101100910,8,7,7,4,0,0,6,0,0,27,83,50,54,51,48,37,38,13,0,374
80101101001,11,0,0,4,0,0,3,0,0,26,94,47,25,61,48,36,59,23,4,400
80101101002,0,3,0,0,3,6,0,0,0,11,67,45,34,50,55,42,44,5,0,349
80101101003,8,0,0,3,4,0,0,0,0,20,85,54,44,56,72,60,60,10,4,452
80101101004,0,0,0,4,8,0,4,0,0,16,80,37,33,56,49,42,69,20,5,386
80101101005,9,3,6,4,0,0,0,0,0,23,103,69,54,85,65,58,78,28,3,547
80101101101,13,16,5,10,9,4,4,0,0,66,161,74,98,104,88,57,87,29,5,700
80101101102,0,0,3,0,0,5,0,0,0,23,72,27,54,55,31,53,36,13,0,347
80101101103,6,4,4,5,5,0,0,0,0,26,147,65,93,109,83,57,75,27,11,667
80101101104,3,0,5,3,0,0,4,6,0,20,89,31,65,71,50,49,70,17,0,445
80101101105,5,3,0,0,0,0,0,0,0,11,67,25,37,48,29,31,39,12,0,286
80101101106,0,5,3,5,4,0,4,0,0,22,40,18,32,39,30,23,31,9,7,240
80101101107,0,0,0,0,0,0,0,0,0,0,0,0,0,0,0,0,0,0,0,0
80101101108,3,3,6,0,0,0,0,0,0,14,33,25,24,39,17,18,30,11,0,199
80101101109,4,0,0,0,3,0,3,0,0,12,43,19,22,47,29,27,39,18,0,232
80101101110,3,0,3,0,0,3,0,0,0,7,57,27,42,45,26,22,30,3,0,253
80101101202,0,0,0,0,0,0,0,0,0,0,0,0,0,0,0,0,0,0,0,0
80101101203,0,0,0,0,0,0,0,0,0,0,0,0,0,0,0,0,0,0,0,3
80101101301,0,0,0,0,0,3,0,0,0,12,31,15,50,26,26,23,11,23,5,213
80101101302,9,12,17,9,3,6,3,0,0,60,96,79,168,107,72,35,22,15,3,593
80101101303,3,0,0,0,6,0,0,4,0,13,53,59,23,38,69,49,41,42,6,376
80101101304,0,6,0,0,0,3,6,4,0,12,35,39,6,27,46,44,43,42,10,273
80101101305,3,0,0,5,8,4,0,0,0,19,67,57,41,34,59,59,47,52,13,425
80101101306,4,0,0,0,0,0,0,0,0,8,73,37,25,45,40,43,53,22,4,353
80101101307,0,0,0,0,0,0,0,0,0,0,27,13,35,27,30,20,35,17,8,206
80101101308,0,9,4,0,0,3,0,0,0,11,56,55,15,35,57,33,40,30,7,325
80101101309,0,0,0,0,0,0,0,0,0,0,0,0,0,0,0,0,0,0,0,0
80101101310,11,0,0,0,0,0,0,3,0,11,48,25,11,21,27,35,35,26,14,238
80101101401,6,3,4,6,0,0,5,0,0,23,47,36,59,51,46,33,63,67,16,408
80101101402,0,3,0,0,0,0,0,0,0,12,119,57,63,76,69,38,35,33,7,498
80101101403,18,4,6,4,5,6,4,0,0,42,130,82,86,101,89,61,56,38,8,648
80101101404,9,0,5,6,4,0,3,0,0,29,119,49,89,87,79,47,32,34,3,544
80101101405,7,5,0,6,6,4,0,0,0,29,74,44,49,67,56,38,32,27,11,403
80101101406,6,3,0,0,0,6,0,0,0,11,56,23,45,37,27,32,15,13,0,251
80101101407,7,9,3,0,6,0,3,0,0,28,106,71,85,67,76,70,47,30,4,562
80101101502,6,4,0,3,3,0,3,0,0,21,69,31,40,53,39,18,36,9,5,297
80101101503,3,4,6,0,3,0,4,0,0,22,71,32,43,53,46,26,31,16,0,322
80101101504,4,3,9,0,5,6,0,0,0,27,69,47,62,71,43,33,34,18,3,380
80101101505,3,3,0,0,4,0,0,0,0,14,109,61,63,89,58,49,48,33,3,519
80101101506,0,0,3,3,3,0,0,0,0,16,40,18,79,50,46,26,36,27,5,328
80101101508,0,0,0,0,3,0,0,0,0,10,52,38,47,39,55,43,33,11,0,326
80101101509,3,5,3,8,6,0,3,0,0,40,82,41,63,71,55,35,25,11,6,391
80101101510,3,3,4,5,0,0,0,0,0,20,95,39,44,63,59,27,34,26,7,384
80101101511,0,5,0,0,3,0,5,0,0,11,40,26,26,39,40,14,39,12,0,233
80101101512,3,0,0,0,0,0,0,0,0,13,55,39,58,42,27,25,24,24,3,302
80101101513,9,5,6,4,0,0,0,0,0,27,29,38,96,54,26,19,17,6,4,286
80101101514,0,0,0,0,0,0,0,0,0,0,0,0,0,0,0,0,0,0,0,0
80101101515,4,0,3,3,5,0,4,0,0,31,63,29,77,47,32,23,49,52,74,450
80101101516,16,4,7,5,3,4,0,0,0,35,207,67,187,148,69,35,19,7,0,747
80101101517,3,8,7,4,8,4,0,4,0,32,97,65,105,81,80,60,95,57,17,649
80101101601,5,0,0,0,4,0,4,0,0,19,89,72,48,69,44,51,46,20,4,443
80101101602,0,0,0,3,0,0,0,0,0,8,39,20,31,39,23,30,30,7,0,213
80101101603,3,5,4,0,6,3,6,0,0,31,97,44,97,81,52,62,75,40,8,548
80101101604,8,0,8,5,4,3,10,4,0,44,80,47,66,68,47,55,60,8,5,430
80101101605,5,0,4,0,0,0,0,3,0,21,62,44,63,51,51,56,46,9,0,388
80101101606,5,0,0,6,0,3,3,0,0,19,118,66,61,93,62,59,66,22,9,548
80101101607,0,0,0,0,0,0,0,0,0,8,60,30,28,49,42,24,31,6,0,273
80101101608,0,0,0,0,6,0,0,0,0,3,0,0,0,0,6,0,6,24,28,58
80101101609,0,0,3,0,5,5,3,0,0,19,72,45,59,62,61,59,51,30,9,454
80101101610,5,3,0,6,0,0,0,0,0,13,44,31,21,36,31,29,36,17,0,252
80101101611,5,0,0,0,0,4,0,0,0,13,98,47,41,56,50,42,48,15,10,402
80101101612,0,8,6,0,0,0,0,7,0,18,90,56,54,87,56,60,75,28,3,505
80101101613,4,0,6,3,0,5,3,0,0,24,89,61,129,77,52,39,57,31,11,548
80101101614,5,3,0,3,0,0,9,0,0,22,74,38,34,49,50,57,91,18,6,423
80101101615,10,5,0,0,3,0,4,0,5,24,77,60,59,59,55,48,50,28,10,440
80101101616,4,3,3,7,4,3,5,0,0,27,78,75,70,59,68,52,66,42,14,514
80101101617,3,0,6,0,0,5,3,0,0,24,69,43,63,64,41,52,58,21,8,422
80101101618,7,7,4,7,4,0,0,0,0,24,76,42,48,51,64,33,39,17,10,387
80101101619,11,4,0,7,0,0,8,0,0,31,72,59,44,55,50,59,62,20,7,434
80101101701,5,0,5,3,4,4,0,5,0,23,65,43,35,47,54,33,34,24,0,329
80101101702,16,3,4,5,8,0,0,0,0,51,127,53,76,90,66,58,46,21,0,547
80101101703,8,4,12,5,5,3,0,0,0,42,109,65,91,103,88,66,66,31,9,613
80101101704,4,3,6,3,0,0,3,0,0,18,82,35,39,63,45,19,36,17,0,341
80101101705,13,0,0,8,3,0,0,0,0,26,68,37,59,58,42,32,44,23,4,361
80101101706,15,4,10,5,5,9,3,0,0,55,120,80,74,77,91,88,46,15,5,609
80101101707,7,3,0,6,0,0,4,0,0,21,101,42,63,72,68,30,44,22,11,451
80101101708,12,5,4,6,4,0,0,0,0,23,34,24,27,19,26,23,20,3,0,172
80101101709,4,0,6,0,0,0,0,0,0,11,65,25,60,47,25,39,52,18,4,346
80101101802,0,0,0,0,0,0,0,0,0,0,0,0,0,0,0,0,0,0,0,0
80101101805,6,18,16,10,9,0,6,0,0,63,88,146,234,96,36,26,10,3,0,652
80101101806,3,6,16,8,0,0,0,0,0,24,37,77,139,50,18,11,5,0,0,339
80101101807,8,8,8,8,3,0,3,0,0,44,71,108,217,93,44,19,16,0,0,571
80101101808,0,9,7,0,0,0,0,0,0,22,66,70,119,74,29,8,3,3,0,375
80101101809,3,8,7,4,0,0,0,0,0,31,54,94,167,64,19,5,5,0,0,408
80101101810,6,0,7,5,0,0,0,0,0,19,41,74,162,60,26,21,3,4,0,391
80101101902,4,3,8,8,3,0,0,0,0,29,192,40,136,164,65,24,15,3,0,648
80101101904,9,6,0,9,3,0,0,0,0,17,125,41,75,102,62,29,15,3,4,458
80101101905,6,0,4,0,4,0,0,0,0,12,121,49,90,121,51,36,17,12,4,491
80101101906,3,0,3,3,0,0,0,3,0,14,77,34,37,50,50,47,30,17,3,336
80101101907,7,0,0,5,0,3,0,0,0,23,124,59,61,71,79,57,65,22,5,551
80101101908,8,6,0,0,0,0,0,0,0,18,104,50,46,52,81,54,46,35,4,471
80101101909,5,4,3,3,5,0,0,0,0,24,96,47,49,75,58,30,54,20,0,441
80101101910,4,3,0,3,4,0,8,0,0,18,65,41,36,56,40,42,54,17,7,348
80101101911,8,5,3,7,0,5,9,0,0,36,100,63,64,79,63,55,51,18,0,499
80101101912,9,0,6,4,4,0,4,0,0,24,76,40,57,67,46,19,48,11,3,373
80101101913,5,5,0,4,5,3,0,0,0,30,100,70,55,86,47,45,39,5,0,452
80101101914,8,4,0,3,0,0,0,0,0,19,70,27,50,66,28,17,5,0,0,259
80101101915,0,0,4,3,0,0,0,0,0,10,85,29,81,73,26,27,15,0,5,333
80101101916,7,0,0,3,0,0,0,0,0,17,86,29,73,74,32,22,14,0,0,330
80101101917,0,0,3,4,0,6,0,0,0,11,98,27,75,59,31,16,7,6,0,328
80101101918,3,0,0,5,0,5,0,0,0,11,76,26,45,72,40,20,3,5,0,281
80101101919,0,0,0,7,0,3,0,0,0,16,116,32,92,118,30,26,5,10,0,433
80101102001,4,0,3,0,3,3,0,0,0,17,78,27,29,48,48,36,26,15,0,307
80101102002,3,9,10,4,4,4,4,0,0,35,68,45,79,58,37,49,28,36,6,402
80101102003,0,0,3,3,0,4,0,0,0,14,59,24,28,44,43,27,18,26,0,276
80101102004,6,0,4,3,0,4,0,0,0,21,49,23,32,36,42,34,25,19,4,260
80101102005,11,12,29,7,4,8,0,3,0,78,113,118,218,145,61,47,87,52,22,860
80101102006,3,5,3,6,6,0,4,3,0,33,52,29,48,46,41,26,25,22,10,296
80101102007,0,8,0,0,6,3,0,0,0,19,46,43,36,46,35,44,39,20,3,307
80101102008,4,5,4,0,3,3,0,0,0,19,52,65,68,49,42,47,33,30,8,397
80101102101,8,9,3,3,3,9,5,0,0,37,97,78,83,70,66,82,89,42,13,622
80101102102,3,0,3,0,4,4,3,0,0,24,55,47,38,40,60,57,52,25,14,378
80101102103,13,5,3,3,3,3,3,0,0,30,77,66,80,62,63,82,86,21,7,542
80101102104,5,3,4,6,0,4,0,0,0,23,82,43,50,56,57,96,57,19,3,479
80101102105,5,6,6,3,9,5,3,0,0,41,136,94,78,99,101,100,78,27,3,722
80101102201,3,0,0,0,0,0,0,3,0,9,65,18,26,35,23,17,16,16,0,225
80101102202,0,0,0,0,3,0,0,0,0,6,52,38,20,33,46,23,43,28,4,295
80101102203,11,4,6,4,4,0,4,0,0,32,107,48,88,72,61,45,46,33,6,511
80101102204,5,8,3,0,6,6,0,4,0,40,114,59,94,95,69,59,41,35,3,580
80101102205,11,0,3,3,0,3,3,3,0,32,140,59,52,94,83,66,57,31,6,592
80101102206,0,0,0,3,0,0,4,0,0,12,89,44,20,63,50,27,28,13,6,343
80101102207,11,4,7,0,4,3,4,0,0,40,136,54,62,80,65,65,42,26,7,535
80101102208,0,5,0,4,0,4,7,0,0,15,50,47,12,28,48,43,42,30,0,305
80101102301,10,6,4,0,11,6,0,0,0,40,112,47,84,66,73,52,33,31,12,510
80101102302,7,0,8,0,3,3,0,0,0,14,39,30,48,29,31,22,26,16,5,249
80101102303,3,4,3,0,0,0,0,0,3,21,76,84,93,84,46,41,25,25,10,478
80101102304,10,3,12,9,4,10,4,7,0,55,87,59,98,97,70,48,37,30,6,527
80101102305,3,0,3,5,3,0,4,0,0,16,61,38,72,47,46,34,27,13,5,339
80101102306,3,0,7,3,0,0,0,0,0,23,79,36,75,63,58,36,24,17,3,391
80101102307,4,0,3,0,0,0,0,8,11,26,26,10,42,20,7,8,70,171,207,559
80101102401,0,0,0,4,0,0,0,0,0,11,55,22,40,44,31,11,27,10,3,253
80101102402,7,5,5,9,8,0,0,0,0,31,131,57,74,96,66,36,44,26,6,547
80101102403,3,3,7,0,3,0,0,0,0,22,95,41,69,59,58,40,26,17,0,403
80101102404,0,0,3,0,0,3,4,0,0,16,59,33,47,50,36,30,19,19,6,292
80101102405,6,0,0,0,3,0,0,0,0,17,70,28,39,51,45,27,28,8,0,305
80101102406,3,3,7,0,3,3,3,7,0,34,81,55,81,70,56,42,40,25,6,455
80101102407,3,8,4,0,4,10,0,0,0,30,52,37,68,43,38,31,19,4,0,296
80101102408,3,8,7,8,5,3,0,4,0,24,99,47,97,96,64,45,34,27,6,523
80101102501,9,6,9,4,5,0,0,0,0,29,72,32,50,55,41,30,33,16,5,332
80101102502,5,4,0,0,4,3,4,0,0,19,76,52,47,67,54,45,44,15,4,398
80101102503,9,0,8,6,4,0,7,0,0,21,93,68,63,74,83,59,53,18,5,513
80101102504,8,3,9,7,3,0,0,0,0,39,101,63,66,87,70,46,57,22,5,526
80101102505,11,4,0,0,0,0,0,0,0,17,61,37,30,46,40,22,41,18,3,293
80101102506,0,3,5,5,0,9,6,0,0,28,104,59,45,77,55,56,75,44,3,525
80101102601,0,4,3,0,6,7,0,0,0,30,68,44,24,46,51,54,29,28,6,352
80101102602,3,0,6,3,0,0,0,0,0,12,40,27,30,24,27,28,17,13,0,211
80101102603,0,0,0,0,4,0,0,0,0,8,78,46,24,48,64,53,38,34,13,398
80101102604,4,0,0,3,0,0,0,0,0,16,90,74,46,72,66,55,52,30,10,490
80101102605,3,0,5,0,0,0,5,0,0,14,47,43,27,30,32,18,30,31,11,270
80101102606,6,0,8,4,5,3,0,0,0,23,117,82,63,83,83,52,63,55,22,626
80101102607,6,3,0,3,5,0,6,4,0,20,83,55,67,57,74,34,39,28,9,448
80101111101,0,5,0,0,0,0,0,0,0,3,4,5,0,6,0,0,0,0,0,12
80101114201,0,0,0,0,0,0,0,0,0,0,0,0,0,0,0,0,0,0,0,0
80101114301,4,0,0,4,4,0,0,0,0,10,48,15,49,42,17,9,8,0,0,177
80101114302,15,4,8,6,3,0,0,0,0,35,136,65,161,113,42,20,8,0,0,540
80101114401,0,0,0,0,8,0,0,0,0,6,0,0,6,5,3,3,0,0,0,25
80103103102,0,44,154,103,48,14,6,5,0,376,0,44,154,103,48,14,6,5,0,376
80103103103,0,0,0,0,0,0,0,0,0,0,3,0,0,0,4,4,0,6,0,14
80103103201,0,0,0,0,0,3,0,0,0,3,8,3,3,0,7,6,0,0,0,25
80103111301,12,6,22,16,17,12,5,0,0,89,53,24,76,71,60,56,30,4,3,375
80103111302,0,0,7,5,7,0,5,8,0,42,20,16,20,13,35,46,62,49,4,270
80103111303,0,5,3,4,0,0,0,0,0,18,0,9,8,10,10,0,0,0,0,39
80103111304,0,0,0,0,0,0,0,0,0,0,5,6,0,4,7,0,0,0,0,26
80103111305,0,0,0,0,0,0,0,0,0,0,4,5,8,4,3,0,0,0,0,30
80103111306,0,0,0,0,0,0,0,0,0,0,0,0,0,5,0,0,0,0,0,3
80103111307,14,18,17,28,22,50,23,9,0,181,24,31,32,57,51,97,45,15,0,351
80103111308,0,0,0,0,0,0,0,0,0,0,0,0,0,0,0,0,0,0,0,0
80103111309,0,0,0,0,0,0,0,0,0,0,0,0,3,0,0,0,4,0,0,12
80103111401,5,3,5,7,5,10,3,0,0,30,20,19,17,24,16,22,3,4,0,125
80103111501,0,0,0,0,0,0,0,0,0,0,0,0,0,0,0,0,0,0,0,0
80103111502,4,3,0,4,3,4,0,0,0,17,23,19,3,12,27,25,11,5,5,137
80103111503,0,0,0,0,0,0,0,0,0,0,0,0,0,0,0,0,0,0,0,0
80103111504,0,6,0,0,0,0,0,0,0,7,0,13,9,6,11,5,0,0,0,34
80103111505,0,0,0,0,0,0,0,0,0,0,0,0,4,0,0,4,0,0,0,8
80103111506,0,17,13,0,0,0,0,0,0,29,0,64,39,3,0,0,3,4,4,117
80103111507,0,0,0,0,0,0,0,0,0,0,0,0,0,0,0,0,0,0,0,0
80104103401,4,0,0,7,0,0,4,0,0,18,94,39,62,62,59,36,27,14,3,404
80104103402,0,4,0,0,5,0,0,0,0,11,34,42,38,36,38,14,12,9,0,213
80104103403,3,5,3,0,0,0,0,0,0,18,100,69,43,62,92,48,32,10,0,460
80104103404,8,4,4,0,6,3,0,0,0,29,102,52,48,79,71,34,26,12,0,428
80104103405,12,0,0,10,8,0,0,0,0,41,145,58,52,89,90,44,9,5,0,493
80104103406,0,3,0,0,6,3,0,0,0,7,73,50,48,51,73,44,26,17,0,389
80104103407,11,0,0,4,0,0,0,0,0,20,72,44,36,37,53,26,8,6,0,280
80104103408,13,23,25,13,3,3,0,0,0,75,193,147,211,150,121,69,43,12,8,961
80104103409,0,6,0,3,4,0,0,0,0,7,74,49,38,47,43,24,18,0,0,294
80104103410,8,4,6,0,3,7,3,0,0,32,101,92,32,76,111,47,32,11,0,510
80104103411,5,3,0,8,0,0,0,0,0,21,163,71,67,107,81,53,21,13,3,590
80104103412,8,4,3,0,4,0,4,0,0,24,126,93,30,65,114,38,19,8,4,501
80104103413,3,4,3,0,0,0,3,0,0,19,62,49,56,59,74,45,31,13,8,399
80104103414,0,0,0,0,3,0,0,0,0,0,42,34,23,28,32,30,12,3,0,208
80104103501,10,0,3,7,0,7,0,0,0,28,95,48,94,70,33,41,11,7,0,393
80104103505,8,3,0,6,0,0,0,0,0,18,99,31,46,87,24,8,15,9,0,322
80104103506,6,0,0,8,3,0,0,0,0,15,120,60,55,103,61,18,16,3,0,432
80104103507,11,4,0,4,0,0,0,0,0,29,137,42,61,105,42,25,15,9,0,429
80104103508,12,5,3,7,0,0,0,0,0,29,121,39,48,74,42,11,11,3,0,357
80104103509,12,6,4,5,4,0,0,0,0,34,158,60,68,101,56,25,7,0,0,478
80104103510,13,3,7,3,6,5,0,0,0,32,129,80,83,99,80,36,10,9,0,534
80104103511,3,0,0,4,0,3,0,0,0,9,93,59,49,75,40,6,7,4,0,337
80104103512,4,5,3,3,4,0,0,0,0,27,178,86,80,121,84,26,22,5,0,598
80104103513,3,7,4,8,10,4,0,0,0,30,102,50,67,78,51,27,11,4,0,386
80104103514,10,5,0,6,6,0,0,0,0,29,112,47,25,85,50,26,11,0,0,357
80104103515,4,3,0,4,3,0,0,0,0,19,94,41,32,73,56,15,11,7,0,337
80104103516,9,5,5,7,0,0,0,0,0,27,177,50,115,130,44,21,14,4,0,555
80104103517,0,0,0,0,0,0,0,0,0,0,83,30,41,67,31,12,12,7,0,277
80104103518,14,8,6,7,3,0,0,0,0,28,135,60,70,102,64,20,17,14,4,475
80104103519,9,0,0,4,0,0,0,0,0,21,90,42,58,82,44,12,9,8,0,331
80104103520,0,0,3,0,5,3,0,0,0,15,96,40,83,71,35,13,17,6,0,363
80104103521,0,0,0,0,0,0,0,0,0,0,0,0,0,0,0,0,0,0,0,0
80104103522,5,6,3,0,0,0,0,0,0,22,110,41,56,85,44,13,10,9,0,376
80104103601,10,0,3,6,0,0,0,0,0,23,124,62,82,106,56,46,31,3,0,514
80104103604,9,0,0,6,6,3,0,0,0,20,139,45,91,127,61,32,16,3,4,519
80104103605,8,5,0,4,4,0,0,0,0,21,73,29,45,51,38,19,6,3,0,263
80104103606,6,0,3,9,0,0,0,0,0,19,110,29,87,91,21,18,22,3,0,380
80104103607,12,4,6,5,0,0,0,0,0,32,117,30,52,81,43,25,10,4,0,361
80104103608,6,6,8,5,0,0,5,0,0,37,164,62,111,125,67,37,23,4,0,597
80104103609,4,9,8,9,8,5,0,0,0,34,156,69,160,157,55,28,19,4,4,661
80104103610,4,0,3,5,4,0,0,0,0,14,65,36,78,58,37,16,9,4,0,305
80104103611,3,4,0,3,0,0,0,0,0,12,83,46,23,72,46,18,0,3,0,290
80104103612,4,0,5,0,3,0,0,0,0,16,45,19,57,50,21,10,5,0,0,198
80104103613,4,0,3,4,0,0,0,0,0,12,104,34,93,105,33,28,17,5,4,415
80104103614,3,0,0,4,0,0,0,0,0,16,72,44,44,68,31,33,20,4,0,319
80104103615,12,0,3,6,5,0,0,0,0,27,183,55,102,148,79,27,9,5,0,599
80104103616,5,0,3,4,8,3,0,0,0,22,142,66,77,118,73,52,31,0,0,563
80104103617,4,0,0,4,3,0,0,0,0,15,93,50,61,88,50,26,14,3,0,387
80104103618,0,0,7,0,0,0,0,0,0,7,13,11,45,17,3,4,3,0,0,97
80104103702,0,4,3,4,0,0,0,0,0,16,73,48,82,81,38,25,14,0,0,357
80104103703,16,0,11,7,0,0,0,0,0,32,125,55,143,92,48,22,11,0,0,490
80104103704,5,0,4,0,4,0,0,0,0,18,114,48,72,91,69,28,12,11,0,452
80104103705,0,0,0,0,0,0,6,5,3,11,11,17,59,21,6,9,17,22,8,168
80104103706,0,0,6,4,0,0,0,0,0,10,82,25,46,75,37,28,11,0,0,305
80104103707,0,3,3,0,5,0,0,0,0,6,72,15,94,84,22,8,6,4,0,310
80104103708,3,0,0,3,4,0,0,0,0,13,146,46,83,102,72,39,18,4,0,512
80104103709,0,0,0,0,0,0,0,0,0,0,0,0,0,0,0,0,0,0,0,0
80104103710,0,0,8,7,4,0,0,0,0,18,129,32,80,138,54,21,13,10,0,470
80104103711,3,6,8,4,0,0,0,0,0,26,172,62,129,162,69,30,25,12,0,663
80104103712,0,0,0,0,0,0,0,3,0,7,48,19,7,41,16,9,30,71,28,269
80104103713,10,0,0,6,5,0,0,0,0,23,94,27,33,70,48,22,19,4,0,326
80104103714,8,4,7,0,0,0,0,0,0,21,131,57,40,116,64,31,32,9,0,483
80104103804,3,3,3,3,0,6,0,0,0,16,112,70,41,82,97,33,17,4,0,462
80104103805,7,0,0,0,0,4,0,0,0,13,111,32,35,85,54,35,12,8,0,370
80104103806,0,4,0,0,0,0,0,0,0,3,78,52,17,43,64,20,16,7,0,296
80104103807,3,0,0,0,0,0,0,0,0,20,88,37,32,49,70,22,19,5,0,327
80104103808,15,9,9,3,7,6,0,0,0,42,89,53,52,72,66,32,19,9,0,395
80104103809,0,8,0,5,9,0,0,0,0,25,94,60,18,62,69,13,3,0,0,331
80104103810,3,0,0,0,0,0,3,0,0,11,98,31,21,85,47,21,21,3,0,334
80104103811,0,0,0,0,0,0,6,0,0,4,84,28,26,67,39,16,13,6,0,273
80104103812,4,3,8,3,5,4,0,0,0,29,141,69,90,112,70,21,8,8,0,522
80104103813,0,3,5,0,5,0,0,0,0,22,111,43,41,85,52,25,15,7,0,377
80104103814,9,8,3,4,6,5,0,0,0,24,75,44,46,73,58,27,12,9,0,336
80104103815,6,7,0,0,3,0,0,0,0,26,100,40,38,77,72,44,27,6,3,412
80104103907,5,0,6,4,0,0,0,0,0,13,60,37,39,44,40,17,20,4,0,248
80104103908,9,6,8,5,0,0,0,0,0,24,49,31,79,65,21,9,9,0,0,252
80104103910,7,9,18,5,3,0,3,0,0,47,89,98,263,117,57,29,14,0,0,655
80104103911,0,4,0,0,0,0,0,0,0,5,19,36,84,18,12,3,6,0,0,181
80104103912,0,0,0,0,4,0,0,0,0,8,69,67,50,56,75,25,12,3,0,359
80104103913,0,6,4,3,0,0,0,0,0,9,24,23,81,32,13,6,6,0,0,185
80104103914,6,0,0,5,3,0,0,0,0,16,119,64,42,111,71,38,31,12,0,470
80104103915,0,0,3,0,0,0,0,0,0,10,82,38,35,77,45,20,16,3,3,327
80104103916,6,8,12,5,3,0,0,0,0,31,74,68,200,75,37,21,3,0,0,480
80104103917,3,8,0,0,0,0,0,0,0,8,32,33,75,39,16,9,4,0,0,206
80104103918,0,0,5,0,0,0,0,0,0,8,16,19,94,25,11,14,10,0,0,191
80104103919,0,0,5,0,0,0,0,0,0,6,54,36,50,59,33,14,7,7,0,259
80104103920,0,0,0,0,0,0,0,0,0,8,28,13,101,27,16,6,4,0,0,197
80104103921,5,0,6,3,0,0,0,0,0,16,49,33,169,91,20,12,8,5,0,391
80104103922,5,7,0,5,3,0,0,0,0,31,122,65,75,107,64,21,8,5,0,462
80104103923,10,5,12,5,5,0,3,0,0,43,143,56,60,103,96,30,19,5,0,512
80104103924,11,3,3,5,3,0,0,0,0,31,115,54,56,80,57,27,14,3,0,410
80104103925,6,7,4,9,0,0,0,0,0,25,107,48,53,98,61,36,10,4,0,417
80104103926,0,0,0,0,0,3,0,0,0,8,18,18,66,40,4,14,3,3,0,168
80104103927,4,3,9,3,3,6,0,0,0,29,120,71,114,110,69,39,10,8,0,547
80104103928,0,4,0,0,0,0,0,0,0,4,72,43,32,56,34,30,12,0,0,272
80104103929,0,7,6,0,0,0,0,0,0,10,48,41,112,57,17,8,0,0,0,287
80104104001,13,7,8,0,3,4,4,5,0,37,106,108,196,109,62,45,26,5,0,659
80104104002,0,0,0,0,0,5,0,4,0,8,38,49,46,34,61,57,33,17,0,334
80104104005,10,6,4,5,0,0,0,0,0,20,97,48,57,77,56,26,21,13,4,392
80104104006,8,7,0,3,8,0,0,4,0,26,60,45,52,57,57,20,13,9,5,313
80104104007,0,9,0,3,3,0,0,0,0,18,114,69,82,86,83,37,30,3,6,511
80104104008,6,4,7,0,5,0,0,0,0,25,109,88,86,79,109,41,17,0,0,534
80104104011,0,0,0,0,0,0,0,0,0,0,0,0,0,0,0,0,0,0,0,0
80104104013,0,0,0,0,0,0,0,0,0,9,64,34,34,73,41,18,21,3,0,300
80104104014,3,4,3,0,6,0,0,0,0,12,69,56,75,47,60,32,31,7,0,375
80104104015,6,3,10,0,5,5,0,0,0,21,77,55,68,56,68,44,24,15,0,404
80104104017,0,0,0,3,4,0,0,0,0,12,76,53,91,70,40,22,7,12,0,366
80104104018,5,0,0,6,3,0,0,0,0,14,26,19,32,26,17,9,10,4,0,143
80104104019,0,0,0,0,0,0,5,5,0,10,30,34,22,29,39,30,14,14,3,219
80104104020,0,0,0,0,0,0,0,0,0,0,0,0,0,0,0,0,0,0,0,0
80104104021,0,0,3,6,0,0,0,0,0,9,0,0,21,8,4,3,0,0,0,44
80104104022,0,0,5,5,0,0,0,0,0,12,22,31,106,50,21,10,4,5,0,240
80104104023,0,0,0,0,0,0,0,0,0,0,0,0,0,0,0,0,0,0,0,0
80104104024,0,0,0,0,0,8,0,0,0,10,66,42,56,47,43,32,10,10,0,300
80104104025,5,0,3,5,0,0,0,0,0,18,75,51,85,88,38,22,10,5,0,380
80104104026,13,7,21,6,9,0,0,0,0,55,88,91,257,108,53,36,9,3,3,649
80104104027,9,0,6,5,0,4,0,0,0,34,54,60,187,90,24,27,11,13,7,477
80104104028,4,12,0,4,0,3,0,0,0,24,24,77,111,29,25,15,6,0,0,285
80104104029,4,0,7,8,0,3,0,0,0,23,41,60,160,55,22,16,15,4,0,375
80104104030,3,12,29,12,0,0,3,0,0,65,84,124,393,117,41,34,13,3,5,819
80104104031,3,0,4,0,0,0,0,0,0,9,25,23,60,51,24,35,25,11,5,250
80104104032,0,0,0,0,0,0,0,0,0,4,19,25,109,31,10,14,6,0,0,210
80104104301,0,0,0,0,0,3,5,0,0,13,54,35,16,28,55,41,47,26,6,298
80104104302,0,0,0,0,0,0,0,0,0,0,0,0,0,0,0,0,0,0,0,0
80104104401,4,3,5,0,3,0,0,0,0,18,148,77,85,107,93,41,27,4,0,576
80104104402,3,7,8,8,7,0,0,0,0,35,131,64,80,125,98,51,23,19,0,588
80104104404,12,4,0,5,7,0,0,0,0,31,149,76,78,122,107,34,14,10,0,594
80104104405,6,5,0,8,4,0,0,0,0,24,166,51,42,111,75,21,19,0,0,477
80104104409,4,6,0,0,4,0,0,0,0,15,109,48,39,70,62,22,9,3,0,356
80104104410,0,0,3,0,0,0,0,0,0,13,22,24,92,29,13,10,7,0,0,196
80104104411,4,3,0,4,8,0,0,0,0,17,68,67,42,47,53,35,7,3,0,327
80104104412,4,3,0,3,0,0,0,0,0,7,63,43,46,46,44,28,8,5,0,287
80104104413,3,0,0,0,4,0,0,0,0,7,106,67,27,72,74,33,10,0,0,399
80104104414,3,7,0,3,0,0,0,0,0,13,73,29,28,41,41,12,0,3,0,228
80104104415,5,4,0,6,0,0,0,0,0,19,62,49,87,78,40,21,22,0,0,359
80104104416,10,3,8,10,0,0,0,0,0,35,118,58,103,101,49,24,13,9,0,474
80104104417,6,4,0,0,6,0,0,0,0,12,104,26,58,95,50,20,3,0,0,360
80104104418,9,0,12,5,0,0,0,0,0,27,128,64,158,103,31,13,4,3,0,504
80104104419,5,0,7,3,0,0,0,0,0,15,45,43,165,66,10,9,0,0,0,340
80104104420,3,9,12,7,0,0,0,0,0,24,83,70,189,99,35,12,9,5,0,505
80104104421,6,0,7,3,0,0,0,0,0,17,32,49,131,51,14,13,4,4,0,300
80104104422,0,0,0,0,0,0,0,0,0,3,0,0,0,0,0,0,0,0,0,3
80104104423,0,4,7,0,3,0,0,0,0,15,76,51,40,63,61,27,10,8,0,335
80104104424,3,4,10,0,5,0,0,0,0,29,130,75,94,105,70,27,13,0,0,507
80104104425,0,0,0,0,0,0,0,0,0,0,5,0,5,4,0,0,0,0,0,19
80104104426,3,0,9,0,0,3,0,0,0,26,93,75,151,92,50,30,12,0,0,500
80104104502,0,0,0,0,0,0,0,0,0,0,0,0,0,0,0,0,0,0,0,0
80104104503,0,0,0,0,0,0,0,0,0,0,0,0,0,0,0,0,0,0,0,0
80104104504,3,0,0,0,0,0,0,0,0,6,3,0,0,0,5,0,0,0,0,7
80104104601,0,0,3,0,0,5,0,0,0,10,59,20,41,43,24,37,14,10,0,254
80104104602,5,15,14,7,0,3,0,0,0,37,61,51,126,78,41,30,22,3,0,415
80104104603,0,3,0,0,0,0,0,0,0,0,27,48,15,22,38,41,28,10,0,228
80104104604,0,0,0,0,0,0,0,0,0,3,51,28,40,41,33,23,27,9,0,245
80104104605,3,9,11,4,0,0,3,0,0,26,66,31,78,54,33,15,15,3,3,298
80104104606,3,0,4,3,0,0,0,0,0,12,103,40,59,66,45,34,15,8,0,365
80104104607,3,5,0,0,0,0,0,0,0,10,51,30,33,34,33,23,26,5,8,240
80104104609,11,3,7,11,6,0,3,0,0,37,59,39,52,59,30,22,18,8,5,290
80104104612,0,0,0,0,4,0,0,0,0,4,40,18,32,40,28,18,14,14,5,210
80104104613,0,0,0,0,3,0,0,0,0,12,84,64,55,51,56,41,29,12,5,405
80104104614,3,3,0,6,6,5,0,0,0,26,74,50,24,56,50,29,20,9,0,310
80104104616,6,0,7,3,0,0,0,0,0,21,37,21,46,43,26,18,9,6,0,210
80104104617,4,0,0,0,3,6,0,3,0,28,99,55,76,69,81,58,32,23,5,498
80104104618,8,7,6,5,3,0,0,0,0,31,78,64,57,66,60,32,19,10,0,385
80104104619,5,0,0,6,3,3,0,0,0,17,61,41,49,42,52,29,21,12,0,315
80104104620,3,3,3,0,4,0,0,0,0,22,78,33,53,55,33,28,16,10,5,323
80104104621,0,0,5,6,0,4,0,0,0,12,69,47,72,52,44,22,22,14,0,347
80104104622,17,0,4,5,6,0,0,0,0,30,83,45,55,57,51,36,18,12,0,353
80104104623,5,4,4,4,0,0,5,0,0,22,99,52,88,91,52,59,31,23,0,497
80104104624,0,0,0,0,0,0,0,0,0,0,0,0,0,0,0,0,0,0,0,0
80104104625,5,5,3,0,4,0,0,0,0,21,95,59,67,75,47,49,26,15,0,425
80104104626,0,0,0,5,0,0,0,0,0,9,66,41,55,47,42,37,24,11,0,324
80104104627,0,0,0,0,0,3,0,0,0,3,91,37,59,69,50,33,15,6,8,367
80104104628,0,3,3,6,3,0,3,0,0,22,77,55,77,55,50,30,23,8,0,374
80104104629,0,0,0,0,0,0,5,8,4,9,0,0,0,0,0,6,77,120,26,234
80104104630,4,0,0,3,0,0,0,0,0,7,80,42,61,50,35,27,17,11,0,321
80104104631,8,0,0,5,0,0,0,0,0,7,107,41,56,87,39,12,8,5,0,351
80104104632,11,3,10,6,0,0,0,0,0,22,156,45,150,149,42,27,22,6,0,601
80104104633,4,0,8,3,0,0,5,0,0,22,132,44,128,107,36,19,20,3,0,492
80104104634,6,6,0,5,3,0,0,0,0,21,98,54,77,74,37,21,12,6,3,385
80104104635,12,0,0,4,3,3,3,0,0,26,43,23,46,39,42,36,17,3,0,258
80104104636,6,0,5,11,0,0,0,3,5,23,57,27,55,50,44,33,15,8,6,297
80104104637,11,3,0,0,0,0,5,5,0,22,71,35,55,39,51,27,17,12,0,320
80104104701,0,0,0,0,0,0,0,0,0,7,48,25,33,27,54,52,33,16,0,291
80104104702,3,5,6,0,3,5,3,3,0,24,37,35,26,29,56,57,72,50,8,373
80104104703,0,0,4,0,0,4,3,0,0,14,100,67,27,60,76,75,40,13,5,473
80104104704,0,5,0,0,0,0,0,0,0,8,44,34,15,32,36,41,20,10,0,228
80104104705,9,4,4,8,0,4,0,0,0,30,82,58,30,38,74,73,40,13,0,412
80104104706,0,3,0,0,3,0,0,0,0,18,55,60,43,40,69,39,32,21,3,360
80104104707,0,0,0,0,0,0,0,0,0,10,40,24,23,31,49,22,17,5,0,214
80104104708,0,0,0,0,0,0,0,0,0,6,58,45,39,52,55,29,34,23,4,340
80104104709,0,0,0,0,0,0,0,0,0,12,53,21,21,33,41,26,32,24,8,265
80104104710,6,4,0,0,4,6,0,0,0,23,70,64,30,52,67,78,45,16,0,422
80104104711,0,8,0,3,0,0,0,0,0,21,112,63,51,71,91,58,32,11,5,488
80104104712,3,0,3,0,5,0,0,0,0,10,42,32,46,33,35,29,24,16,3,257
80104104713,8,4,0,0,3,7,0,0,0,20,90,52,50,55,74,57,43,25,3,450
80104104714,0,0,0,0,0,0,0,0,0,0,0,0,0,0,0,0,0,0,0,0
80104104715,3,0,0,0,0,0,0,0,0,5,37,31,14,22,40,59,49,23,3,289
80104104716,0,7,0,0,0,4,6,0,0,15,67,64,26,37,64,75,57,16,0,402
80104104717,6,0,0,0,3,5,0,0,0,17,64,91,45,43,92,90,50,27,3,508
80104104718,0,0,0,0,4,4,4,0,0,15,68,100,28,36,110,76,42,15,0,465
80104104719,3,0,0,3,4,3,4,0,0,22,77,66,34,39,75,80,57,18,3,444
80104104801,0,0,0,0,0,0,0,0,0,0,54,57,42,32,65,49,21,4,0,320
80104104802,8,3,10,0,0,3,0,3,0,27,120,63,100,80,56,54,41,12,3,533
80104104803,0,0,0,0,5,0,0,0,0,10,80,39,58,66,48,29,13,6,0,334
80104104804,14,5,3,7,6,0,3,0,0,46,96,37,97,64,44,25,23,10,3,407
80104104805,21,3,4,16,6,0,9,0,0,56,115,42,89,109,65,46,33,15,0,517
80104104806,0,4,0,0,6,6,0,0,0,17,59,51,44,62,47,37,18,18,0,321
80104104807,5,3,5,4,0,4,0,0,0,16,71,27,28,47,49,51,35,9,3,323
80104104808,0,0,3,0,0,0,0,0,0,11,72,44,50,57,38,39,36,10,0,348
80104104809,8,5,0,0,5,0,0,4,0,21,68,59,58,62,70,74,60,18,5,467
80104104810,3,3,4,0,0,5,8,0,0,19,57,39,32,40,47,42,35,15,3,312
80104104811,9,0,4,0,3,0,0,0,0,22,61,40,30,42,46,47,45,15,0,334
80104104812,5,4,12,5,7,0,6,0,0,39,107,48,121,97,70,48,39,23,4,546
80104104813,8,0,0,6,0,0,0,0,0,18,65,31,43,43,37,34,25,4,6,286
80104104814,3,0,0,3,0,0,0,0,0,21,109,65,57,85,69,70,35,20,6,521
80104111601,0,0,0,0,0,0,0,0,0,0,0,0,0,0,0,0,0,0,0,0
80104111702,0,0,0,0,0,0,0,0,0,0,0,0,0,0,0,0,0,0,0,0
80104111801,9,0,9,8,3,0,0,0,0,36,220,73,134,161,77,17,15,4,0,706
80104111803,0,0,0,0,0,0,0,0,0,0,5,0,0,0,0,0,0,0,0,5
80104111901,0,7,0,0,0,0,0,0,0,9,6,7,0,0,0,4,0,0,0,19
80104112001,7,0,0,4,0,0,0,0,0,19,133,41,69,103,40,7,4,8,0,413
80104112003,11,0,0,4,0,4,3,0,0,26,165,72,74,134,59,21,12,5,0,538
80104112005,9,0,3,6,0,0,0,0,0,20,126,28,97,96,34,8,3,0,0,394
80104112006,0,0,4,6,3,0,0,0,0,14,138,49,115,103,50,18,8,3,0,476
80104112007,18,3,11,10,3,0,0,0,0,46,134,34,86,101,30,12,11,4,0,411
80104112008,0,6,11,0,0,0,0,0,0,22,90,39,138,62,29,15,10,0,0,380
80104112009,9,0,6,5,0,0,0,0,0,16,106,41,150,96,19,8,9,0,0,436
80104112010,7,4,7,5,5,0,0,0,0,29,163,46,70,118,52,18,14,0,0,480
80104112011,0,0,0,5,3,0,0,0,0,12,101,39,45,80,46,15,10,8,0,347
80104112012,11,6,13,7,3,0,0,0,0,31,193,50,112,121,30,21,4,3,0,535
80104112013,7,8,0,11,6,3,0,0,0,40,151,50,59,121,54,29,9,0,0,480
80104112014,0,0,0,0,0,0,0,0,0,0,0,0,0,0,0,0,0,0,0,0
80104112015,13,0,6,4,3,0,0,0,0,28,106,47,123,86,36,16,8,0,0,415
80104112102,7,6,8,0,0,0,0,0,0,24,85,30,86,64,12,16,9,0,0,299
80104112103,0,4,0,0,0,0,0,0,0,3,20,14,23,19,13,11,0,0,0,110
80104112104,0,0,0,0,0,0,0,0,0,0,0,0,0,0,0,0,0,0,0,0
80104112105,0,0,0,0,0,0,0,0,0,0,16,0,14,10,3,5,0,0,0,52
80104112106,0,0,0,0,0,0,0,0,0,0,0,0,4,3,0,0,4,0,0,13
80104112107,0,11,8,5,0,0,0,0,0,29,129,50,171,97,25,10,13,0,0,508
80104112108,10,9,5,3,0,3,0,0,0,22,120,43,77,86,28,8,12,0,0,381
80104112109,0,0,0,0,0,0,0,0,0,0,7,3,6,4,3,0,0,0,0,23
80104112110,4,0,4,0,0,0,0,0,0,8,22,0,20,19,7,4,0,0,0,80
80104112111,0,0,0,0,0,0,0,0,0,0,0,0,0,4,4,5,0,0,0,9
80104112112,0,0,0,0,0,0,0,0,0,0,0,0,0,0,0,0,0,0,0,0
80104112113,0,0,0,0,0,0,0,0,0,0,0,0,0,0,0,0,0,0,0,0
80104112114,9,6,4,14,0,0,0,0,0,35,157,46,87,120,36,16,13,4,0,483
80104112115,0,0,0,0,0,0,0,0,0,3,75,16,62,65,18,10,4,0,0,263
80104112202,3,4,9,8,0,0,0,0,0,28,136,31,98,105,50,10,13,3,0,452
80104112203,3,3,3,0,0,0,0,0,0,19,56,25,47,36,31,13,6,3,0,208
80104112204,3,0,5,4,4,0,0,0,0,15,136,41,93,110,26,22,9,6,0,435
80104112205,3,0,0,0,0,0,0,0,0,5,77,14,57,70,22,11,5,0,0,254
80104112206,0,0,0,0,0,0,0,0,0,0,14,8,9,13,9,0,0,0,0,51
80104112207,5,0,0,0,0,0,0,0,0,9,37,12,51,26,22,6,4,0,0,154
80104112208,3,0,0,3,0,3,0,0,0,13,141,36,74,122,51,13,15,5,0,451
80104112209,10,0,3,5,0,0,0,0,0,15,120,35,86,94,35,12,4,0,0,392
80105104901,4,478,27,3,0,0,0,0,0,511,6,2509,267,51,7,0,0,0,0,2848
80105104902,0,0,0,0,0,0,0,0,0,0,0,0,0,0,0,0,0,0,0,0
80105104903,0,0,0,0,0,0,0,0,0,0,0,0,0,0,0,0,0,0,0,0
80105104904,0,0,0,0,0,0,0,0,0,0,0,0,0,0,0,0,0,0,0,0
80105105001,9,7,3,9,8,0,0,0,0,33,88,55,59,79,70,46,32,22,12,465
80105105002,0,0,3,6,3,10,0,0,0,21,57,31,36,41,45,49,23,10,5,295
80105105003,0,0,0,0,0,0,0,0,0,0,0,0,0,0,0,0,0,0,0,0
80105105004,0,0,5,0,0,4,5,0,0,15,50,32,30,33,27,29,34,14,6,262
80105105005,4,9,6,6,3,0,0,0,0,32,95,70,49,65,80,75,49,19,9,516
80105105006,7,6,0,6,6,12,3,0,0,29,53,54,60,42,61,75,46,16,13,411
80105105007,0,0,0,0,0,3,0,0,0,12,36,38,32,33,39,42,32,15,4,260
80105105008,4,0,0,0,0,5,0,4,0,11,52,30,26,39,32,27,28,9,8,252
80105105011,8,3,0,7,3,0,6,0,0,19,103,75,59,70,93,82,61,30,11,587
80105105012,10,5,0,3,0,9,0,0,0,34,93,50,51,79,50,61,29,18,10,427
80105105013,8,0,0,3,10,0,5,0,0,32,90,97,54,56,80,81,66,7,7,543
80105105014,4,3,0,7,3,5,0,0,0,18,71,43,27,56,48,40,12,5,3,310
80105105015,0,0,0,0,0,0,4,10,16,39,9,11,21,6,16,12,54,118,143,383
80105105016,4,0,0,0,0,5,0,0,0,15,49,23,35,33,40,21,16,10,8,230
80105105017,0,3,0,0,0,0,0,0,0,8,38,55,31,30,30,22,20,8,4,229
80105105018,0,0,0,0,0,0,4,0,0,4,28,25,31,28,25,25,25,10,8,201
80105105101,3,6,18,4,0,0,0,0,0,31,30,128,272,67,24,20,10,6,0,559
80105105102,0,9,8,6,4,8,3,6,0,33,31,63,88,48,34,71,66,31,3,442
80105105105,4,19,39,17,0,0,3,0,0,84,30,218,454,172,62,54,27,7,0,1029
80105105109,0,10,24,5,7,3,0,0,0,47,47,167,247,105,67,44,26,6,9,719
80105105110,0,0,4,4,3,0,0,0,0,14,12,30,108,36,11,3,5,0,0,207
80105105111,4,5,15,4,0,0,0,0,0,29,27,113,223,73,37,29,24,8,0,534
80105105112,0,4,12,5,0,4,0,0,0,27,16,30,81,48,12,16,10,7,0,217
80105105113,0,3,8,4,3,0,3,0,0,13,12,26,123,59,22,19,18,13,0,282
80105105114,0,0,0,0,0,0,0,0,0,0,0,3,0,0,0,0,0,0,0,3
80105105115,5,4,15,4,0,0,3,0,3,41,46,76,125,52,55,33,54,25,23,492
80105105116,5,11,15,13,3,3,0,0,0,48,26,63,161,67,33,19,9,4,0,383
80105105117,0,4,4,4,0,0,0,0,0,16,10,43,103,37,22,24,0,4,0,241
80105105118,0,6,8,6,0,0,0,0,0,13,11,57,155,59,18,11,0,0,0,303
80105105119,0,0,9,3,8,0,0,0,0,18,14,67,170,84,39,22,4,3,0,408
80105105120,0,3,19,8,4,0,0,0,0,36,18,81,257,113,43,32,8,3,0,566
80105105301,0,5,18,12,9,9,4,5,0,65,24,70,210,110,88,93,65,42,9,705
80105105302,0,0,14,0,0,0,0,0,0,19,24,68,183,72,41,38,20,4,0,451
80105105305,0,4,0,0,0,0,0,0,0,4,0,4,0,0,0,0,0,0,0,4
80105105306,0,0,8,4,0,0,0,0,0,17,17,24,90,43,29,17,18,5,0,258
80105105307,0,162,22,0,0,0,0,0,0,189,0,734,76,11,0,0,0,0,0,821
80105105308,0,119,10,0,0,0,0,0,0,135,0,508,62,12,0,0,0,0,0,577
80105105311,0,11,8,0,5,0,0,0,0,19,7,115,151,48,23,0,20,0,0,365
80105105312,3,6,17,12,3,7,3,0,0,51,22,56,171,95,77,55,21,14,4,516
80105105313,0,8,7,3,0,0,0,0,0,23,8,100,178,40,25,21,16,0,0,398
80105105314,0,9,32,12,3,3,0,0,0,64,39,134,333,105,65,41,27,10,0,741
80105105404,12,7,3,3,0,0,0,0,0,27,79,88,63,66,74,46,18,13,7,454
80105105405,0,0,5,0,0,0,0,0,0,8,42,25,34,22,26,14,5,4,0,171
80105105406,0,4,3,4,3,3,0,5,0,22,98,94,90,85,65,67,40,24,3,573
80105105407,12,15,12,4,0,0,0,0,0,39,83,101,115,73,60,41,22,16,8,523
80105105408,0,5,0,4,0,0,5,3,0,19,25,57,59,48,21,16,12,9,5,239
80105105409,3,5,21,5,3,3,0,0,0,49,60,160,373,120,61,46,19,17,5,859
80105105410,0,0,0,0,0,0,0,0,0,13,43,89,200,69,30,22,7,4,3,469
80105105501,5,3,4,0,5,6,4,0,0,27,88,67,75,79,64,51,28,30,13,491
80105105502,9,0,7,4,8,0,0,0,0,35,63,35,69,68,52,36,15,18,4,358
80105105503,0,0,7,3,0,0,0,0,0,11,77,42,53,60,49,36,30,25,14,382
80105105504,5,0,5,0,0,3,0,0,0,19,77,73,71,85,50,37,33,7,10,448
80105105505,0,7,4,8,4,0,0,4,0,36,71,61,161,100,54,47,34,17,7,553
80105105506,3,0,7,8,6,8,5,0,0,36,90,80,113,99,51,39,30,16,4,527
80105105507,3,4,4,6,0,4,4,0,0,26,72,81,55,87,53,42,44,25,5,469
80105105508,11,3,3,11,3,6,3,0,0,51,153,72,87,124,100,63,50,23,13,677
80105105509,0,9,4,3,0,0,0,0,0,19,66,64,70,64,54,33,28,19,4,392
80105105601,8,0,3,7,5,3,5,0,0,27,107,72,72,93,79,63,47,25,12,577
80105105602,9,3,11,10,8,0,5,0,0,47,127,59,79,93,86,60,45,25,10,585
80105105603,5,4,0,3,5,3,8,4,0,30,75,57,51,67,73,48,46,31,12,459
80105105604,7,4,4,0,3,4,0,0,0,28,102,48,37,64,73,48,32,24,10,443
80105105605,3,0,0,0,4,0,0,0,0,20,114,50,46,70,84,59,34,29,14,502
80105105606,5,6,0,0,0,3,0,0,0,11,47,26,7,26,33,39,21,15,13,220
80105105607,3,0,0,3,4,0,0,0,4,18,103,48,37,54,87,56,24,19,16,449
80105105701,0,0,5,0,0,0,5,5,0,11,38,29,30,38,54,60,72,47,9,381
80105105702,0,0,0,7,0,0,0,0,0,10,49,27,41,52,32,31,17,9,10,251
80105105703,3,0,3,5,0,0,0,3,0,13,47,26,33,40,35,31,38,15,11,281
80105105704,5,0,6,0,6,0,3,0,0,21,41,31,51,43,31,33,41,20,9,302
80105105705,4,6,4,14,7,4,3,0,3,36,56,58,40,73,72,70,66,34,13,478
80105105706,0,4,5,6,0,3,0,7,9,35,40,43,116,63,21,23,42,79,117,549
80105105708,5,3,7,3,4,0,6,0,0,33,65,83,68,59,65,58,42,23,7,476
80105105709,0,0,9,4,0,0,7,0,0,23,39,83,107,84,43,41,36,17,13,461
80105105711,0,5,10,3,6,4,7,0,0,29,88,139,368,170,86,45,37,19,0,955
80105105712,4,4,19,5,5,0,0,0,0,31,31,97,313,83,31,17,3,0,0,578
80105105713,3,3,0,3,3,0,0,0,0,14,78,57,47,46,53,46,22,10,6,362
80105105714,3,0,5,4,5,0,0,0,0,19,42,46,53,33,47,35,27,6,5,294
80105105715,7,7,16,12,5,0,3,0,0,46,30,67,98,48,37,29,13,5,3,333
80105105801,7,12,5,9,7,5,0,0,0,43,132,97,53,67,114,96,33,25,4,615
80105105802,3,9,0,4,3,3,0,0,3,29,54,99,63,54,69,52,37,25,9,466
80105105803,3,7,11,5,3,0,0,0,0,32,73,96,135,77,44,37,19,5,6,495
80105105804,3,0,3,0,5,0,0,0,0,16,57,79,40,39,47,41,37,17,9,367
80105105805,0,0,3,0,0,0,0,0,0,6,57,17,29,28,43,37,21,4,6,239
80105105806,0,0,0,0,0,5,0,0,0,12,51,47,45,57,37,29,29,17,4,318
80105105807,0,5,0,0,4,0,5,0,0,16,93,125,60,46,93,66,80,18,19,587
80105105808,0,0,0,6,0,0,0,0,0,15,85,83,70,62,82,74,47,12,10,537
80105105809,5,0,4,3,3,0,0,0,0,12,55,75,30,31,75,45,27,15,5,357
80105105810,3,4,0,5,3,0,3,0,0,20,60,82,47,39,58,24,33,12,7,358
80105105811,4,10,3,0,0,6,0,0,0,24,65,84,73,64,80,74,63,20,10,526
80105105812,6,4,0,4,3,6,0,0,0,29,69,90,73,51,44,51,32,10,0,421
80105105813,7,3,20,8,3,6,0,0,0,41,62,104,212,88,71,48,20,18,4,623
80105105814,0,0,0,0,0,0,0,0,0,3,0,0,0,0,0,0,0,0,0,5
80105106003,4,10,13,8,5,6,4,0,0,46,73,131,251,137,65,34,33,29,4,761
80105106006,0,3,0,4,0,0,0,0,0,9,57,116,92,49,63,44,29,15,11,489
80105106007,0,3,0,0,6,5,3,0,0,16,58,57,30,30,49,38,46,23,10,328
80105106008,4,6,16,11,0,0,0,0,0,26,12,116,203,72,32,17,5,3,0,468
80105106009,0,0,0,0,0,0,0,0,0,0,0,4,3,0,0,0,0,0,0,9
80105106010,0,0,4,6,0,0,0,0,0,10,6,60,139,62,17,10,10,3,0,305
80105106011,0,0,6,5,0,0,0,0,0,11,40,60,97,34,40,26,27,7,0,334
80105106012,4,3,5,9,9,5,8,0,0,34,20,88,174,73,42,54,35,16,0,511
80105106013,0,0,4,0,0,0,0,0,0,3,16,28,50,22,14,13,9,5,0,155
80105106014,0,6,12,7,0,0,0,0,0,23,49,137,247,104,43,32,17,3,0,624
80105106015,0,4,15,8,8,0,4,0,0,36,25,65,132,61,51,59,63,20,12,494
80105106101,9,3,3,6,0,3,0,0,0,30,84,32,59,66,71,55,28,24,5,421
80105106102,0,5,4,0,0,0,0,0,0,13,75,44,68,45,50,38,20,28,7,369
80105106103,5,0,3,9,0,0,0,0,0,21,86,41,86,108,46,52,25,12,0,456
80105106106,0,4,0,0,0,0,0,0,0,11,60,47,28,46,33,11,22,5,0,253
80105106107,5,3,0,4,3,0,0,0,0,27,70,43,47,56,47,42,13,22,8,360
80105106108,5,11,8,0,5,8,4,0,0,33,97,54,90,92,60,68,39,16,10,525
80105106109,0,0,3,0,0,6,5,0,0,16,91,56,37,60,67,62,26,8,5,422
80105106110,3,0,0,0,4,0,0,5,0,6,92,36,56,78,62,33,21,13,9,391
80105106111,3,0,5,4,0,5,0,0,0,25,85,36,37,67,42,36,25,34,8,352
80105106112,4,0,0,0,5,0,4,3,0,17,66,39,47,52,45,32,19,12,4,305
80105106113,0,0,6,5,0,0,0,0,0,13,65,44,61,67,36,17,11,3,3,311
80105106114,8,0,6,7,4,0,0,0,0,25,61,62,207,119,51,22,23,9,0,553
80105106116,5,5,15,10,0,5,0,0,0,41,104,71,204,131,59,31,13,5,5,616
80105106117,0,0,0,0,0,0,0,0,0,0,0,0,0,0,0,0,0,0,0,0
80105106118,0,0,0,0,0,0,0,0,0,0,0,4,0,0,0,0,0,0,0,8
80105106119,5,0,0,0,5,6,0,0,0,14,97,66,42,68,72,42,29,4,0,426
80105106120,7,8,8,9,5,0,10,0,0,43,138,54,199,145,60,27,19,5,0,653
80105106121,0,4,0,0,4,0,0,0,0,10,73,28,9,55,55,30,26,17,6,296
80105112301,0,0,0,0,0,0,0,0,0,0,0,0,0,0,0,0,0,0,0,0
80105112401,0,7,0,0,9,0,4,7,15,51,62,108,91,60,67,56,62,56,41,601
80105112402,0,3,6,0,3,0,0,0,0,15,57,46,62,51,56,45,40,30,8,398
80105112403,4,8,3,0,5,0,0,5,0,31,82,75,43,54,62,45,45,19,14,439
80105112404,3,3,0,0,3,5,0,0,0,14,65,81,66,60,61,60,27,21,5,450
80105112405,0,16,18,17,28,17,12,0,0,118,59,75,51,45,110,78,59,19,10,493
80105112406,0,10,0,0,0,3,3,3,0,23,65,91,36,28,61,76,30,26,13,429
80105112407,3,6,9,4,0,4,4,4,0,34,92,99,150,86,73,72,53,14,9,653
80105112408,3,4,4,5,4,0,0,0,0,16,36,35,33,40,42,28,19,16,7,261
80105112410,3,3,8,11,5,0,0,0,0,31,28,55,133,59,46,31,25,9,0,380
80105112411,4,0,10,4,0,7,0,6,0,27,27,52,142,62,56,76,40,16,4,476
80105112501,7,160,69,16,7,5,0,0,0,258,117,333,246,107,37,12,0,0,0,856
80105112502,0,112,9,0,0,0,0,0,0,116,0,1076,29,8,0,3,0,0,0,1125
80105112601,0,0,0,0,0,0,0,0,0,0,0,0,0,0,0,0,0,0,0,0
80105112602,0,0,0,0,0,0,0,0,0,0,0,0,0,0,0,0,0,0,0,0
80105112701,0,16,10,8,13,8,0,0,0,53,11,47,44,32,54,48,30,16,0,289
80105112702,0,6,9,4,0,5,3,0,0,27,41,72,151,63,43,37,28,22,3,447
80105112703,4,0,8,5,3,5,3,3,0,22,26,81,83,51,46,82,70,34,14,491
80105112704,4,3,0,6,3,3,6,4,0,26,46,40,22,27,31,60,49,28,0,313
80105112801,0,0,0,0,0,0,0,0,0,0,0,0,0,0,0,0,0,0,0,0
80106106201,5,4,0,0,0,4,4,4,3,21,37,20,26,40,33,48,70,106,79,462
80106106202,6,11,9,3,4,3,3,0,0,34,75,92,45,56,81,67,65,33,5,516
80106106203,0,4,0,0,0,0,4,0,0,9,0,4,0,0,0,5,4,0,0,20
80106106204,0,6,0,4,8,0,5,0,0,29,73,37,36,58,39,31,37,30,7,336
80106106205,3,3,4,0,4,3,0,0,0,23,111,64,62,78,85,55,46,21,12,528
80106106206,0,0,4,0,0,6,3,0,0,13,59,26,17,35,38,37,25,20,8,269
80106106207,0,0,3,0,3,0,3,0,0,12,59,51,28,48,54,47,52,22,8,367
80106106208,3,8,8,0,7,3,6,0,0,38,65,41,13,41,62,39,28,18,3,307
80106106209,0,4,3,0,0,0,0,0,0,29,57,55,24,20,56,44,38,19,11,317
80106106301,5,7,9,4,8,9,3,6,4,56,75,68,215,118,120,126,119,68,25,931
80106106302,3,6,0,0,3,0,0,3,0,12,44,30,16,24,39,46,28,19,0,251
80106106303,0,0,3,0,0,0,4,4,0,14,56,36,36,40,60,53,53,44,11,385
80106106304,0,0,0,0,0,7,0,0,0,14,35,47,17,13,50,48,35,17,4,263
80106106401,3,5,0,6,3,0,0,0,0,19,23,29,86,46,36,37,27,10,4,309
80106106402,6,8,4,6,9,14,0,0,0,40,100,84,44,45,103,90,57,38,7,568
80106106403,0,0,0,0,0,4,0,0,4,14,34,26,51,28,35,40,44,48,80,385
80106106405,0,0,6,8,4,7,0,3,0,24,100,57,83,95,100,105,78,65,16,702
80106106407,9,0,0,0,5,0,0,0,0,14,52,41,11,24,50,49,26,4,4,270
80106106409,0,0,0,0,0,0,0,0,0,0,0,0,0,0,0,0,0,0,0,0
80106106410,8,0,0,4,0,0,0,0,0,27,16,24,54,37,21,23,29,16,4,218
80106106411,0,3,7,4,3,4,0,0,0,22,28,63,234,108,71,63,24,15,3,601
80106106413,0,0,0,0,6,3,0,0,0,19,49,32,15,27,66,71,51,31,20,368
80106106414,0,0,0,0,0,0,0,0,0,0,4,0,12,3,3,7,5,0,0,35
80106106415,3,3,3,5,3,0,0,0,0,25,90,44,14,57,63,38,33,17,10,365
80106106416,9,0,0,0,4,0,0,0,0,21,86,56,15,46,63,49,33,11,7,370
80106106417,0,0,0,0,0,0,0,0,0,0,0,5,26,13,9,9,4,0,0,65
80106106418,4,8,22,5,3,5,0,0,0,48,34,52,157,59,31,24,14,0,0,370
80106106419,0,0,0,0,0,4,0,0,0,7,33,46,139,59,35,19,10,0,0,341
80106106420,0,0,3,0,0,0,0,0,0,9,31,43,154,59,37,16,17,5,0,360
80106106601,0,0,0,0,0,0,0,0,0,0,0,0,0,0,0,0,0,0,0,0
80106106701,9,5,4,0,7,4,0,0,0,30,74,34,54,64,51,37,32,10,6,369
80106106702,14,6,5,5,7,3,0,4,0,37,60,36,25,49,57,39,25,17,7,308
80106106703,3,6,0,4,5,3,0,0,0,25,50,44,49,47,34,48,16,0,10,305
80106106704,3,5,0,5,0,0,4,0,0,19,54,32,60,53,41,43,41,12,4,324
80106106705,6,0,0,3,0,0,0,0,5,22,58,44,25,57,47,40,26,13,5,329
80106106706,8,5,3,8,16,4,0,0,0,44,86,42,66,80,65,45,27,4,8,420
80106106707,4,0,9,6,4,0,0,0,0,29,41,25,74,58,38,38,97,101,13,493
80106106708,4,0,0,0,5,0,3,0,0,15,103,48,36,52,78,51,36,6,11,415
80106106709,4,0,0,0,4,4,0,3,0,16,72,29,21,50,44,36,25,12,5,290
80106106710,3,9,0,6,0,3,0,0,0,17,75,50,20,59,54,41,29,11,7,339
80106106712,0,8,4,0,0,3,3,0,0,19,100,52,51,55,49,64,30,8,3,416
80106106713,3,0,0,0,0,0,0,0,0,11,61,44,30,36,42,57,41,30,9,346
80106106714,3,0,0,0,4,0,0,0,0,12,43,46,13,32,46,48,38,19,4,293
80106106715,6,4,5,9,3,9,0,0,0,33,67,39,37,52,66,65,36,8,7,375
80106106716,0,0,0,0,3,3,3,0,0,12,62,40,14,33,46,30,21,4,3,261
80106106717,5,4,12,8,5,3,5,0,0,40,61,50,90,72,49,45,27,11,3,418
80106106718,0,0,0,0,0,0,7,8,15,27,7,0,0,3,0,10,27,65,126,251
80106106719,5,3,0,3,0,0,0,0,0,19,73,63,147,79,73,42,17,14,0,509
80106106801,0,0,0,0,0,0,0,0,0,3,0,0,0,0,0,0,0,0,3,3
80106106901,5,4,0,8,3,0,5,0,0,20,50,52,19,31,49,35,28,14,8,296
80106106902,0,9,4,0,5,0,0,0,0,18,54,98,20,18,33,21,25,20,7,292
80106106903,3,0,5,0,3,0,0,0,0,16,88,52,20,44,74,68,56,13,9,420
80106106904,0,0,0,0,0,3,0,0,0,8,41,32,10,30,37,36,33,9,3,228
80106106905,6,9,0,4,7,10,8,0,0,46,130,75,50,92,96,71,49,30,28,620
80106106906,3,6,7,0,0,0,0,0,0,20,113,75,77,83,73,59,26,23,55,579
80106106907,0,0,0,0,0,0,3,0,6,14,51,49,20,23,55,51,52,20,18,330
80106106908,0,0,0,0,0,0,0,0,0,0,0,0,0,0,0,0,0,0,0,0
80106106909,11,3,0,5,6,4,4,4,0,34,59,61,18,37,58,79,40,15,8,390
80106107001,3,0,0,4,0,3,4,0,0,11,47,31,7,34,40,42,60,29,6,311
80106107002,0,9,0,0,3,5,4,7,0,34,82,37,29,67,61,63,82,46,9,485
80106107003,6,7,6,0,0,11,13,0,0,42,82,50,38,45,46,65,102,48,6,484
80106107004,0,4,0,3,0,3,8,3,3,19,34,26,11,30,37,62,62,34,11,301
80106107005,3,3,0,3,5,0,0,0,0,16,86,51,21,60,69,71,65,28,8,464
80106107006,0,0,0,0,3,0,4,0,0,8,29,30,18,32,42,41,66,33,14,296
80106107007,0,8,0,0,0,6,0,3,0,20,66,62,71,61,68,87,59,31,16,528
80106107008,9,0,0,0,6,0,4,3,0,19,52,43,12,16,52,30,32,21,6,262
80106112901,6,3,34,12,28,14,12,9,0,117,42,52,175,97,115,78,105,35,4,703
80106112902,6,5,4,8,0,4,10,0,0,30,51,37,67,44,39,50,52,15,3,360
80106112903,5,8,26,24,14,16,9,3,0,101,46,76,277,145,111,110,77,29,5,886
80106113002,0,0,0,0,0,0,0,0,0,0,0,0,0,0,0,0,0,0,0,3
80106113003,0,0,0,0,0,0,0,0,0,0,0,3,6,4,3,0,0,0,0,22
80106113004,0,0,0,0,0,0,0,0,0,0,0,0,0,0,0,0,0,0,0,3
80106113005,0,0,0,0,0,0,0,0,0,0,0,0,0,0,0,0,0,0,0,3
80106113006,0,0,0,0,0,0,0,0,0,0,0,0,0,0,0,0,0,0,0,0
80106113007,0,0,0,0,0,0,4,0,0,5,0,0,10,5,3,3,4,0,0,23
80106113101,4,3,3,0,0,6,0,0,0,17,19,24,121,61,42,59,29,12,0,360
80106113103,4,3,13,4,4,0,0,0,0,25,67,55,214,134,81,52,38,12,9,656
80106113104,0,3,0,0,0,0,0,0,0,7,18,19,54,38,12,14,14,13,0,180
80106113106,10,15,48,27,11,16,18,9,3,152,51,71,233,142,78,83,79,19,9,765
80106113107,0,4,10,0,5,3,4,0,0,28,49,37,140,79,70,66,48,36,6,530
80106113108,4,5,10,4,4,8,9,0,0,43,58,55,118,89,43,47,47,18,9,486
80106113109,0,4,7,0,0,0,5,0,0,13,43,37,163,92,37,48,27,11,7,461
80106113111,0,0,0,0,0,0,0,0,0,0,0,3,0,0,0,4,0,0,0,12
80106113112,15,12,38,21,8,5,7,0,0,102,76,51,148,99,45,27,15,6,0,480
80106113113,5,10,31,11,15,22,10,9,0,114,32,37,121,62,82,94,83,56,11,577
80106113114,0,0,4,4,3,5,0,0,0,14,26,19,95,82,51,39,17,6,0,337
80106113115,4,10,37,11,8,5,4,0,0,87,41,48,112,40,38,51,38,3,0,373
80106113116,4,6,8,16,12,8,11,5,0,57,14,23,46,44,43,35,32,11,0,240
80106113117,0,7,13,14,7,0,0,0,0,54,7,43,108,91,50,26,13,0,0,328
80106113118,0,0,3,3,0,5,0,0,0,14,40,47,178,99,38,20,12,6,0,445
80106113119,0,5,5,6,0,0,0,0,0,9,24,42,155,58,31,20,11,0,0,356
80107107101,0,0,0,0,0,0,0,0,0,0,0,0,0,0,0,0,0,0,0,0
80107107102,0,0,4,0,0,0,0,0,0,8,108,82,30,81,109,54,17,11,3,505
80107107104,3,7,0,0,0,0,0,0,0,14,55,47,33,34,49,35,18,11,0,280
80107107105,3,5,6,0,0,0,0,0,0,17,84,59,70,70,64,53,31,16,3,446
80107107106,6,3,6,8,0,0,0,0,0,27,96,45,69,79,34,28,12,9,0,375
80107107107,15,0,5,4,0,0,0,0,0,29,75,40,75,41,43,53,15,13,0,358
80107107108,3,4,5,4,3,3,0,0,0,26,114,81,93,90,81,61,37,17,3,570
80107107109,14,5,3,9,4,0,0,0,0,37,94,63,59,57,73,38,19,5,0,416
80107107110,9,6,0,5,0,0,3,0,0,32,182,83,125,123,79,63,39,21,4,717
80107107111,0,3,0,6,0,0,0,0,0,9,28,44,26,32,46,40,19,7,8,254
80107107112,4,5,0,5,0,7,0,0,0,20,122,88,59,81,107,85,22,22,3,590
80107107113,0,4,3,0,4,0,0,5,0,14,51,31,47,37,46,25,16,7,0,264
80107107114,7,0,10,3,4,6,0,0,0,24,60,37,63,47,46,50,19,0,4,319
80107107202,0,0,0,3,0,0,0,0,0,9,52,26,45,50,28,43,43,43,18,345
80107107203,3,0,0,0,0,3,0,0,0,11,77,59,35,61,59,53,25,7,0,383
80107107204,6,0,0,3,4,0,5,0,0,15,77,34,58,49,54,78,53,25,6,437
80107107205,5,6,0,0,14,5,0,0,0,34,137,97,79,98,127,66,38,4,4,644
80107107206,9,3,6,10,4,0,0,0,0,43,86,59,107,88,74,58,39,13,3,529
80107107207,13,8,3,4,0,0,0,0,0,37,87,48,57,50,47,58,39,10,4,406
80107107208,4,0,3,0,3,4,0,0,0,15,102,89,75,64,69,70,44,19,3,538
80107107209,0,0,0,0,0,0,0,0,0,0,0,0,0,0,0,0,0,0,0,0
80107107210,10,7,0,0,8,0,0,0,0,30,67,41,45,46,58,43,27,14,0,333
80107107211,0,0,3,0,0,0,0,0,0,11,39,35,21,32,33,38,21,11,0,227
80107107301,9,0,6,3,3,0,0,0,0,26,99,52,66,63,63,53,36,19,0,440
80107107302,5,0,0,3,3,6,0,0,0,26,77,47,51,65,53,78,34,20,3,426
80107107303,7,4,3,4,0,0,5,0,0,25,108,76,68,71,67,77,37,8,5,505
80107107304,8,6,0,3,0,0,0,0,0,17,62,35,65,53,27,41,27,9,0,329
80107107307,6,0,4,5,0,0,0,0,0,11,91,48,61,64,45,75,33,10,10,432
80107107308,0,5,0,0,4,6,0,0,0,19,55,40,28,27,50,55,30,4,0,289
80107107309,9,8,3,7,3,4,7,0,0,36,120,77,64,77,73,83,47,16,3,566
80107107310,5,3,0,0,8,4,5,3,0,20,55,60,42,37,52,82,54,13,3,388
80107107311,6,4,5,3,3,0,3,0,0,27,112,66,114,73,88,69,39,20,5,577
80107107312,0,3,0,0,3,0,0,0,0,16,73,56,30,32,72,61,22,8,0,362
80107107313,3,0,7,0,0,4,0,0,0,23,66,39,88,43,31,46,18,5,8,347
80107107314,7,0,6,0,0,0,0,0,0,12,54,37,35,34,37,31,30,11,0,265
80107107315,0,0,0,0,0,0,3,14,13,30,0,0,0,0,0,0,15,49,53,118
80107107316,16,3,3,5,0,0,0,0,0,35,83,28,66,54,27,30,22,8,9,316
80107107317,3,0,5,0,0,0,0,0,0,17,74,43,38,46,68,56,26,4,3,364
80107107401,7,10,3,3,0,6,0,0,0,35,91,55,43,64,50,74,64,16,4,465
80107107402,10,0,0,6,4,0,0,0,0,27,131,52,74,69,68,82,68,27,10,580
80107107403,3,0,0,0,0,0,0,0,0,5,62,32,37,35,40,68,27,5,0,300
80107107404,0,7,6,6,0,4,0,0,0,24,85,25,59,53,33,37,34,19,0,339
80107107405,8,9,0,5,4,6,0,0,0,33,97,71,72,68,54,59,30,6,3,475
80107107406,16,7,4,7,0,6,0,3,0,48,93,61,85,55,58,77,35,17,0,475
80107107407,6,3,6,9,0,0,3,0,0,28,118,53,64,101,66,55,55,13,0,526
80107107408,0,3,0,0,0,0,0,0,0,9,54,33,14,42,18,51,26,12,0,259
80107107409,0,7,9,0,8,7,4,0,0,30,95,52,83,48,56,78,40,7,0,457
80107107410,0,0,9,0,4,4,0,0,0,19,50,26,46,32,49,45,26,5,0,282
80107107411,4,3,0,0,3,0,0,0,0,19,95,54,81,53,77,77,38,14,0,489
80107107412,7,6,0,8,4,4,0,0,0,28,75,43,36,42,32,38,27,11,0,296
80107107413,3,3,0,0,3,4,0,0,0,15,56,52,36,45,38,51,23,18,0,307
80107107502,5,3,0,0,3,0,0,5,0,14,68,61,31,45,62,60,24,7,0,355
80107107503,0,10,0,0,7,0,0,0,0,10,61,78,32,33,77,59,31,18,10,388
80107107504,4,0,3,3,8,3,3,0,0,31,67,39,63,59,43,58,47,29,7,429
80107107505,3,7,0,4,8,6,0,0,0,26,93,68,66,63,82,72,28,11,0,488
80107107506,5,3,3,0,0,6,0,0,0,23,123,56,88,81,57,39,12,9,0,472
80107107507,4,0,0,0,6,3,0,0,0,24,98,43,71,56,71,48,28,8,0,412
80107107508,0,0,0,0,0,0,8,0,0,15,48,52,35,36,54,43,33,6,4,312
80107107509,0,3,0,0,0,3,0,0,0,5,41,29,22,30,24,42,19,3,3,216
80107107510,7,6,4,5,6,0,0,3,0,27,135,79,62,77,95,76,16,13,0,551
80107107512,7,8,3,7,0,0,0,0,0,23,47,46,33,35,46,50,20,9,4,287
80107107513,0,3,0,0,3,4,4,0,0,15,62,37,25,38,57,58,27,10,0,314
80107107514,0,0,0,0,0,0,0,0,0,0,0,0,0,0,0,0,0,0,0,0
80107107515,0,0,0,0,0,0,0,0,0,0,0,0,0,0,0,0,0,0,0,0
80107107516,3,0,0,3,5,6,0,0,0,21,111,83,95,78,88,67,38,20,3,582
80107107517,0,3,0,4,3,0,0,0,0,13,64,57,20,33,76,34,21,5,3,310
80107107601,0,5,0,0,0,4,4,0,0,13,53,46,34,36,41,68,51,10,3,340
80107107602,0,0,0,0,0,4,4,0,0,13,82,36,27,50,59,57,56,12,7,381
80107107603,4,0,0,0,0,0,0,4,0,16,89,38,37,58,48,47,73,29,13,413
80107107604,3,0,0,0,0,8,0,0,0,14,100,34,27,76,43,47,54,17,0,400
80107107605,0,0,0,0,0,3,0,0,0,5,70,36,31,47,54,59,50,14,0,360
80107107606,3,8,0,0,0,7,0,0,0,19,84,63,34,58,62,70,65,20,3,447
80107107607,0,0,0,0,0,0,0,0,0,0,0,0,0,0,0,0,0,0,0,0
80107107608,6,0,0,0,0,0,0,0,0,11,85,52,27,68,55,68,54,17,6,431
80107107609,0,0,3,0,0,4,0,0,0,8,25,28,14,25,39,51,29,11,3,231
80107107701,16,5,4,3,5,3,8,0,0,39,122,78,81,82,77,91,57,16,3,613
80107107702,3,0,4,4,6,0,3,0,0,25,66,42,51,53,47,49,31,11,5,346
80107107703,5,0,0,4,4,0,5,0,0,20,58,59,36,56,54,45,29,7,3,349
80107107704,3,3,8,0,0,4,0,0,0,19,57,31,60,51,27,43,23,11,4,306
80107107705,11,0,0,4,3,3,0,0,0,21,121,35,70,69,64,68,30,6,3,469
80107107706,6,0,0,0,0,0,0,0,0,16,69,17,32,50,32,43,30,11,3,287
80107107707,0,0,3,0,0,0,0,0,0,3,56,52,34,35,49,60,39,9,4,342
80107107708,0,0,0,0,0,0,0,0,0,0,0,0,0,0,0,0,0,0,0,0
80107107801,8,6,3,6,7,0,3,0,0,32,104,59,98,83,58,49,26,19,4,495
80107107802,0,0,0,0,0,3,0,0,0,10,51,22,41,36,33,34,9,11,3,240
80107107803,14,7,4,5,5,0,3,0,0,35,87,51,68,71,59,31,23,7,0,398
80107107804,3,3,0,0,0,0,0,0,0,8,69,40,59,38,45,30,14,8,0,314
80107107805,4,0,5,0,0,0,4,0,0,15,82,43,75,40,47,48,23,9,0,369
80107107806,11,3,8,3,6,0,3,0,0,29,97,40,61,61,65,50,22,4,0,394
80107107807,0,0,0,0,0,3,0,0,0,10,28,25,19,16,38,57,30,8,8,223
80107107808,0,0,4,0,0,3,3,0,0,13,71,47,73,40,57,63,30,14,0,388
80107107809,4,3,0,0,3,0,5,0,0,20,60,39,25,37,39,55,27,7,4,288
80107107810,7,3,4,5,3,0,11,20,30,83,112,52,34,78,65,60,86,117,98,700
80107107811,14,3,8,6,4,4,3,0,0,39,121,71,109,76,63,57,36,36,5,573
80107107812,0,4,3,0,0,0,0,0,0,6,66,42,38,46,51,48,28,12,0,324
80107107813,3,3,5,3,3,5,0,4,0,21,57,47,36,39,67,46,30,10,0,334
80107107814,4,0,0,0,5,4,3,0,0,26,99,74,54,60,85,91,38,11,7,522
80107107815,9,0,0,5,5,0,4,0,0,22,70,24,47,60,47,36,24,15,3,322
80107107816,0,0,0,0,0,0,0,0,0,4,52,44,41,35,45,45,14,4,0,283
80107107817,3,0,3,0,5,0,0,0,0,11,50,23,40,19,37,44,19,6,0,242
80107107818,0,4,3,0,0,3,0,0,0,10,69,66,50,42,75,71,31,13,0,421
80107107819,5,0,4,0,0,0,0,3,0,17,51,34,38,24,34,45,10,15,0,252
80107107820,0,0,0,0,0,4,0,0,0,7,72,53,48,59,51,73,35,12,3,405
80107107821,3,3,0,0,6,0,0,0,0,17,70,56,41,47,66,79,42,11,0,415
80107107901,0,0,0,5,0,0,0,0,0,9,70,24,24,51,32,32,29,15,5,283
80107107902,5,0,3,4,0,3,0,0,0,28,91,47,54,69,42,51,41,11,0,405
80107107903,5,3,18,3,4,0,0,0,0,29,106,46,71,64,58,51,64,19,0,480
80107107904,4,5,6,3,0,3,5,0,0,19,88,37,32,58,46,50,59,12,3,381
80107107905,9,3,3,5,3,0,4,0,0,18,87,31,46,54,43,31,62,42,3,403
80107107906,7,0,3,0,5,4,0,0,0,16,66,38,72,35,46,60,39,9,0,364
80107107907,3,3,0,4,0,4,0,0,0,20,47,34,49,36,34,50,23,12,4,298
80107107908,3,3,0,6,0,0,8,0,0,15,47,29,37,34,27,40,39,14,0,272
80107107909,0,0,5,0,0,0,0,0,0,6,55,32,39,47,24,19,23,10,7,257
80107108002,8,0,5,0,3,8,4,4,4,35,57,24,61,47,40,58,69,48,15,419
80107108003,6,4,6,8,3,0,0,0,0,38,114,115,136,122,106,115,124,59,17,910
80107108006,0,8,4,0,0,0,0,0,0,15,13,43,75,37,20,17,9,9,0,220
80107108007,0,0,3,0,0,5,16,28,15,70,58,41,103,58,29,36,52,94,58,530
80107108008,0,0,0,0,0,0,0,0,0,3,13,29,43,25,14,12,7,0,0,137
80107108009,0,0,0,0,0,0,0,0,0,0,0,0,0,0,0,0,0,0,0,0
80107108010,0,0,0,0,0,0,0,0,0,0,0,0,0,0,0,0,0,0,0,0
80107108011,4,3,8,4,0,4,0,0,0,25,58,51,127,93,66,58,50,28,13,547
80107108012,0,0,0,0,0,0,0,0,0,0,0,0,0,0,0,0,0,0,0,0
80107108013,3,0,12,0,0,5,0,0,0,23,60,79,215,81,40,35,23,3,0,533
80107108014,0,0,0,0,0,0,0,0,0,0,10,4,7,13,10,7,4,0,0,56
80107108015,5,5,10,6,0,0,0,0,0,19,37,39,166,66,43,38,17,6,0,409
80107108016,3,0,3,6,0,3,0,3,0,20,44,30,118,53,37,40,25,15,0,366
80107108101,4,0,4,4,4,0,0,0,0,19,92,36,77,63,41,48,23,11,3,393
80107108102,0,0,0,0,0,0,0,0,0,5,61,38,63,49,36,36,30,14,3,322
80107108103,0,11,5,3,9,5,8,0,0,29,98,56,50,60,70,81,40,7,8,469
80107108104,3,0,3,0,6,0,0,0,0,15,75,39,48,51,37,41,24,0,0,322
80107108105,5,8,0,8,3,0,0,0,0,24,90,46,57,52,40,48,31,4,0,375
80107108106,4,3,7,4,3,5,0,0,0,27,66,38,72,42,40,73,19,8,3,358
80107108107,6,0,0,0,3,0,0,0,0,15,90,23,48,58,43,37,14,6,0,323
80107108108,3,0,0,4,0,0,0,0,0,21,94,50,86,59,60,56,15,18,4,433
80107108109,5,5,0,4,0,4,0,0,0,17,78,51,50,42,54,54,13,5,4,348
80107108111,0,0,0,0,6,6,0,0,0,17,56,37,42,35,44,50,20,8,0,296
80107108112,3,0,0,0,0,0,0,5,0,15,58,29,49,44,26,22,37,21,3,290
80107108113,0,0,0,0,0,0,0,3,0,5,0,0,0,0,0,3,38,76,37,155
80107108114,0,0,0,0,0,0,0,0,0,5,47,29,46,41,19,14,17,12,4,234
80107108201,0,0,5,0,3,0,0,0,0,21,57,28,48,30,43,37,35,10,3,283
80107108202,5,0,8,0,0,4,0,0,0,9,59,23,35,31,27,26,26,12,5,249
80107108203,13,0,0,8,12,3,4,0,0,45,86,41,58,55,55,45,71,45,7,471
80107108204,6,6,0,4,0,4,4,0,0,24,52,51,31,47,58,41,40,31,3,353
80107108205,7,3,3,0,4,0,3,0,0,29,64,33,42,52,46,45,39,13,0,327
80107108206,3,4,0,0,0,0,0,0,0,13,56,55,38,32,47,20,33,13,3,301
80107108207,9,5,5,3,3,6,8,6,0,45,108,67,91,81,66,61,88,75,22,661
80107108208,5,4,0,3,0,0,3,0,0,15,40,26,8,38,27,24,21,21,0,214
80107108209,0,4,0,0,0,0,0,0,0,12,43,39,20,37,31,27,32,24,0,259
80107108210,0,0,0,0,11,0,0,0,0,16,82,58,42,63,90,53,62,25,10,486
80107108211,8,0,4,5,3,0,6,0,0,26,70,40,32,58,41,32,54,20,0,359
80107108212,9,0,0,0,3,0,5,0,0,18,58,54,39,52,50,48,67,20,3,401
80107108213,3,3,0,4,0,0,5,0,0,22,126,62,78,103,73,39,76,11,5,576
80107108214,4,0,0,0,0,0,0,0,0,14,43,27,24,34,35,33,32,8,6,247
80107108215,5,6,14,4,5,0,4,3,0,37,76,45,102,73,102,65,37,22,3,535
80107108216,4,3,4,4,4,0,0,0,0,23,75,41,73,68,37,37,38,20,3,388
80107108217,3,0,3,0,0,0,0,0,0,19,77,33,35,55,63,50,54,33,7,399
80107108218,4,0,7,0,3,0,4,3,0,27,71,31,39,64,41,43,57,34,5,374
80107108219,8,0,3,10,4,5,13,0,0,40,84,61,66,70,78,62,74,24,5,515
80107108220,0,0,0,0,4,7,0,3,0,21,67,37,39,45,52,62,62,30,4,399
80107108221,5,5,6,0,0,8,0,0,0,30,85,45,38,60,36,38,34,10,7,354
80107108222,10,8,0,9,4,0,0,0,0,31,57,57,43,40,65,47,53,8,0,381
80107108223,8,6,0,0,0,0,0,0,0,21,59,33,33,29,47,21,32,14,0,268
80107108224,4,0,0,7,0,3,4,0,0,20,88,41,62,57,48,65,47,23,8,426
80107108225,0,5,0,4,0,0,0,3,0,12,60,26,42,42,31,22,26,20,3,275
80107108226,3,0,0,4,3,3,0,4,0,29,114,30,69,85,45,44,57,31,7,497
80107108227,4,6,7,6,3,0,0,0,0,28,103,39,70,68,52,34,61,21,5,445
80107108228,0,3,3,4,0,0,0,0,0,13,38,23,28,35,22,20,34,13,0,211
80107108229,9,9,4,9,4,3,5,3,0,42,102,61,44,70,72,56,75,29,4,518
80107108230,3,0,0,0,4,0,4,4,0,14,64,26,28,42,37,43,50,20,0,311
80107108231,9,5,8,12,0,3,5,0,0,43,59,48,47,39,51,39,46,18,5,346
80107108232,0,0,0,0,0,0,0,0,0,4,52,39,15,24,54,73,42,9,4,317
80107108233,0,3,0,4,0,0,0,0,0,9,52,33,40,46,37,34,22,8,0,283
80107108234,9,0,0,4,0,0,0,0,0,16,75,28,37,45,47,33,41,10,3,323
80107108235,9,5,4,11,0,0,5,0,0,39,123,89,85,70,81,52,64,27,4,604
80107108236,6,5,8,0,0,5,3,0,0,27,133,60,53,86,67,56,82,31,13,579
80107108237,0,0,0,0,5,0,6,0,0,12,51,56,21,28,60,79,66,24,3,394
80107108238,6,3,0,0,0,6,0,0,0,14,53,42,23,31,55,73,55,31,8,367
80107108239,3,6,0,0,4,5,0,0,0,15,67,35,41,52,47,25,25,13,3,305
80107108240,4,4,0,0,3,0,0,0,0,17,43,26,19,24,34,33,32,15,3,238
80107108241,4,6,0,0,3,5,0,4,0,25,75,54,63,46,59,60,55,16,3,440
80107108301,8,3,4,4,0,3,4,0,0,24,136,48,46,91,65,71,61,12,0,535
80107108302,0,0,3,0,0,0,6,0,0,8,83,52,54,59,55,59,48,13,3,421
80107108303,0,0,0,0,3,3,0,0,0,9,80,42,58,53,64,71,60,6,5,444
80107108401,0,0,0,0,0,0,0,0,0,0,22,28,27,23,36,34,26,9,3,192
80107108402,10,0,4,4,0,0,0,0,0,20,69,22,15,49,39,24,28,11,0,266
80107108403,5,0,5,0,4,4,0,0,0,14,74,24,59,42,34,45,42,13,0,325
80107108404,3,0,7,3,5,0,0,3,0,25,89,41,53,60,50,40,39,24,4,403
80107108405,4,0,0,6,0,0,0,0,0,11,42,37,48,40,31,67,59,25,9,342
80107108406,0,0,0,0,0,4,0,0,0,8,58,25,34,42,20,35,48,3,3,272
80107108407,0,0,3,0,5,0,0,0,0,11,57,38,31,35,43,48,38,12,3,304
80107108408,5,3,3,3,0,5,0,0,0,19,83,50,56,58,39,51,61,11,3,412
80107108409,0,5,0,0,3,6,8,0,0,13,37,36,15,36,39,54,31,16,0,259
80107108410,0,3,0,0,0,3,0,0,0,6,42,27,25,33,33,50,11,10,5,237
80107108411,0,0,0,0,3,0,4,0,0,17,72,42,52,49,48,62,52,9,0,388
80107108412,4,3,0,0,7,7,6,4,0,26,63,37,54,44,51,54,37,38,9,387
80107108413,0,0,0,0,0,4,0,0,0,8,37,19,27,29,30,32,34,8,0,213
80107108414,0,0,0,4,0,3,0,0,0,11,54,27,50,43,31,34,20,12,7,278
80107108415,9,0,0,0,0,0,0,4,0,15,89,40,46,57,51,36,33,17,0,371
80107108417,0,4,0,0,0,3,3,4,12,26,42,36,29,27,33,52,40,105,110,475
80107108418,0,0,0,4,0,0,0,0,5,12,52,19,33,37,30,39,24,6,3,234
80107108419,0,0,0,0,0,0,0,4,10,17,0,0,0,0,0,0,10,71,122,200
80107108420,0,0,0,0,4,6,0,0,0,11,10,6,3,12,16,21,19,3,0,76
80107108501,0,0,0,0,0,0,0,0,0,0,0,0,0,0,0,0,0,0,0,0
80107108601,5,0,0,4,4,5,0,0,0,19,76,32,50,27,48,44,33,4,6,318
80107108602,3,3,5,0,0,6,0,0,0,17,46,32,16,34,31,43,30,12,0,244
80107108603,12,3,9,0,5,0,0,0,0,32,101,59,53,53,59,63,50,6,4,446
80107108604,0,4,6,0,5,0,0,0,0,11,53,40,31,28,27,38,31,9,3,259
80107108605,5,0,0,6,4,0,3,3,0,27,67,53,62,52,49,73,69,13,7,442
80107108701,9,0,4,0,5,3,0,4,0,25,100,60,68,73,60,58,31,12,5,469
80107108702,6,0,0,0,0,5,3,0,0,24,89,54,58,64,48,57,22,3,4,399
80107108703,9,8,0,8,10,4,0,0,0,36,111,69,87,80,81,74,54,10,4,578
80107108704,0,8,5,5,0,0,0,0,0,15,35,33,60,34,25,29,20,8,0,248
80107108705,4,8,9,0,0,0,3,0,0,28,92,63,69,56,77,53,34,12,5,472
80107108706,14,5,8,7,3,4,8,0,0,44,124,78,89,84,81,67,69,16,4,612
80107108707,5,0,3,9,0,0,5,0,0,18,55,23,43,40,25,44,33,14,5,280
80107108801,3,4,0,3,3,0,0,0,0,23,95,86,67,63,64,76,33,10,3,497
80107108802,0,4,0,3,0,0,0,0,0,10,51,40,43,29,38,59,16,9,5,290
80107108803,0,0,0,3,0,0,3,0,0,5,61,43,52,42,43,66,42,0,4,348
80107108804,0,0,0,3,0,0,0,0,0,6,72,51,70,52,62,58,33,14,0,411
80107108805,14,0,7,0,0,0,0,0,0,26,86,38,73,50,32,46,16,8,7,361
80107108806,0,3,7,5,3,0,4,0,0,22,50,56,49,31,47,42,23,6,0,303
80107108807,5,0,4,5,3,0,0,0,0,21,100,50,55,72,79,55,26,5,5,444
80107108808,4,6,5,0,0,4,0,0,0,23,67,41,43,53,34,43,21,8,0,314
80107108809,5,9,6,6,9,4,0,0,0,39,95,91,74,72,98,94,42,5,0,568
80107108810,0,3,0,0,9,0,0,0,0,12,48,31,43,33,42,25,16,6,6,255
80107108901,0,0,0,0,3,0,3,0,0,5,0,6,0,5,7,9,14,0,0,43
80107109001,11,0,0,3,0,0,5,0,0,15,75,20,27,42,21,18,27,5,0,230
80107109002,3,8,0,0,5,4,10,0,0,21,42,20,20,33,30,21,26,9,0,209
80107109003,0,5,0,3,0,0,0,10,0,15,85,55,37,67,69,62,92,31,7,502
80107109004,11,4,4,3,4,7,0,0,0,29,89,58,84,73,70,78,69,30,14,565
80107109005,0,8,0,6,3,0,0,0,0,22,93,40,64,71,34,44,49,18,4,404
80107109006,0,3,5,0,3,0,0,0,0,18,65,42,65,42,46,36,33,14,8,355
80107109007,11,5,0,9,10,9,0,3,0,44,84,45,70,66,59,68,43,25,6,462
80107109008,5,3,12,3,7,0,0,3,0,35,93,69,72,74,67,60,58,23,4,518
80107109009,6,0,4,0,0,0,4,3,0,17,61,27,50,47,39,34,43,13,0,326
80107109010,4,0,0,0,4,4,8,0,0,27,93,68,25,69,71,86,74,33,6,524
80107109011,0,0,0,0,0,0,8,0,0,21,106,50,48,73,74,60,84,26,5,531
80107109012,4,0,0,0,0,0,0,0,0,10,38,35,31,36,35,34,40,14,3,260
80107109013,0,4,0,3,0,0,5,0,0,19,46,37,41,36,47,37,55,16,3,314
80107109014,0,0,7,4,5,8,8,0,0,19,96,40,59,64,64,52,63,32,4,472
80107109015,4,3,0,3,0,5,3,0,0,17,83,42,45,64,38,32,26,13,7,347
80107109016,3,5,3,3,0,6,0,0,0,21,108,43,70,83,65,61,54,16,0,498
80107109017,8,0,7,0,4,3,0,0,0,24,35,19,31,28,21,28,11,0,0,187
80107109018,4,0,9,3,0,3,0,0,0,23,84,30,40,54,33,46,49,20,9,362
80107109019,4,6,3,0,5,4,0,0,0,19,125,48,75,78,51,53,51,20,7,501
80107109020,3,5,4,0,0,3,0,0,0,27,67,33,61,48,36,45,25,7,3,314
80107113201,0,0,0,0,0,0,0,0,0,0,0,0,3,0,0,0,4,0,0,7
80107113202,0,0,0,0,0,0,0,0,0,0,0,0,0,0,3,0,0,0,0,5
80108109101,3,0,0,0,0,0,0,0,0,10,53,21,9,39,36,49,41,26,9,273
80108109102,4,0,3,0,4,0,0,5,0,14,69,45,19,51,48,40,42,19,6,344
80108109103,5,8,0,3,0,3,4,0,0,28,53,39,22,43,61,39,53,59,17,383
80108109104,3,0,0,3,0,0,3,0,0,10,44,23,20,28,29,33,37,28,3,247
80108109105,0,0,4,0,0,0,0,4,0,15,74,49,14,47,51,55,44,21,5,360
80108109106,0,5,0,3,0,6,0,4,0,19,74,42,29,50,75,61,65,39,8,442
80108109107,5,5,0,3,0,6,0,0,0,19,61,42,14,30,53,51,40,49,7,350
80108109108,0,4,0,0,0,0,3,3,0,13,95,55,27,60,74,62,60,33,5,460
80108109201,4,0,4,6,3,11,6,0,0,35,82,75,96,70,69,63,47,25,14,542
80108109202,6,3,0,6,3,3,0,0,0,26,84,51,42,61,62,46,49,16,9,427
80108109203,0,3,0,0,3,5,0,0,0,21,91,52,52,68,49,53,42,21,5,434
80108109204,0,0,3,5,0,5,0,3,0,21,70,37,33,47,48,33,30,24,5,327
80108109205,3,0,0,5,4,0,0,0,0,16,67,35,46,51,47,34,25,30,6,336
80108109206,0,0,0,0,0,0,0,0,0,3,61,42,33,47,54,33,30,25,6,335
80108109207,6,0,0,0,4,3,5,9,0,30,65,34,27,42,64,47,32,30,10,351
80108109208,3,5,4,5,5,4,0,0,0,27,126,56,30,71,92,55,41,39,6,513
80108109209,0,0,0,0,4,0,0,0,0,7,14,35,13,3,31,13,6,4,0,118
80108109210,0,0,0,0,0,0,0,0,0,0,0,0,0,0,0,0,0,0,0,0
80108109301,3,3,4,0,7,0,0,7,4,26,74,36,58,52,59,22,77,80,34,492
80108109302,3,0,0,4,4,4,0,0,0,20,58,28,29,32,48,17,23,16,10,266
80108109303,9,0,10,7,0,6,4,0,0,37,96,52,57,75,68,50,34,33,9,474
80108109304,18,7,4,5,8,9,4,5,0,50,168,75,87,122,124,75,48,49,11,754
80108109305,11,10,6,5,7,4,8,0,0,45,158,62,59,104,87,59,50,32,8,619
80108109306,9,0,5,6,8,3,0,0,0,22,144,49,90,96,75,64,54,34,7,616
80108109401,8,0,7,3,4,3,3,0,0,30,94,51,43,63,78,39,55,30,10,450
80108109402,0,0,0,0,0,0,0,0,0,0,0,0,0,0,0,0,0,0,0,0
80108109403,0,0,4,0,0,0,4,0,0,14,31,40,24,28,38,30,29,14,0,239
80108109404,7,5,3,6,5,7,0,4,0,37,107,49,94,107,84,83,68,61,25,673
80108109405,16,0,5,0,3,0,0,0,0,28,143,58,55,76,93,55,76,38,13,590
80108109406,8,8,0,0,11,4,0,0,0,34,95,62,75,91,72,40,24,23,6,492
80108109407,8,0,7,0,0,4,6,0,0,29,68,32,46,53,46,60,33,34,10,372
80108109501,9,5,0,4,4,0,5,0,0,31,73,22,44,54,38,25,29,14,4,303
80108109502,4,3,3,8,0,0,0,0,0,21,83,31,43,69,36,38,36,19,4,355
80108109503,0,4,0,4,0,0,0,0,0,11,59,31,39,46,34,21,23,16,3,263
80108109504,4,6,3,3,0,0,3,0,0,14,54,37,30,36,53,46,71,44,17,389
80108109505,8,12,12,7,11,0,3,3,0,54,111,46,70,80,64,39,50,30,5,492
80108109506,4,9,0,3,3,0,3,0,0,16,72,30,37,39,56,34,16,10,3,301
80108109507,9,0,0,6,0,3,0,6,0,26,70,33,55,53,46,49,37,30,9,384
80108109508,7,6,0,4,4,0,6,0,0,24,109,49,48,74,68,48,62,24,14,498
80108109509,3,3,0,0,0,0,0,0,0,13,60,52,47,46,49,38,30,29,6,363
80108109601,3,0,4,5,0,5,0,0,0,16,49,29,46,39,53,57,62,35,14,386
80108109602,6,0,4,0,5,0,0,0,0,15,47,39,33,41,52,53,42,31,8,344
80108109603,12,3,3,3,9,3,3,0,0,38,120,68,66,68,90,65,80,32,12,608
80108109604,5,0,3,7,3,0,0,3,8,32,74,26,39,51,42,31,68,81,97,506
80108109605,6,0,0,0,0,0,0,0,0,15,89,40,31,50,50,32,42,14,0,354
80108109701,0,0,0,0,7,3,14,4,6,30,104,42,56,63,58,54,68,57,12,506
80108109702,0,0,0,6,0,0,0,0,0,9,90,53,47,65,62,41,24,31,7,434
80108109703,7,0,7,10,4,3,3,0,0,42,100,42,53,71,68,50,43,22,13,467
80108109705,0,10,6,0,4,0,0,3,0,20,37,25,39,38,26,17,18,9,5,204
80108109706,6,3,9,0,5,3,0,4,0,23,62,35,36,46,48,33,39,25,3,333
80108109707,7,3,5,7,3,3,0,0,0,32,109,55,64,78,63,39,33,21,5,464
80108109708,3,0,9,5,4,0,3,0,0,23,75,37,61,60,39,23,32,32,6,378
80108109801,0,0,3,0,3,8,3,13,18,53,64,31,35,40,44,31,50,66,51,411
80108109802,0,0,4,0,0,0,0,0,0,14,81,28,52,59,48,34,40,24,4,372
80108109804,0,0,0,0,4,5,0,0,0,12,47,24,9,24,38,27,38,36,14,253
80108109806,6,0,0,0,0,0,8,3,10,28,48,25,50,50,35,27,51,36,18,339
80108109807,0,0,0,3,0,4,3,5,6,18,40,27,32,36,36,36,48,64,60,386
80108109808,0,0,0,0,11,4,7,4,0,21,83,59,39,53,80,46,56,36,9,449
80108109809,0,0,0,0,5,0,0,0,0,9,120,61,65,69,90,58,43,44,5,551
80108109810,9,0,0,7,3,0,0,0,0,19,38,15,12,34,23,18,12,17,0,184
80108109811,0,0,0,0,0,0,0,0,0,0,0,0,0,0,0,0,0,0,0,0
80108109812,3,0,3,0,0,0,6,0,0,7,70,44,65,62,32,17,18,3,0,316
80108109813,5,0,4,0,0,6,0,0,0,11,87,35,17,68,50,34,9,7,5,325
80108109814,8,6,0,9,0,0,0,0,0,19,87,39,48,65,57,47,43,30,8,420
80108113301,0,0,0,0,0,0,0,0,0,0,0,0,0,0,0,0,0,0,0,0
80109109901,9,9,11,5,3,4,0,0,0,45,126,85,177,141,83,81,64,50,16,817
80109109902,3,0,3,5,0,8,0,0,0,24,79,70,177,102,76,53,31,36,13,642
80109109903,5,3,0,0,4,3,0,0,0,12,81,52,27,58,56,40,24,19,6,363
80109109904,0,0,4,5,3,0,3,0,0,23,55,45,43,45,48,48,51,31,10,374
80109109905,5,6,3,4,6,0,3,0,0,34,91,52,75,63,63,55,30,44,17,481
80109110001,5,3,0,6,3,3,0,3,0,26,98,44,34,62,77,69,43,50,13,487
80109110002,9,3,3,4,4,3,0,0,0,23,98,50,24,55,57,49,45,21,14,414
80109110003,9,3,0,5,0,4,0,0,0,13,56,35,16,33,33,41,30,39,75,360
80109110004,3,4,0,4,0,5,0,3,0,19,141,69,71,126,89,68,53,41,18,667
80109110005,3,0,0,0,4,0,3,0,0,15,96,67,36,56,92,78,53,39,20,542
80109110006,10,8,0,0,8,0,0,0,0,28,102,51,24,70,62,72,35,23,7,449
80109110007,0,5,0,0,4,5,0,0,0,17,56,22,19,41,26,45,30,11,6,254
80109110008,0,0,0,8,7,3,0,4,0,30,111,64,123,87,93,73,48,39,3,655
80109110010,4,0,4,3,8,4,3,0,0,28,112,56,52,78,93,60,37,30,13,530
80109110011,0,0,0,0,0,0,0,0,0,8,52,25,42,40,30,26,22,14,4,255
80109110012,0,0,0,4,4,0,0,0,0,17,78,52,39,53,77,63,48,31,14,472
80109110013,0,0,4,0,0,0,0,0,0,11,35,35,90,51,23,15,6,5,0,249
80109110014,5,4,0,6,0,0,0,0,0,14,40,28,24,42,27,27,22,16,15,239
80109110101,0,6,6,4,3,0,0,0,0,20,54,30,56,45,45,29,17,12,8,289
80109110102,0,0,7,0,3,0,0,0,0,11,90,47,42,59,59,55,29,25,12,418
80109110104,7,4,0,0,8,0,0,0,0,32,89,66,58,53,56,51,18,19,4,411
80109110105,0,0,0,4,3,3,7,7,30,62,77,44,36,62,53,57,55,56,81,510
80109110106,9,5,0,4,0,0,13,8,4,44,50,34,27,43,32,29,69,134,62,474
80109110107,0,0,10,0,10,4,7,5,0,25,110,68,65,67,86,75,44,31,11,545
80109110108,4,4,0,0,3,5,0,4,0,22,101,50,29,66,75,56,58,53,10,495
80109110109,0,0,0,0,9,4,4,0,0,21,74,51,17,35,61,48,27,21,13,351
80109110110,0,3,0,0,0,0,0,0,0,6,53,48,36,26,44,41,21,19,8,289
80109110201,0,0,0,0,0,0,0,0,0,0,0,0,0,0,0,0,0,0,0,0
80109110202,4,3,0,0,8,7,0,5,0,26,142,55,55,100,55,56,50,70,64,657
80109110203,4,0,0,0,0,6,0,0,0,16,110,62,33,66,74,56,31,42,15,490
80109110204,0,0,0,0,3,0,0,0,0,11,42,61,24,13,60,53,42,32,18,336
80109110205,0,0,0,0,0,0,0,0,0,3,66,20,31,39,35,34,32,24,5,280
80109110206,0,4,0,0,0,0,0,0,0,3,50,33,21,52,43,30,31,28,3,290
80109110207,3,0,8,9,7,3,0,0,0,27,184,48,115,192,82,62,66,26,6,793
80109110209,3,4,0,0,6,4,0,8,0,17,84,38,12,40,53,34,23,31,8,319
80109110210,0,6,14,10,9,14,19,13,0,89,0,8,24,23,19,25,38,24,8,166
80109110211,0,0,5,0,0,0,0,0,0,12,94,26,38,65,57,40,30,25,11,380
80109110301,0,0,0,5,4,4,0,0,0,21,68,45,109,75,50,37,37,17,0,441
80109110302,6,3,0,4,0,3,4,0,0,25,79,49,17,44,50,72,46,14,11,385
80109110303,0,0,0,0,0,0,0,0,0,9,86,32,41,55,53,49,39,25,5,381
80109110304,7,0,0,0,6,0,0,0,0,22,89,75,20,47,78,74,33,31,16,464
80109110305,4,0,0,0,4,0,0,0,0,14,57,24,26,22,56,35,28,26,6,290
80109110306,6,0,4,5,5,0,9,9,38,57,73,45,32,46,51,47,53,74,140,569
80109110307,6,3,3,5,4,7,0,0,0,24,86,61,60,75,58,57,35,23,24,474
80109110308,0,0,3,0,0,0,0,0,0,11,51,17,25,37,32,22,18,14,4,215
80109110401,11,0,9,8,0,8,0,0,0,36,92,69,62,79,89,124,95,53,18,676
80109110402,0,0,0,0,11,0,5,3,0,18,52,27,43,49,45,39,26,24,3,311
80109110403,0,0,0,0,5,4,3,3,0,23,82,42,34,52,55,63,79,40,17,462
80109110404,0,0,3,0,0,5,0,3,0,14,53,38,32,36,50,83,67,47,6,414
80109110405,3,3,5,4,0,4,3,5,0,26,64,49,34,47,57,77,77,75,29,522
80109110406,0,0,0,0,0,0,0,0,0,0,0,0,0,0,0,0,0,0,0,0
80109110501,0,0,0,0,0,0,0,0,0,0,0,0,0,0,0,0,0,0,0,0
80109110502,6,6,7,3,7,0,0,0,5,30,114,82,94,93,84,69,33,34,8,618
80109110503,0,0,3,4,0,0,0,4,0,18,62,47,78,71,46,30,23,24,10,382
80109110504,6,5,6,5,3,6,6,11,5,46,57,33,121,68,46,50,67,113,61,606
80109110505,8,0,0,0,5,0,6,0,0,13,88,44,31,73,73,32,19,18,15,391
80109110506,12,9,0,7,0,4,5,0,0,34,112,77,92,74,76,74,31,30,9,574
80109110507,14,8,7,0,6,4,0,4,0,42,121,82,210,99,82,34,32,18,6,693
80109110601,0,3,6,5,3,4,0,0,0,24,128,67,79,106,52,66,41,22,10,570
80109110602,14,3,4,9,0,10,0,0,0,36,113,55,90,86,78,74,41,45,3,594
80109110603,9,4,4,6,3,5,3,0,0,35,83,59,77,72,59,52,37,19,5,475
80109110604,0,0,0,0,0,0,0,0,0,11,42,31,35,31,34,34,30,31,14,282
80109110605,12,0,17,15,0,5,0,0,0,47,79,42,225,112,34,39,17,12,0,554
80109110606,10,0,8,4,0,3,5,3,0,29,65,51,24,34,50,66,86,77,20,474
80109110607,4,0,0,5,4,4,0,0,0,18,105,43,38,76,78,59,45,39,23,486
80109110701,0,0,4,0,0,4,5,0,3,19,37,28,21,22,30,46,60,43,14,304
80109110702,0,6,0,4,7,6,0,0,0,28,91,90,42,46,116,97,92,48,7,625
80109110801,0,0,0,0,0,0,0,0,0,0,0,0,0,0,0,0,0,0,0,0
80109110802,6,5,0,0,0,4,6,0,0,13,40,39,17,35,34,32,36,22,4,253
80109110803,3,0,5,3,0,7,0,4,0,26,101,75,79,74,74,76,47,51,12,592
80109110804,5,6,6,4,5,3,0,0,0,27,76,55,57,59,69,53,46,43,17,467
80109110805,0,4,5,0,0,0,0,0,0,13,78,56,41,43,77,53,39,38,4,442
80109110806,8,0,0,0,4,6,7,6,0,21,64,55,17,38,57,61,44,30,8,364
80109110807,8,8,0,0,3,8,0,0,4,28,97,53,59,78,83,77,56,39,24,567
80109110901,0,0,0,0,0,0,0,0,0,3,23,15,61,41,22,22,18,15,16,225
80109110904,0,0,0,0,0,0,0,0,0,0,0,0,0,0,0,0,0,0,0,0
80109110905,0,0,0,0,3,0,3,0,0,20,23,18,59,28,37,28,22,13,5,230
80109110907,0,0,7,0,0,5,0,0,0,10,45,22,120,61,38,23,17,7,0,343
80109110908,0,0,7,5,3,0,0,0,0,20,51,30,125,82,27,33,12,4,0,361
80109110910,3,0,3,0,0,0,3,0,0,19,57,33,79,85,51,38,35,22,3,398
80109110913,0,0,3,0,0,5,5,0,0,13,33,21,46,42,38,36,22,10,5,256
80109110915,5,5,9,3,11,0,0,0,0,30,105,56,214,122,62,27,14,11,0,610
80109110916,0,3,6,4,0,4,0,0,0,14,35,68,221,78,37,35,16,3,0,493
80109110917,0,5,14,13,0,0,0,0,0,46,91,103,369,177,59,51,23,8,7,891
80109110918,0,4,9,0,3,0,0,3,0,23,52,38,162,76,48,45,26,21,3,468
80109110919,0,0,0,0,0,0,0,0,0,0,0,0,0,0,0,0,0,0,0,0
80109110920,0,0,0,0,0,0,0,0,0,0,0,0,0,0,0,0,0,0,0,0
80109110921,0,12,36,4,7,7,8,0,0,84,64,167,423,109,82,43,25,4,0,917
80109111001,11,11,7,7,5,0,0,0,0,42,117,73,61,76,93,49,34,34,13,551
80109111002,13,4,9,3,5,4,6,0,0,46,105,50,66,72,70,53,45,35,5,496
80109111003,0,0,0,4,0,3,4,0,0,16,53,24,23,39,37,41,19,15,8,263
80109111004,5,0,0,0,3,3,0,0,0,18,120,57,57,85,61,34,27,25,3,469
80109111005,4,4,6,4,0,0,0,0,0,24,62,44,29,42,48,48,33,20,3,327
80109111006,8,4,0,0,4,6,0,0,0,23,62,44,15,26,61,48,29,24,9,319
80110113401,0,0,0,0,0,0,5,0,0,5,0,0,0,5,0,0,5,0,0,13
80110113505,6,4,7,0,0,0,0,0,0,16,80,50,90,66,26,11,8,0,0,339
80110113506,4,0,0,0,0,0,0,0,0,17,136,37,44,105,63,24,23,7,0,449
80110113507,6,0,3,0,3,0,0,0,0,15,34,26,77,35,20,7,3,0,0,208
80110113508,3,7,14,0,3,0,0,4,0,39,106,64,118,103,70,34,13,4,10,526
80110113509,0,0,5,5,0,0,0,0,0,18,109,59,172,120,38,29,18,7,0,549
80110113510,0,0,0,0,0,0,0,0,0,0,105,24,87,88,32,20,8,0,0,362
80110113511,0,5,3,0,4,0,0,0,0,19,93,59,191,102,41,22,4,0,0,501
80110113512,11,0,3,3,0,3,0,0,0,24,96,41,126,73,32,12,6,0,0,381
80110113513,0,0,7,7,0,0,0,0,0,18,142,61,149,137,41,29,11,8,0,576
80110113514,12,13,12,9,4,0,0,0,0,46,142,81,166,100,45,8,6,3,0,567
80110113515,7,3,0,5,0,0,0,0,0,10,125,36,28,98,61,24,13,5,0,397
80110113602,0,0,0,0,6,0,0,0,0,10,76,18,43,61,25,11,10,0,0,245
80110113603,8,0,0,3,6,0,0,0,0,13,176,56,62,156,78,32,11,0,0,562
80110113604,4,0,12,4,3,3,0,0,0,28,81,69,248,91,33,29,14,0,0,563
80110113605,0,5,4,0,0,0,0,0,0,20,163,35,60,147,43,37,12,6,0,504
80110113606,8,10,9,16,4,3,0,0,0,45,228,80,248,211,67,24,18,3,0,882
80110113701,0,0,0,0,0,0,0,0,0,0,0,0,0,0,0,0,0,0,0,0
80110113901,4,0,6,6,0,0,0,0,0,22,123,31,110,119,31,22,9,3,0,443
80110113902,4,3,3,0,0,0,0,0,0,12,107,26,36,96,59,37,21,3,0,392
80110113903,5,0,16,0,0,0,0,0,0,20,39,43,175,67,26,27,16,9,3,401
80110113904,0,0,0,0,0,0,0,0,0,0,0,0,0,0,0,0,0,0,0,0
80110113905,13,9,24,3,6,0,3,0,0,53,93,70,171,98,40,31,11,4,0,520
80110113906,5,5,0,4,6,0,3,0,0,25,144,66,50,122,81,30,25,9,0,532
80110113907,5,3,5,3,3,3,0,0,0,22,81,30,103,58,41,19,6,0,0,334
80110113908,3,0,4,3,0,0,3,0,0,20,100,39,46,99,46,35,17,7,0,401
80110113909,0,0,5,4,0,0,0,0,0,15,39,54,135,64,24,13,12,0,0,329
80110113910,0,0,14,0,0,0,8,0,0,13,40,67,182,77,39,19,18,0,4,454
80110114501,0,0,0,0,0,4,0,0,0,4,0,0,0,0,0,4,0,0,0,4
80110114601,0,0,0,0,0,0,0,0,0,0,4,0,0,6,0,0,0,0,0,7
80111114001,0,0,0,0,4,0,0,0,0,5,23,9,7,18,6,8,3,0,3,75
80111114002,0,0,0,0,0,0,5,0,0,8,9,9,20,5,10,16,12,0,0,76
80111114004,0,0,0,0,0,5,0,0,0,3,21,3,18,6,9,14,8,0,0,82
80111114005,0,0,0,0,0,0,0,3,0,3,5,0,0,0,6,4,0,3,0,15
80111114006,3,4,3,4,0,4,7,0,0,21,80,40,38,66,45,29,6,3,0,309
80111114101,0,4,0,0,7,3,0,0,0,16,23,7,11,0,13,13,4,0,0,63
89797979991,0,0,0,0,0,0,0,0,0,0,0,0,0,0,0,0,0,0,0,0
89999949999,7,21,17,35,22,22,11,0,0,138,50,148,108,104,77,78,34,10,4,605
