SA1_CODE_2021,Tot_OcMngr,Tot_OcProf,Tot_OcTechTrdW,Tot_OcComPerS,Tot_OcClericAdm,Tot_OcSalesWk,Tot_OcMacOp_Driv,Tot_OcLab,Tot_OcID_NS,Tot_Tot
80101100101,32,50,10,7,14,11,0,5,0,119
80101100102,39,87,10,17,23,7,3,8,0,202
80101100103,35,78,20,21,22,12,6,22,6,222
80101100104,59,106,18,20,19,21,0,6,0,253
80101100105,62,116,14,24,27,6,0,15,10,269
80101100106,70,87,16,9,14,12,0,21,12,237
80101100201,27,69,26,42,22,20,9,13,0,231
80101100202,25,50,22,32,25,19,5,23,4,194
80101100203,75,181,33,76,73,43,17,30,5,540
80101100205,0,0,0,0,0,0,0,0,0,0
80101100208,36,82,25,42,28,10,4,9,4,245
80101100209,9,28,16,25,8,14,9,27,3,141
80101100210,25,62,19,23,30,12,0,9,4,195
80101100211,33,95,39,49,47,32,16,24,6,346
80101100212,18,54,5,11,18,9,6,3,6,135
80101100213,0,6,0,4,0,0,0,0,0,14
80101100215,47,152,48,46,62,29,7,15,9,398
80101100216,96,270,92,143,111,130,40,62,23,964
80101100217,24,86,22,51,32,24,8,17,10,269
80101100218,48,141,36,47,66,38,10,17,3,399
80101100219,29,122,28,42,38,20,3,11,8,306
80101100220,29,57,18,26,22,6,0,10,0,170
80101100221,0,0,0,0,0,0,0,0,0,0
80101100222,62,139,28,53,57,27,4,11,7,387
80101100223,0,0,5,0,0,0,0,0,0,5
80101100224,7,20,7,40,11,39,3,12,0,137
80101100225,39,98,20,35,40,14,3,12,10,272
80101100301,29,119,19,32,39,16,4,16,3,283
80101100304,101,220,31,78,76,46,9,27,18,595
80101100306,41,89,12,32,36,17,6,7,5,246
80101100307,16,52,17,9,20,13,3,12,4,155
80101100308,25,54,20,224,61,153,15,59,8,621
80101100309,25,81,22,29,23,15,5,5,0,220
80101100310,23,52,15,20,15,9,0,19,0,159
80101100311,31,54,14,20,26,14,0,15,0,177
80101100312,73,147,26,42,40,36,4,12,19,406
80101100314,0,0,3,9,0,4,0,0,0,18
80101100315,24,79,13,27,30,6,3,9,0,188
80101100316,20,20,3,5,7,8,0,0,0,55
80101100317,35,128,39,46,46,37,0,18,11,363
80101100318,34,60,6,11,11,9,0,0,0,132
80101100319,23,61,18,15,25,7,0,3,3,154
80101100320,68,96,20,24,45,10,3,3,6,276
80101100321,31,117,24,42,45,21,5,23,14,318
80101100322,41,118,29,37,45,18,12,20,4,325
80101100401,23,17,25,15,22,3,4,5,0,122
80101100402,22,62,42,24,48,14,16,10,0,237
80101100403,31,48,28,34,37,21,4,12,6,218
80101100404,18,34,26,26,36,11,0,10,8,170
80101100405,33,31,27,31,44,15,14,24,12,223
80101100406,33,49,55,43,32,20,20,20,5,286
80101100408,6,19,19,22,21,3,0,7,0,100
80101100409,16,31,33,26,11,7,14,15,0,156
80101100501,20,54,14,15,19,6,0,10,0,138
80101100502,44,82,24,15,27,17,0,3,3,221
80101100503,31,70,15,8,16,16,0,7,4,167
80101100504,46,78,8,20,27,5,0,12,4,197
80101100505,42,85,11,17,26,4,0,8,7,198
80101100506,17,47,5,10,11,6,3,0,3,98
80101100507,40,66,11,8,16,9,0,0,0,167
80101100508,30,51,3,7,12,0,0,5,0,111
80101100509,53,71,15,24,29,11,6,19,0,234
80101100602,16,22,14,10,23,7,5,8,4,112
80101100604,18,43,22,29,33,9,5,15,11,175
80101100605,37,56,32,21,50,5,3,8,4,229
80101100606,38,40,19,20,31,13,10,19,5,189
80101100607,52,62,20,26,44,13,11,9,3,236
80101100608,30,61,38,25,49,18,8,15,3,250
80101100609,30,44,42,21,35,9,8,14,0,199
80101100610,34,38,31,43,40,8,4,10,4,225
80101100611,41,58,40,23,40,18,10,14,4,242
80101100612,40,71,40,42,62,23,7,24,3,321
80101100613,18,31,19,26,24,7,0,7,5,134
80101100614,30,47,33,22,31,14,7,13,3,196
80101100615,12,19,15,20,17,5,11,11,0,123
80101100616,48,59,38,34,54,24,9,12,13,289
80101100617,21,54,36,34,39,19,5,10,5,223
80101100618,25,45,23,25,29,11,12,9,0,177
80101100619,23,28,16,23,21,8,0,6,0,122
80101100620,32,48,16,17,33,12,0,14,0,180
80101100621,0,0,0,0,0,0,0,0,0,0
80101100622,35,32,10,21,21,9,0,9,4,143
80101100623,25,47,23,18,35,19,0,17,4,190
80101100701,45,71,36,26,44,15,10,19,0,272
80101100702,18,49,7,13,25,22,5,8,0,150
80101100703,62,86,23,21,36,16,6,16,0,269
80101100704,13,31,14,19,13,13,0,4,0,113
80101100705,54,66,38,27,42,10,5,16,6,263
80101100706,28,64,26,28,32,15,13,11,6,221
80101100707,59,65,28,15,31,21,10,16,5,246
80101100708,27,52,25,16,27,9,5,10,4,170
80101100709,22,55,17,15,25,9,3,5,0,160
80101100710,35,74,33,29,21,9,5,11,9,220
80101100711,49,76,50,31,52,17,16,31,4,333
80101100712,47,67,25,15,37,12,6,22,6,230
80101100713,17,47,30,15,24,11,4,5,5,153
80101100714,16,49,19,14,39,11,5,10,4,160
80101100801,29,37,22,26,24,7,4,13,3,171
80101100802,33,68,25,24,37,15,12,13,9,235
80101100803,28,60,21,18,36,17,13,18,3,216
80101100804,15,28,17,22,24,16,4,21,4,156
80101100805,45,56,33,38,44,13,9,13,5,253
80101100806,36,50,18,19,30,5,6,6,5,170
80101100807,53,99,24,23,44,19,13,16,15,303
80101100808,22,51,19,36,32,17,7,16,4,195
80101100809,34,68,23,22,45,12,9,8,6,229
80101100810,20,68,18,20,36,9,5,8,6,185
80101100811,11,36,13,14,19,0,0,7,0,111
80101100812,25,53,25,19,25,22,8,15,14,205
80101100901,32,44,28,27,31,16,9,12,0,196
80101100902,26,36,20,12,22,14,9,6,5,159
80101100903,28,67,33,24,38,13,8,7,0,233
80101100904,48,60,20,16,33,18,0,6,0,202
80101100905,36,65,24,34,29,11,7,8,6,203
80101100906,49,78,37,23,35,14,0,16,4,246
80101100907,22,30,21,10,24,10,9,18,0,133
80101100908,26,36,26,23,32,15,3,8,7,177
80101100909,16,34,25,18,23,17,7,8,0,148
80101100910,27,62,27,16,26,18,0,12,3,187
80101101001,20,39,32,17,28,12,12,12,3,172
80101101002,30,37,24,19,34,7,9,12,4,184
80101101003,40,46,34,25,41,19,5,17,6,226
80101101004,37,74,23,14,24,9,5,10,0,197
80101101005,52,84,32,29,37,4,9,18,12,268
80101101101,63,98,39,33,53,20,10,15,11,340
80101101102,32,56,27,14,33,3,6,8,4,180
80101101103,54,98,44,52,60,17,10,19,7,353
80101101104,40,43,30,25,29,17,5,13,3,210
80101101105,23,44,17,16,11,3,0,10,0,130
80101101106,26,36,22,10,16,3,4,4,3,120
80101101107,0,0,0,0,0,0,0,0,0,0
80101101108,22,27,13,17,9,3,4,6,0,89
80101101109,25,36,17,6,22,4,0,4,6,125
80101101110,16,43,23,15,22,3,4,9,3,134
80101101202,0,0,0,0,0,0,0,0,0,0
80101101203,0,0,0,0,0,0,0,0,0,0
80101101301,24,35,6,14,17,6,0,8,0,110
80101101302,23,65,52,62,36,28,16,28,9,310
80101101303,45,70,9,19,29,17,3,9,4,201
80101101304,35,46,14,10,15,4,0,3,0,125
80101101305,50,66,17,13,33,12,0,13,0,203
80101101306,38,55,14,15,19,12,0,4,3,163
80101101307,21,30,16,13,15,3,0,6,0,107
80101101308,47,53,7,20,15,10,4,5,0,158
80101101309,0,0,0,0,0,0,0,0,0,0
80101101310,16,42,13,15,13,7,0,0,0,102
80101101401,25,59,22,11,24,17,6,14,0,170
80101101402,48,63,32,37,30,16,11,12,5,249
80101101403,44,95,48,36,57,28,9,25,5,343
80101101404,43,89,38,27,35,10,7,20,3,277
80101101405,25,41,28,25,42,17,6,19,6,207
80101101406,13,24,20,15,15,3,9,8,9,123
80101101407,51,72,34,38,41,30,8,31,10,302
80101101502,19,27,22,21,26,8,4,11,0,140
80101101503,19,41,27,23,21,16,5,10,5,154
80101101504,26,51,19,35,27,14,6,13,8,199
80101101505,46,70,31,23,40,19,7,14,9,260
80101101506,32,70,18,11,34,11,5,13,0,198
80101101508,35,49,22,30,33,4,7,8,8,195
80101101509,27,60,36,19,33,19,0,9,0,203
80101101510,36,45,28,15,33,8,9,14,6,186
80101101511,19,32,14,13,12,7,3,10,0,110
80101101512,19,32,29,20,20,15,9,12,4,149
80101101513,20,46,23,33,17,12,12,8,9,175
80101101514,0,0,0,0,0,0,0,0,0,0
80101101515,17,35,21,21,33,12,10,9,0,163
80101101516,47,131,53,65,80,28,11,17,5,435
80101101517,32,85,32,48,62,19,9,14,7,311
80101101601,42,65,25,27,38,11,0,22,5,230
80101101602,23,42,9,7,9,12,0,5,0,108
80101101603,29,79,34,15,38,8,7,31,14,247
80101101604,28,63,24,20,33,11,8,9,5,205
80101101605,32,48,34,22,33,8,13,23,7,214
80101101606,58,85,26,25,41,23,12,14,6,288
80101101607,22,41,19,14,34,7,3,15,0,151
80101101608,0,0,0,0,0,0,0,0,0,0
80101101609,38,65,32,22,28,21,5,26,0,229
80101101610,24,30,12,18,19,10,0,3,5,122
80101101611,39,43,23,16,30,12,5,11,8,177
80101101612,30,60,30,23,40,18,3,28,5,236
80101101613,28,74,33,53,39,18,7,19,9,268
80101101614,47,52,20,19,27,11,3,3,3,185
80101101615,36,70,20,16,35,7,6,12,3,208
80101101616,56,74,22,31,27,12,13,20,4,259
80101101617,37,47,30,24,39,15,4,8,3,211
80101101618,40,53,28,13,16,11,8,13,10,198
80101101619,26,80,26,39,41,18,3,12,5,226
80101101701,33,52,15,16,24,18,6,11,3,178
80101101702,39,67,35,34,41,14,16,14,5,251
80101101703,65,76,37,34,47,18,14,21,3,321
80101101704,28,47,21,25,27,3,0,11,3,161
80101101705,31,49,21,23,34,7,3,12,6,184
80101101706,61,76,51,29,56,28,18,20,3,326
80101101707,23,51,41,28,38,12,10,16,4,214
80101101708,9,18,9,16,13,9,0,3,4,80
80101101709,20,65,29,5,22,14,3,13,3,171
80101101802,0,0,0,0,0,0,0,0,0,0
80101101805,54,161,34,52,56,21,14,23,18,434
80101101806,26,74,24,36,24,18,3,23,0,239
80101101807,50,150,37,47,54,15,10,16,11,394
80101101808,42,78,21,32,30,18,8,23,0,237
80101101809,31,96,32,38,38,24,18,15,5,295
80101101810,42,105,21,32,46,13,0,10,3,275
80101101902,46,94,49,55,65,19,14,31,10,370
80101101904,44,68,14,33,44,15,10,28,4,265
80101101905,33,68,45,40,49,15,7,14,4,284
80101101906,32,50,25,21,15,9,4,6,3,169
80101101907,38,71,24,28,58,19,11,12,9,274
80101101908,54,58,32,32,38,17,5,10,6,253
80101101909,40,51,31,20,23,25,11,14,0,216
80101101910,29,41,27,15,34,10,8,8,5,171
80101101911,29,59,42,19,49,9,14,15,0,238
80101101912,23,36,29,22,29,9,10,13,4,173
80101101913,22,40,30,35,30,16,12,16,8,218
80101101914,21,36,23,18,17,11,7,6,6,138
80101101915,27,67,22,20,40,6,7,12,3,205
80101101916,27,50,28,25,28,12,10,7,5,191
80101101917,29,47,23,36,28,12,0,7,6,177
80101101918,26,52,21,23,22,14,6,11,11,172
80101101919,35,67,28,48,35,22,10,15,9,256
80101102001,25,62,10,19,10,8,4,0,4,150
80101102002,30,61,33,13,22,16,3,5,7,199
80101102003,30,44,14,11,13,12,3,4,4,126
80101102004,33,40,13,10,19,4,4,7,0,126
80101102005,62,160,33,70,53,25,12,28,3,444
80101102006,21,44,15,13,11,14,10,16,4,143
80101102007,28,45,14,24,21,3,0,9,9,142
80101102008,38,77,25,27,26,12,4,14,4,228
80101102101,57,80,45,31,40,14,10,14,11,297
80101102102,40,46,18,13,19,17,3,7,0,172
80101102103,46,79,46,25,50,9,7,13,7,284
80101102104,46,64,27,24,43,8,12,12,0,242
80101102105,86,110,36,31,57,18,8,19,8,369
80101102201,24,42,12,11,11,4,0,3,3,106
80101102202,34,41,16,9,18,11,3,4,6,143
80101102203,37,81,29,24,40,17,3,14,7,249
80101102204,58,77,49,35,38,24,3,25,0,316
80101102205,41,91,36,20,43,17,9,17,4,278
80101102206,36,52,20,16,20,11,5,10,0,162
80101102207,29,72,31,37,33,9,5,19,5,238
80101102208,30,51,14,14,18,11,4,9,0,153
80101102301,41,87,26,31,33,15,9,14,6,252
80101102302,12,47,19,5,12,12,0,8,6,117
80101102303,38,82,29,34,33,27,6,18,4,274
80101102304,33,73,37,29,37,23,10,33,4,281
80101102305,20,53,12,18,21,11,13,26,7,179
80101102306,43,53,24,29,29,13,6,18,5,214
80101102307,9,29,8,14,9,0,0,5,4,73
80101102401,13,42,5,11,23,11,5,9,3,120
80101102402,31,86,24,30,32,11,10,18,0,250
80101102403,47,53,29,23,30,12,6,10,4,198
80101102404,24,42,16,22,12,4,6,15,0,148
80101102405,31,51,20,5,16,10,7,11,3,148
80101102406,37,74,30,33,31,19,3,20,4,245
80101102407,18,34,24,21,25,14,5,12,5,153
80101102408,33,72,28,29,39,19,9,24,4,266
80101102501,22,43,14,19,31,7,3,14,0,149
80101102502,35,53,30,23,36,10,3,7,4,210
80101102503,40,63,35,33,70,12,0,19,0,284
80101102504,31,67,42,24,40,16,5,15,9,256
80101102505,17,39,18,20,23,18,4,9,0,146
80101102506,52,76,31,26,24,23,3,14,9,260
80101102601,40,73,11,9,23,14,3,4,4,171
80101102602,19,44,11,10,16,11,4,3,0,116
80101102603,46,78,13,23,25,6,3,6,0,205
80101102604,49,84,17,38,37,15,4,7,6,267
80101102605,26,38,8,12,13,7,0,4,0,121
80101102606,69,102,25,33,40,21,0,12,5,312
80101102607,52,77,16,37,29,15,12,15,3,242
80101111101,0,5,0,0,0,0,0,0,0,13
80101114201,0,0,0,0,0,0,0,0,0,0
80101114301,11,30,19,12,22,3,0,9,3,102
80101114302,37,91,32,49,60,29,15,16,5,330
80101114401,6,0,0,0,0,0,0,3,0,12
80103103102,0,0,0,0,0,0,0,0,0,0
80103103103,0,3,3,0,0,0,0,0,0,10
80103103201,0,6,0,0,0,0,0,3,0,15
80103111301,22,30,18,19,17,9,7,15,5,147
80103111302,6,9,10,6,12,9,9,14,0,78
80103111303,5,5,8,3,0,0,0,0,0,18
80103111304,5,0,0,0,3,0,0,0,0,16
80103111305,0,0,3,5,5,3,0,0,0,17
80103111306,0,0,0,0,0,0,0,0,0,5
80103111307,0,4,22,8,9,3,20,23,0,92
80103111308,0,0,0,0,0,0,0,0,0,0
80103111309,3,3,0,0,0,0,0,0,0,12
80103111401,7,19,5,13,11,5,0,4,0,63
80103111501,0,0,0,0,0,0,0,0,0,0
80103111502,19,6,14,6,7,0,0,3,0,75
80103111503,0,0,0,0,0,0,0,0,0,0
80103111504,0,5,3,5,4,0,0,0,0,19
80103111505,4,0,0,0,0,0,0,0,0,5
80103111506,60,3,3,9,0,0,0,0,3,83
80103111507,0,0,0,0,0,0,0,0,0,0
80104103401,24,56,24,29,30,21,7,11,5,202
80104103402,23,36,19,15,22,3,0,16,7,131
80104103403,54,74,19,27,42,20,6,10,5,255
80104103404,43,67,20,24,32,21,6,8,8,232
80104103405,48,73,28,28,52,16,8,13,5,260
80104103406,37,58,21,26,38,11,8,3,5,202
80104103407,35,45,21,9,25,9,3,3,0,151
80104103408,71,127,70,70,96,34,18,35,3,519
80104103409,32,41,16,14,30,12,3,7,3,166
80104103410,58,70,33,25,58,24,3,14,7,297
80104103411,63,104,30,31,47,28,7,7,6,324
80104103412,64,82,29,29,49,18,0,8,10,285
80104103413,50,57,30,32,35,12,6,13,6,237
80104103414,29,41,21,12,15,9,8,3,0,129
80104103501,32,55,27,28,26,10,16,13,6,215
80104103505,27,55,15,27,28,0,3,9,0,169
80104103506,37,78,25,26,28,16,8,22,3,252
80104103507,30,47,21,20,41,18,8,14,11,210
80104103508,25,56,10,20,15,14,0,14,3,161
80104103509,40,55,25,29,38,14,4,22,10,237
80104103510,49,78,39,49,47,22,10,9,6,308
80104103511,22,56,22,33,25,15,0,16,7,201
80104103512,35,75,26,44,64,25,7,15,6,311
80104103513,28,65,26,25,33,25,6,9,4,222
80104103514,31,56,21,17,32,17,5,5,7,190
80104103515,23,69,19,24,29,7,4,11,4,188
80104103516,25,83,30,27,42,23,15,23,13,276
80104103517,15,59,17,23,23,6,7,7,5,161
80104103518,38,71,13,20,41,15,10,17,11,232
80104103519,32,57,25,22,25,19,3,10,3,190
80104103520,29,41,19,37,32,20,6,11,8,201
80104103521,0,0,0,0,0,0,0,0,0,0
80104103522,34,75,25,19,22,17,3,9,4,211
80104103601,53,81,35,25,48,19,11,17,5,290
80104103604,59,85,31,33,54,14,7,10,15,311
80104103605,27,40,15,16,36,5,0,8,0,152
80104103606,43,59,26,26,28,10,3,17,4,211
80104103607,31,59,24,23,23,10,0,9,3,189
80104103608,65,89,34,50,46,15,8,10,8,321
80104103609,45,98,38,48,54,34,22,35,10,377
80104103610,26,41,23,27,38,17,9,14,3,195
80104103611,34,46,24,13,23,15,6,0,0,164
80104103612,17,36,13,23,27,7,7,10,0,130
80104103613,36,50,34,37,52,20,7,0,3,246
80104103614,48,47,17,18,29,8,0,6,6,181
80104103615,79,124,33,25,62,21,3,11,3,368
80104103616,63,98,29,35,57,20,3,19,16,328
80104103617,37,70,30,23,43,19,3,8,12,238
80104103618,8,11,8,3,15,4,0,0,4,67
80104103702,48,62,11,33,37,19,3,12,8,224
80104103703,54,91,31,43,34,16,7,5,3,285
80104103704,67,93,27,27,35,13,0,6,7,267
80104103705,14,34,8,10,10,6,0,9,0,93
80104103706,36,64,18,14,23,5,0,4,0,170
80104103707,29,56,23,34,26,5,6,15,3,192
80104103708,74,81,25,39,42,16,5,7,4,299
80104103709,0,0,0,0,0,0,0,0,0,0
80104103710,49,104,25,29,40,10,0,11,3,268
80104103711,67,142,33,34,63,17,3,19,8,394
80104103712,20,26,9,6,5,3,3,3,0,73
80104103713,39,44,11,23,46,11,7,0,6,175
80104103714,58,87,25,14,50,13,0,5,0,256
80104103804,70,89,30,19,33,15,0,6,5,268
80104103805,61,67,14,23,30,14,0,8,0,213
80104103806,48,53,8,17,30,11,3,8,4,173
80104103807,36,63,10,17,25,7,6,11,4,183
80104103808,46,64,20,26,43,17,3,3,3,222
80104103809,38,65,10,15,31,14,4,9,4,181
80104103810,35,76,11,16,15,11,6,3,5,185
80104103811,35,57,8,10,23,10,0,9,4,155
80104103812,65,99,26,27,41,24,0,17,4,300
80104103813,39,63,10,23,36,12,8,6,3,203
80104103814,35,57,15,24,30,14,0,6,10,190
80104103815,56,79,15,20,37,16,5,3,5,237
80104103907,31,36,15,20,15,6,5,8,3,143
80104103908,24,47,14,16,19,7,11,10,8,153
80104103910,55,111,55,56,72,29,17,30,12,436
80104103911,11,36,10,24,15,20,3,14,6,135
80104103912,34,69,26,25,25,15,7,12,5,222
80104103913,22,41,13,18,18,6,0,5,4,131
80104103914,48,75,31,31,35,12,0,14,9,257
80104103915,27,56,18,14,23,8,5,7,3,167
80104103916,34,77,27,50,40,39,9,18,8,302
80104103917,10,36,11,22,17,11,4,6,0,125
80104103918,14,43,13,20,23,7,6,12,4,135
80104103919,26,52,12,18,20,8,0,11,0,146
80104103920,14,37,13,14,21,14,8,12,3,141
80104103921,33,82,32,32,41,16,8,22,0,274
80104103922,59,75,17,32,34,27,0,10,0,256
80104103923,58,96,23,25,34,17,0,9,3,268
80104103924,40,69,14,28,32,13,4,9,4,216
80104103925,49,76,13,32,32,18,4,13,4,249
80104103926,10,35,13,20,24,3,3,4,0,121
80104103927,51,99,29,36,40,18,10,28,13,322
80104103928,19,45,18,17,25,7,3,10,4,153
80104103929,20,59,21,20,29,24,4,9,0,201
80104104001,50,98,61,59,50,32,13,31,3,402
80104104002,49,57,22,20,33,13,4,5,3,213
80104104005,35,56,22,20,37,11,4,12,7,204
80104104006,31,48,17,22,26,13,8,11,0,180
80104104007,47,89,30,30,47,19,4,22,6,285
80104104008,54,91,33,35,53,18,4,26,4,317
80104104011,0,0,0,0,0,0,0,0,0,0
80104104013,32,41,25,14,22,7,6,10,0,157
80104104014,41,53,35,29,37,11,5,20,0,222
80104104015,37,67,20,36,27,16,9,16,3,235
80104104017,40,50,24,32,19,14,9,10,3,200
80104104018,5,0,0,14,8,3,5,0,0,42
80104104019,18,31,17,17,18,4,0,10,0,115
80104104020,0,0,0,0,0,0,0,0,0,0
80104104021,4,0,0,10,0,0,4,5,0,24
80104104022,28,31,20,31,21,23,0,15,9,174
80104104023,0,0,0,0,0,0,0,0,0,0
80104104024,28,52,28,20,23,6,6,12,3,176
80104104025,27,60,34,25,24,21,4,22,5,218
80104104026,35,111,53,66,56,36,14,32,15,420
80104104027,27,88,36,40,41,31,16,36,3,315
80104104028,22,52,27,28,43,14,8,13,6,212
80104104029,36,60,21,49,34,13,9,15,10,251
80104104030,59,143,69,104,55,55,25,45,9,557
80104104031,30,44,11,14,28,7,4,4,0,144
80104104032,14,46,23,23,24,17,4,16,3,165
80104104301,24,50,10,15,27,8,5,5,0,147
80104104302,0,0,0,0,0,0,0,0,0,0
80104104401,62,88,48,32,44,21,7,19,11,340
80104104402,76,103,31,31,39,19,3,15,5,333
80104104404,58,113,33,34,50,23,6,14,19,354
80104104405,77,72,7,26,33,19,0,9,3,236
80104104409,39,55,18,29,30,13,3,3,0,191
80104104410,13,34,15,17,11,13,5,11,6,126
80104104411,38,66,11,18,28,16,4,7,8,184
80104104412,26,48,15,17,26,6,3,7,5,157
80104104413,57,75,14,25,31,20,3,6,5,236
80104104414,21,35,8,13,17,3,0,6,4,108
80104104415,36,54,32,39,35,15,3,16,10,223
80104104416,43,88,16,32,25,23,5,13,14,262
80104104417,43,81,16,16,36,12,0,7,3,223
80104104418,39,87,28,45,34,26,8,22,4,295
80104104419,25,76,31,30,35,21,8,22,0,252
80104104420,44,95,38,54,60,29,12,18,3,343
80104104421,22,62,35,35,28,19,3,7,0,217
80104104422,0,0,0,0,0,0,0,0,0,0
80104104423,49,66,14,24,19,17,4,3,6,195
80104104424,54,87,29,28,31,19,5,8,13,272
80104104425,0,0,0,0,0,0,0,3,0,14
80104104426,58,100,33,30,38,32,9,13,8,312
80104104502,0,0,0,0,0,0,0,0,0,0
80104104503,0,0,0,0,0,0,0,0,0,0
80104104504,0,0,0,3,0,0,0,0,0,3
80104104601,17,44,18,10,27,6,0,4,0,135
80104104602,42,69,41,31,42,19,6,7,3,267
80104104603,25,39,22,21,22,10,0,6,0,149
80104104604,31,35,15,10,21,9,4,3,3,130
80104104605,18,47,19,23,20,9,5,14,3,159
80104104606,31,46,29,18,34,10,4,10,7,190
80104104607,24,46,13,12,18,3,0,13,4,134
80104104609,14,41,13,29,21,9,9,8,0,149
80104104612,16,30,8,9,14,5,3,10,0,111
80104104613,41,57,26,29,27,17,3,9,0,229
80104104614,36,57,12,26,20,9,4,4,4,162
80104104616,5,26,15,15,25,6,0,9,4,108
80104104617,56,73,44,30,44,21,0,10,0,278
80104104618,23,51,18,32,41,23,8,18,7,219
80104104619,17,44,23,21,31,21,5,14,4,182
80104104620,22,40,23,21,32,6,5,6,6,166
80104104621,23,61,20,21,36,16,9,13,7,210
80104104622,15,53,20,30,38,19,7,6,5,196
80104104623,45,86,31,30,40,21,4,22,5,289
80104104624,0,0,0,0,0,0,0,0,0,0
80104104625,46,72,27,27,34,17,12,12,5,254
80104104626,23,48,20,27,29,17,9,13,4,175
80104104627,32,58,30,20,36,16,12,7,0,205
80104104628,23,35,29,32,36,6,4,25,5,198
80104104629,0,5,0,0,3,0,0,0,0,6
80104104630,25,46,22,19,24,10,6,3,6,164
80104104631,35,39,22,25,37,13,13,14,6,204
80104104632,40,100,54,41,56,18,10,20,9,357
80104104633,35,63,36,40,45,20,18,18,3,286
80104104634,35,59,20,25,34,16,12,15,0,220
80104104635,30,32,19,19,22,9,4,13,0,157
80104104636,26,40,23,16,32,15,4,12,3,166
80104104637,21,48,23,24,26,9,6,17,0,173
80104104701,24,60,17,12,18,4,5,10,9,160
80104104702,45,60,10,22,29,9,0,6,0,178
80104104703,66,100,18,27,46,14,5,9,0,275
80104104704,26,43,8,15,26,12,5,7,0,137
80104104705,47,63,24,15,32,17,10,8,8,218
80104104706,41,61,17,21,31,19,6,5,5,208
80104104707,26,36,4,14,20,12,3,6,0,128
80104104708,26,56,21,16,28,17,4,14,0,191
80104104709,13,37,17,15,26,6,4,9,0,126
80104104710,60,68,15,18,52,12,0,7,6,240
80104104711,44,95,29,21,45,12,6,7,5,270
80104104712,16,33,11,27,23,6,8,4,0,141
80104104713,36,62,30,20,39,20,8,18,0,228
80104104714,0,0,0,0,0,0,0,0,0,0
80104104715,25,40,20,13,33,11,3,0,0,144
80104104716,45,73,18,24,39,23,4,8,3,234
80104104717,65,83,31,33,48,25,3,21,5,313
80104104718,70,78,32,27,63,24,7,14,3,304
80104104719,40,65,13,22,53,14,14,11,8,245
80104104801,29,65,16,16,35,12,0,12,0,189
80104104802,55,74,33,38,56,17,17,16,6,309
80104104803,35,61,14,14,45,20,0,8,3,191
80104104804,31,61,25,20,37,10,5,8,7,199
80104104805,20,81,32,19,54,23,9,22,0,261
80104104806,36,46,23,23,35,11,10,15,0,198
80104104807,26,50,15,17,27,12,0,7,9,170
80104104808,23,54,28,30,27,6,0,10,5,181
80104104809,45,68,33,13,41,19,9,22,5,252
80104104810,25,44,27,17,27,9,7,13,0,171
80104104811,31,43,10,10,35,18,4,8,0,169
80104104812,39,76,33,48,41,13,5,24,8,291
80104104813,15,51,21,12,19,7,0,3,3,130
80104104814,45,75,31,44,48,15,7,20,0,280
80104111601,0,0,0,0,0,0,0,0,0,0
80104111702,0,0,0,0,0,0,0,0,0,0
80104111801,43,99,44,56,75,15,10,30,10,379
80104111803,0,0,0,0,0,0,0,0,0,0
80104111901,0,0,0,0,0,4,0,0,0,5
80104112001,38,64,19,12,42,13,7,10,0,212
80104112003,48,93,22,33,51,17,9,19,3,301
80104112005,28,75,29,28,31,10,3,5,4,217
80104112006,34,81,39,27,39,15,16,17,3,269
80104112007,24,60,14,18,33,12,6,10,6,186
80104112008,21,60,30,41,26,10,8,8,3,209
80104112009,21,88,34,34,51,24,8,20,9,280
80104112010,43,74,16,30,27,14,9,8,7,225
80104112011,32,62,15,21,33,13,5,0,6,178
80104112012,34,60,36,38,48,11,8,9,5,252
80104112013,35,74,26,31,36,15,8,9,14,247
80104112014,0,0,0,0,0,0,0,0,0,0
80104112015,48,67,23,28,32,21,11,6,6,245
80104112102,20,32,15,29,26,14,0,9,7,154
80104112103,14,18,10,13,7,6,5,0,4,69
80104112104,0,0,0,0,0,0,0,0,0,0
80104112105,3,10,0,6,0,0,4,0,0,26
80104112106,0,0,3,0,4,0,0,0,0,9
80104112107,34,71,26,43,57,22,11,9,5,277
80104112108,25,48,26,31,16,11,14,10,5,192
80104112109,0,4,0,0,0,6,0,0,0,16
80104112110,9,15,3,3,6,0,0,5,0,42
80104112111,0,0,0,0,0,0,0,0,0,0
80104112112,0,0,0,0,0,0,0,0,0,0
80104112113,0,0,0,0,0,0,0,0,0,0
80104112114,23,67,32,36,27,11,12,14,4,229
80104112115,22,34,15,15,16,12,5,10,4,144
80104112202,39,74,28,25,23,13,4,8,12,219
80104112203,16,49,15,17,12,3,0,0,4,112
80104112204,32,75,20,28,25,13,0,20,9,230
80104112205,20,53,16,17,32,14,3,0,0,158
80104112206,0,12,0,3,3,0,0,0,0,27
80104112207,15,24,10,19,9,14,0,3,3,100
80104112208,43,86,22,24,36,13,4,10,11,242
80104112209,31,74,35,17,33,21,7,9,0,228
80105104901,23,326,25,502,151,232,15,65,14,1361
80105104902,0,0,0,0,0,0,0,0,0,0
80105104903,0,0,0,0,0,0,0,0,0,0
80105104904,0,0,0,0,0,0,0,0,0,0
80105105001,54,96,17,18,21,12,5,12,4,232
80105105002,49,72,5,11,8,5,0,8,9,170
80105105003,0,0,0,0,0,0,0,0,0,0
80105105004,21,55,8,5,14,0,0,7,0,120
80105105005,66,97,18,28,29,17,4,6,3,269
80105105006,37,64,13,31,21,17,4,5,5,198
80105105007,34,57,9,10,14,9,0,8,5,144
80105105008,27,47,6,14,17,0,0,5,0,119
80105105011,64,118,24,35,30,23,0,12,7,311
80105105012,54,89,10,17,37,8,0,11,9,241
80105105013,64,120,16,22,32,22,4,8,5,291
80105105014,50,71,7,18,22,3,0,0,0,170
80105105015,16,13,8,0,12,0,0,0,0,46
80105105016,22,51,9,3,13,9,5,9,5,120
80105105017,27,62,8,9,24,6,0,4,0,145
80105105018,18,56,4,10,13,5,0,0,0,107
80105105101,66,176,26,32,50,24,4,7,13,406
80105105102,49,94,16,20,41,9,3,5,9,239
80105105105,143,356,50,90,100,27,4,16,13,787
80105105109,87,265,26,48,68,22,11,9,15,546
80105105110,27,71,5,20,25,9,0,12,0,167
80105105111,78,187,14,24,68,17,5,8,6,408
80105105112,30,64,4,11,24,3,4,7,0,146
80105105113,40,112,15,8,37,3,0,0,5,222
80105105114,0,0,0,0,0,0,0,0,0,0
80105105115,70,124,14,22,31,12,5,3,9,291
80105105116,54,130,0,27,30,8,0,5,3,251
80105105117,47,88,4,14,25,0,0,4,6,196
80105105118,66,133,9,13,33,5,0,5,0,264
80105105119,96,130,8,20,40,8,3,8,5,321
80105105120,121,202,21,42,59,16,0,7,10,471
80105105301,91,259,21,22,54,10,0,9,13,480
80105105302,73,154,14,15,49,15,0,7,9,339
80105105305,0,0,0,0,0,0,0,0,0,0
80105105306,51,85,3,10,25,10,0,8,5,193
80105105307,9,55,3,110,29,72,3,24,8,314
80105105308,7,61,12,55,24,53,0,10,0,218
80105105311,37,97,16,31,32,14,5,7,5,242
80105105312,97,159,16,24,36,10,0,5,12,365
80105105313,49,107,14,25,32,8,0,14,8,262
80105105314,103,228,27,48,63,20,6,10,7,519
80105105404,62,99,15,17,31,18,3,17,0,273
80105105405,18,36,4,16,15,6,0,4,0,105
80105105406,58,137,25,27,38,15,3,17,7,320
80105105407,56,103,19,37,32,8,4,17,6,283
80105105408,21,73,15,20,18,5,0,9,0,170
80105105409,105,261,40,61,91,37,8,11,12,621
80105105410,81,163,22,33,50,15,0,13,6,374
80105105501,60,84,23,36,27,7,0,20,7,265
80105105502,43,61,17,16,23,15,7,14,3,197
80105105503,32,77,13,14,14,12,0,7,5,185
80105105504,46,74,22,34,30,22,4,25,0,262
80105105505,61,131,28,41,49,14,0,15,8,344
80105105506,66,95,29,36,39,17,6,27,4,318
80105105507,60,82,24,27,39,14,3,19,5,255
80105105508,74,99,33,34,41,12,9,34,6,331
80105105509,42,74,28,23,18,14,4,11,4,216
80105105601,74,114,23,27,36,21,5,15,0,317
80105105602,63,100,22,29,35,9,0,9,6,274
80105105603,53,98,17,22,28,11,8,13,0,242
80105105604,62,89,18,11,17,12,5,4,0,217
80105105605,68,109,8,17,25,14,3,3,3,249
80105105606,24,43,7,8,7,0,0,3,6,98
80105105607,78,86,7,14,27,14,0,7,5,233
80105105701,53,65,9,13,27,11,4,3,5,194
80105105702,35,54,5,16,21,9,3,11,6,149
80105105703,30,50,8,7,23,7,0,8,6,136
80105105704,27,59,9,4,21,16,0,9,3,154
80105105705,45,87,16,19,30,10,9,13,5,236
80105105706,31,85,13,20,20,14,5,8,5,203
80105105708,60,99,17,44,30,10,6,4,3,271
80105105709,34,105,22,43,32,15,6,39,4,289
80105105711,113,280,51,63,90,36,7,35,23,709
80105105712,79,189,35,65,51,31,6,12,10,474
80105105713,43,67,15,13,24,10,0,9,3,189
80105105714,37,63,12,15,19,8,3,3,8,165
80105105715,25,80,17,26,14,11,0,11,0,186
80105105801,67,134,22,34,43,12,6,16,6,336
80105105802,53,105,6,22,32,9,5,7,6,253
80105105803,55,134,20,34,36,8,0,19,4,305
80105105804,41,67,9,23,28,13,5,10,3,188
80105105805,42,45,5,6,11,7,0,6,0,119
80105105806,34,72,12,18,15,10,6,12,0,166
80105105807,52,124,12,42,38,18,8,10,10,322
80105105808,75,119,25,34,32,19,0,7,3,311
80105105809,43,78,11,25,22,12,6,7,7,213
80105105810,45,70,9,23,33,18,0,3,6,203
80105105811,72,118,23,22,39,9,3,8,14,303
80105105812,47,93,17,34,37,8,6,6,8,257
80105105813,66,198,30,46,35,11,0,14,10,402
80105105814,0,0,0,0,0,0,0,0,0,0
80105106003,103,256,25,36,82,23,3,3,16,531
80105106006,43,106,7,40,50,17,3,22,5,298
80105106007,39,60,11,17,19,17,0,0,6,169
80105106008,54,142,24,27,39,19,0,13,16,337
80105106009,0,0,5,0,0,0,0,0,0,9
80105106010,57,116,8,13,39,7,0,7,9,255
80105106011,40,100,4,14,43,4,0,0,4,219
80105106012,63,189,11,23,43,12,3,8,3,352
80105106013,21,57,3,0,10,3,0,0,0,96
80105106014,97,215,28,28,68,24,0,14,12,487
80105106015,66,125,8,20,50,5,0,3,6,295
80105106101,42,69,20,12,22,15,3,21,5,201
80105106102,38,67,14,24,24,7,0,12,0,199
80105106103,66,100,14,24,30,12,5,13,6,282
80105106106,29,61,8,11,14,6,0,7,0,150
80105106107,31,72,15,27,31,13,0,5,0,193
80105106108,48,98,14,34,28,15,5,38,3,282
80105106109,56,92,13,24,22,10,5,14,0,243
80105106110,41,86,16,13,30,16,0,15,4,225
80105106111,37,59,13,11,12,9,5,8,3,158
80105106112,36,71,13,7,18,5,4,10,3,178
80105106113,31,79,15,19,27,11,0,4,3,196
80105106114,74,159,27,43,50,17,8,26,4,411
80105106116,77,123,49,48,46,22,11,22,10,409
80105106117,0,0,0,0,0,0,0,0,0,0
80105106118,0,0,0,0,0,0,0,0,0,0
80105106119,64,91,15,20,30,7,0,5,8,250
80105106120,93,180,27,33,50,14,0,14,5,420
80105106121,40,65,0,13,18,12,3,4,0,152
80105112301,0,0,0,0,0,0,0,0,0,0
80105112401,56,117,20,35,43,23,0,7,9,299
80105112402,57,104,8,18,23,6,4,3,6,229
80105112403,72,80,0,26,24,17,0,3,7,236
80105112404,69,104,11,21,41,11,0,9,8,288
80105112405,56,68,6,15,27,18,5,5,5,207
80105112406,62,81,11,36,19,12,0,8,7,238
80105112407,100,176,22,39,48,17,3,13,5,428
80105112408,33,61,4,13,15,7,0,3,4,153
80105112410,90,113,5,18,42,5,0,4,12,286
80105112411,85,136,15,27,46,5,3,11,8,336
80105112501,239,70,6,90,22,11,0,3,8,455
80105112502,804,89,3,46,9,0,0,0,17,975
80105112601,0,0,0,0,0,0,0,0,0,0
80105112602,0,0,0,0,0,0,0,0,0,0
80105112701,23,32,10,19,11,4,3,7,0,115
80105112702,55,115,35,16,45,6,4,8,8,294
80105112703,63,138,11,26,41,17,9,7,6,317
80105112704,37,63,4,12,19,5,0,9,4,152
80105112801,0,0,0,0,0,0,0,0,0,0
80106106201,39,60,3,8,23,4,0,0,3,142
80106106202,53,129,3,30,39,16,4,6,0,283
80106106203,0,0,0,0,0,0,0,0,0,3
80106106204,26,91,9,15,19,4,0,5,3,166
80106106205,59,123,15,19,35,13,0,10,5,284
80106106206,20,73,11,12,15,0,0,7,5,142
80106106207,59,68,4,21,21,9,5,5,8,191
80106106208,43,63,4,16,22,8,0,5,0,165
80106106209,40,63,4,15,23,16,0,4,4,165
80106106301,164,264,15,20,81,20,3,8,15,595
80106106302,38,52,3,5,15,7,0,0,7,131
80106106303,53,84,10,5,21,22,0,3,3,197
80106106304,34,56,6,10,22,16,3,3,0,150
80106106401,43,100,13,10,24,10,0,3,10,211
80106106402,78,100,11,12,44,30,6,12,3,302
80106106403,50,70,4,6,21,11,0,4,0,172
80106106405,99,155,13,20,33,23,3,10,9,367
80106106407,41,57,11,14,13,8,0,0,3,159
80106106409,0,0,0,0,0,0,0,0,0,0
80106106410,26,59,11,5,18,4,0,0,4,134
80106106411,87,218,25,41,55,7,4,13,9,461
80106106413,57,70,4,12,12,8,0,3,5,174
80106106414,10,5,0,3,4,0,0,0,0,31
80106106415,47,76,11,15,26,7,0,3,0,177
80106106416,46,71,7,16,18,16,6,5,3,182
80106106417,13,26,3,8,9,3,0,4,0,62
80106106418,38,82,20,43,34,14,5,16,0,251
80106106419,49,121,14,28,34,9,0,7,3,256
80106106420,57,124,13,20,32,8,3,0,5,278
80106106601,0,0,0,0,0,0,0,0,0,0
80106106701,47,66,13,17,28,10,0,9,5,203
80106106702,23,34,5,12,15,10,0,12,0,112
80106106703,33,51,24,14,19,13,4,6,3,177
80106106704,38,61,23,9,11,9,6,7,0,166
80106106705,29,47,16,14,18,12,11,11,0,153
80106106706,32,80,20,19,29,9,3,9,9,210
80106106707,33,66,15,17,31,5,8,10,7,191
80106106708,60,91,15,12,32,11,0,6,4,226
80106106709,35,52,3,10,14,7,0,6,0,120
80106106710,47,65,3,14,14,11,0,8,5,175
80106106712,60,76,13,20,21,9,0,9,6,213
80106106713,47,78,12,11,19,11,3,0,0,179
80106106714,38,60,3,10,12,14,0,8,5,144
80106106715,59,72,11,15,22,4,0,11,7,199
80106106716,51,43,17,13,18,8,6,10,0,147
80106106717,41,102,20,25,32,6,4,4,8,231
80106106718,7,3,0,0,3,4,0,0,0,19
80106106719,49,136,23,28,50,25,12,21,6,352
80106106801,0,0,0,0,0,0,0,0,0,0
80106106901,40,65,4,10,7,19,0,9,7,157
80106106902,35,39,3,18,11,13,0,7,6,133
80106106903,62,92,3,11,25,10,0,10,3,218
80106106904,23,53,4,7,13,9,3,4,4,115
80106106905,79,110,22,25,37,24,7,7,7,317
80106106906,58,134,24,28,35,20,9,11,4,319
80106106907,37,71,11,15,18,8,0,6,4,176
80106106908,0,0,0,0,0,0,0,0,0,0
80106106909,51,78,8,19,24,11,0,4,0,195
80106107001,33,59,6,13,14,11,0,7,0,146
80106107002,55,96,5,13,27,10,0,5,3,227
80106107003,54,78,11,18,14,14,3,7,9,209
80106107004,29,43,3,9,6,8,0,4,6,111
80106107005,51,91,9,18,28,6,0,7,3,222
80106107006,42,56,9,11,16,10,0,0,0,151
80106107007,67,117,14,28,40,15,5,6,15,301
80106107008,28,54,0,5,17,8,0,3,3,122
80106112901,117,201,9,17,50,12,0,4,11,432
80106112902,44,84,4,37,14,12,0,4,4,208
80106112903,145,284,20,36,74,12,3,6,14,598
80106113002,0,0,0,0,0,0,0,0,0,3
80106113003,0,0,0,0,0,0,0,0,0,7
80106113004,3,0,0,0,0,0,0,0,0,3
80106113005,0,0,0,0,0,0,0,0,0,0
80106113006,0,0,0,0,0,0,0,0,0,0
80106113007,6,0,0,0,0,0,0,0,0,7
80106113101,65,131,14,12,23,6,5,0,4,261
80106113103,114,223,24,35,55,14,4,8,8,491
80106113104,27,64,5,15,19,5,0,0,0,138
80106113106,137,202,13,37,58,8,5,3,13,478
80106113107,103,163,4,23,33,8,0,5,3,342
80106113108,59,150,12,26,46,13,6,0,4,313
80106113109,83,177,7,29,28,11,0,7,14,352
80106113111,0,0,0,0,0,0,0,0,0,4
80106113112,51,114,13,15,26,13,0,11,6,238
80106113113,85,123,8,23,38,10,0,3,6,302
80106113114,80,114,9,13,27,3,0,0,5,259
80106113115,61,72,14,14,34,13,0,5,16,224
80106113116,47,44,0,11,12,5,0,0,0,128
80106113117,82,100,10,16,28,7,0,0,5,251
80106113118,66,171,13,28,36,13,5,11,7,346
80106113119,56,145,10,22,36,12,0,5,6,291
80107107101,0,0,0,0,0,0,0,0,0,0
80107107102,59,76,41,32,61,19,12,20,6,320
80107107104,25,33,28,14,27,10,7,13,3,165
80107107105,48,46,35,26,46,31,16,15,3,270
80107107106,24,28,34,27,45,13,12,18,6,207
80107107107,17,24,37,22,36,12,22,14,5,190
80107107108,33,63,51,32,65,41,14,24,12,345
80107107109,34,41,36,31,43,21,15,16,7,234
80107107110,47,72,78,43,87,21,24,22,10,399
80107107111,19,20,20,22,33,18,8,18,5,156
80107107112,53,86,42,30,85,33,10,12,7,362
80107107113,16,20,27,18,32,10,15,3,4,148
80107107114,24,38,32,18,39,14,11,12,5,194
80107107202,29,46,17,13,26,14,8,10,5,156
80107107203,36,52,25,34,40,16,3,10,11,221
80107107204,28,69,20,21,53,8,4,16,6,235
80107107205,61,109,28,30,91,34,3,9,6,378
80107107206,44,76,40,30,56,16,4,21,3,299
80107107207,22,60,26,26,40,14,4,7,3,211
80107107208,30,75,47,36,56,19,8,17,7,291
80107107209,0,0,0,0,0,0,0,0,0,0
80107107210,33,38,25,8,31,13,9,13,5,181
80107107211,25,18,15,12,29,6,4,0,5,114
80107107301,63,54,33,20,47,16,8,11,3,258
80107107302,39,56,39,23,48,12,8,14,8,246
80107107303,45,79,34,25,48,19,14,19,6,288
80107107304,27,32,31,22,43,16,7,6,5,192
80107107307,32,65,18,19,47,13,10,15,8,239
80107107308,34,52,28,16,32,9,3,3,3,174
80107107309,53,62,39,42,62,24,12,18,12,309
80107107310,35,55,32,16,42,21,10,6,9,229
80107107311,38,53,62,42,63,19,14,26,5,322
80107107312,36,62,20,35,35,8,4,10,3,210
80107107313,18,32,40,34,34,14,9,11,3,199
80107107314,22,30,26,24,19,15,5,12,0,148
80107107315,0,0,0,0,0,0,0,0,0,0
80107107316,16,39,19,16,38,11,3,14,3,161
80107107317,32,58,26,18,41,7,4,3,7,205
80107107401,40,44,28,26,47,19,13,14,3,223
80107107402,46,65,28,25,48,16,10,24,9,267
80107107403,25,40,18,18,30,9,8,7,9,158
80107107404,11,27,20,22,21,9,10,15,5,139
80107107405,35,43,45,18,34,25,15,20,8,241
80107107406,35,42,45,20,59,18,12,13,9,255
80107107407,40,65,56,38,46,15,17,14,13,300
80107107408,17,30,10,16,26,9,3,11,0,127
80107107409,32,69,33,40,44,19,14,13,3,263
80107107410,29,21,25,20,36,17,7,12,7,174
80107107411,36,45,54,27,47,23,17,28,4,279
80107107412,10,33,22,24,22,10,5,7,5,138
80107107413,36,49,26,17,28,7,5,17,0,178
80107107502,27,51,21,18,40,19,4,11,9,207
80107107503,48,58,18,21,36,16,4,8,0,213
80107107504,19,43,31,25,47,19,7,13,0,208
80107107505,39,66,31,32,65,19,11,18,3,296
80107107506,32,45,42,35,44,19,17,15,4,252
80107107507,27,35,39,23,59,16,12,9,8,224
80107107508,40,47,28,24,37,15,10,7,3,203
80107107509,19,25,16,12,25,12,9,6,6,116
80107107510,49,67,34,37,63,24,7,21,8,307
80107107512,35,32,26,18,36,11,0,4,0,167
80107107513,23,45,21,24,34,5,6,11,5,171
80107107514,0,0,0,0,0,0,0,0,0,0
80107107515,0,0,0,0,0,0,0,0,0,0
80107107516,54,71,37,40,60,23,12,19,6,331
80107107517,31,39,23,24,48,12,0,10,0,189
80107107601,51,59,9,25,26,14,0,4,4,191
80107107602,48,62,14,20,47,7,0,3,0,204
80107107603,41,59,20,16,30,10,3,4,0,191
80107107604,56,82,18,11,24,3,6,11,4,210
80107107605,48,64,18,15,38,13,3,9,3,205
80107107606,52,77,21,26,32,16,3,12,0,231
80107107607,0,0,0,0,0,0,0,0,0,0
80107107608,48,79,21,16,36,20,6,5,0,230
80107107609,37,37,9,10,23,8,0,4,0,132
80107107701,47,67,63,38,66,20,12,20,7,329
80107107702,20,43,32,19,33,4,9,14,3,176
80107107703,27,38,30,19,32,11,7,23,0,199
80107107704,22,40,25,7,41,11,8,3,6,175
80107107705,49,52,26,23,42,14,11,24,10,249
80107107706,25,38,28,4,26,4,5,12,5,147
80107107707,24,44,31,14,25,12,9,12,6,173
80107107708,0,0,0,0,0,0,0,0,0,0
80107107801,39,52,34,29,49,18,18,20,6,270
80107107802,28,29,18,10,28,6,7,0,0,128
80107107803,19,42,32,26,46,4,10,15,4,204
80107107804,22,27,27,16,39,14,8,13,8,171
80107107805,30,40,39,28,41,7,15,13,0,219
80107107806,29,53,32,22,49,9,9,15,0,217
80107107807,23,25,13,13,22,13,3,6,0,119
80107107808,39,53,27,29,47,18,9,11,3,240
80107107809,20,42,18,22,32,7,7,3,3,155
80107107810,46,54,24,30,40,16,7,11,10,241
80107107811,40,67,42,30,62,32,11,15,12,305
80107107812,23,43,18,30,41,12,8,15,0,193
80107107813,46,41,24,19,40,19,11,9,5,205
80107107814,57,75,45,15,66,30,10,17,7,322
80107107815,33,52,25,13,42,9,3,7,5,186
80107107816,38,31,23,20,35,10,9,12,3,185
80107107817,22,31,25,18,25,5,7,3,3,142
80107107818,48,65,35,22,51,18,6,14,9,260
80107107819,12,29,18,13,29,6,7,10,3,131
80107107820,36,45,36,26,42,19,9,17,10,226
80107107821,36,57,34,15,43,18,6,7,5,225
80107107901,24,44,9,24,26,5,4,9,3,141
80107107902,49,66,13,26,35,11,9,15,11,228
80107107903,46,57,31,29,25,13,3,12,5,230
80107107904,33,57,19,15,42,7,6,6,3,192
80107107905,29,43,16,22,29,12,5,9,5,170
80107107906,32,58,38,28,28,15,0,22,5,223
80107107907,34,45,13,13,21,13,0,13,0,151
80107107908,24,43,7,17,19,9,3,16,0,138
80107107909,17,29,23,18,28,8,5,14,4,136
80107108002,37,40,19,23,34,13,8,11,0,173
80107108003,78,133,58,59,85,23,16,18,18,481
80107108006,27,53,16,24,23,13,0,3,0,162
80107108007,42,72,23,25,41,14,6,5,3,234
80107108008,15,35,9,15,21,10,4,0,0,106
80107108009,0,0,0,0,0,0,0,0,0,0
80107108010,0,0,0,0,0,0,0,0,0,0
80107108011,56,112,35,30,62,23,4,11,5,327
80107108012,0,0,0,0,0,0,0,0,0,0
80107108013,42,109,38,49,75,23,17,15,7,375
80107108014,4,9,0,0,4,0,0,0,0,30
80107108015,44,89,31,34,62,23,5,17,9,307
80107108016,35,78,22,34,35,11,11,6,4,236
80107108101,21,49,17,25,38,15,16,11,3,193
80107108102,22,37,32,30,27,17,10,10,7,191
80107108103,24,54,32,32,46,19,13,23,3,237
80107108104,28,39,31,20,36,10,0,4,9,181
80107108105,38,52,24,26,37,12,12,15,8,212
80107108106,27,47,26,25,31,11,10,9,4,193
80107108107,29,46,23,21,27,9,5,8,8,172
80107108108,32,39,43,34,43,8,6,21,6,232
80107108109,21,35,38,25,32,9,14,18,3,202
80107108111,21,45,24,19,31,13,4,5,5,174
80107108112,18,29,34,21,27,9,3,16,0,150
80107108113,0,0,0,0,0,0,0,0,0,0
80107108114,16,29,17,12,26,12,5,6,0,132
80107108201,24,21,22,10,28,6,6,8,0,130
80107108202,22,23,18,12,25,11,7,11,0,123
80107108203,19,44,21,23,39,16,4,22,0,190
80107108204,39,58,14,18,27,19,7,6,0,193
80107108205,22,40,25,29,20,3,3,5,3,154
80107108206,13,39,30,13,17,16,4,7,4,151
80107108207,40,63,45,39,47,24,5,11,4,276
80107108208,28,27,10,12,15,4,0,7,3,105
80107108209,24,40,13,15,12,5,3,6,0,125
80107108210,36,66,29,27,41,10,0,16,6,241
80107108211,30,51,20,11,33,8,6,4,7,168
80107108212,32,62,31,21,28,8,5,4,3,204
80107108213,50,85,36,46,35,20,6,18,5,305
80107108214,19,24,15,17,30,3,5,3,7,124
80107108215,38,68,25,42,62,15,14,17,4,287
80107108216,18,45,27,28,41,11,12,27,0,209
80107108217,40,66,35,19,19,8,4,9,5,199
80107108218,33,34,19,23,21,9,5,8,8,173
80107108219,36,73,40,31,36,15,11,18,6,265
80107108220,24,65,11,19,28,4,3,9,3,177
80107108221,34,63,18,26,21,9,4,9,8,185
80107108222,21,51,31,27,28,16,3,18,11,203
80107108223,23,36,22,14,16,9,9,6,3,134
80107108224,16,61,39,20,27,10,7,24,0,207
80107108225,22,33,17,17,21,7,4,6,8,138
80107108226,27,65,27,23,44,11,8,12,7,216
80107108227,18,65,18,31,41,14,7,14,8,209
80107108228,15,16,12,10,19,10,5,6,0,91
80107108229,46,77,27,23,34,17,3,5,7,242
80107108230,32,40,13,11,25,5,3,4,4,143
80107108231,21,29,22,17,30,14,9,17,4,167
80107108232,38,58,9,21,25,9,4,6,0,171
80107108233,19,29,22,13,31,11,5,14,6,145
80107108234,19,35,14,19,29,16,4,8,0,149
80107108235,40,85,39,50,47,23,12,12,8,307
80107108236,46,80,28,22,43,16,7,9,0,257
80107108237,47,51,9,19,29,26,0,12,8,206
80107108238,41,54,11,15,24,20,6,4,4,180
80107108239,28,45,14,29,23,9,4,5,5,167
80107108240,21,37,10,27,16,9,0,6,3,124
80107108241,38,71,24,33,39,13,0,15,0,235
80107108301,59,90,28,30,47,9,4,14,5,279
80107108302,46,74,32,27,42,15,3,9,3,244
80107108303,50,63,17,22,34,11,12,4,12,226
80107108401,18,24,18,7,14,3,3,9,5,110
80107108402,28,42,16,6,25,3,6,10,3,134
80107108403,25,55,23,22,24,13,0,8,9,170
80107108404,37,56,14,15,43,16,12,8,0,187
80107108405,45,68,23,17,26,11,0,8,0,194
80107108406,17,34,22,9,24,10,7,10,4,129
80107108407,44,39,15,14,23,11,7,0,0,154
80107108408,42,58,25,26,40,17,9,20,7,221
80107108409,29,34,15,15,31,5,10,5,4,142
80107108410,23,42,15,6,20,9,5,3,3,132
80107108411,33,51,22,20,42,11,5,5,4,203
80107108412,27,58,15,19,35,12,8,9,6,190
80107108413,21,29,14,6,27,8,4,12,0,124
80107108414,27,35,10,17,32,20,3,3,0,154
80107108415,21,28,29,23,36,12,3,17,8,179
80107108417,12,34,11,14,33,13,3,8,3,131
80107108418,14,31,15,16,24,6,8,8,0,115
80107108419,0,0,0,0,0,0,0,0,0,0
80107108420,0,0,3,6,5,0,0,3,0,15
80107108501,0,0,0,0,0,0,0,0,0,0
80107108601,14,37,27,12,37,11,5,4,4,145
80107108602,22,36,12,14,15,9,6,6,0,123
80107108603,32,56,34,25,32,15,7,11,0,211
80107108604,14,36,14,8,25,7,5,7,0,118
80107108605,44,56,29,21,43,11,9,10,6,231
80107108701,33,43,33,26,48,17,18,10,3,234
80107108702,30,44,30,30,32,16,17,17,3,209
80107108703,29,64,46,37,56,22,21,27,4,310
80107108704,19,31,22,15,21,11,3,13,3,143
80107108705,18,34,52,28,53,16,32,20,3,246
80107108706,34,59,53,39,57,19,20,22,9,319
80107108707,17,29,21,22,15,10,13,8,6,141
80107108801,52,64,41,36,55,23,12,17,3,297
80107108802,33,45,24,18,32,8,3,10,4,178
80107108803,41,53,24,29,37,16,6,8,4,225
80107108804,37,69,29,27,45,10,9,14,4,256
80107108805,26,32,20,19,48,16,10,9,4,193
80107108806,19,21,32,28,36,9,11,11,7,174
80107108807,38,53,36,27,43,15,17,19,7,251
80107108808,16,32,27,18,25,14,8,14,3,160
80107108809,56,67,41,36,61,29,9,17,11,333
80107108810,19,30,19,14,21,8,3,9,4,135
80107108901,5,9,0,0,7,0,0,0,0,28
80107109001,18,26,13,9,6,9,4,7,4,93
80107109002,21,23,10,8,20,5,0,6,0,96
80107109003,48,96,24,21,27,18,4,10,3,247
80107109004,53,76,25,28,62,19,8,14,5,285
80107109005,23,50,25,19,39,11,5,14,4,192
80107109006,18,56,29,24,34,11,12,5,7,199
80107109007,22,40,27,38,34,18,11,30,6,222
80107109008,38,73,38,36,46,13,7,23,9,278
80107109009,19,65,13,19,28,9,9,7,0,167
80107109010,50,93,24,23,40,15,9,23,5,278
80107109011,37,84,30,22,45,11,15,18,7,263
80107109012,32,32,12,10,28,13,5,7,0,133
80107109013,40,57,17,12,30,11,3,8,4,173
80107109014,34,53,23,27,33,13,12,7,7,222
80107109015,25,54,24,18,29,12,3,8,5,178
80107109016,47,70,24,21,38,22,5,12,5,250
80107109017,17,23,9,19,20,6,0,9,0,104
80107109018,19,61,23,15,33,5,5,6,6,167
80107109019,41,82,24,21,33,20,10,3,4,244
80107109020,17,40,9,22,28,8,3,16,0,147
80107113201,0,0,0,0,0,0,0,0,0,5
80107113202,0,0,0,0,0,0,0,0,0,3
80108109101,28,46,8,5,12,9,4,6,0,124
80108109102,36,72,7,16,34,17,8,3,12,199
80108109103,41,49,15,12,25,11,3,3,7,160
80108109104,19,53,7,9,11,4,0,5,0,112
80108109105,47,69,10,27,22,13,5,4,8,191
80108109106,61,82,15,19,23,13,0,0,3,215
80108109107,36,50,14,15,21,15,0,10,3,165
80108109108,59,88,28,11,22,10,0,4,0,223
80108109201,60,87,40,23,39,21,7,10,3,287
80108109202,54,75,9,18,29,10,3,10,0,214
80108109203,44,77,22,22,43,11,8,7,4,232
80108109204,31,44,16,21,24,11,0,4,0,165
80108109205,37,39,13,11,29,7,0,7,4,161
80108109206,49,52,11,11,27,8,6,3,0,169
80108109207,43,65,16,8,28,10,4,4,6,187
80108109208,52,84,25,25,43,11,7,10,3,250
80108109209,6,17,8,13,8,3,0,7,3,72
80108109210,0,0,0,0,0,0,0,0,0,0
80108109301,22,57,21,17,26,13,9,3,5,177
80108109302,19,37,13,16,28,6,11,9,4,127
80108109303,53,77,23,25,31,11,12,7,5,249
80108109304,87,137,48,45,49,24,6,9,4,417
80108109305,56,95,37,39,43,10,3,6,4,295
80108109306,58,109,22,32,49,16,3,14,7,310
80108109401,37,78,26,20,30,10,3,8,7,218
80108109402,0,0,0,0,0,0,0,0,0,0
80108109403,30,39,19,10,30,7,0,0,3,137
80108109404,81,125,31,22,38,12,3,13,11,346
80108109405,57,106,20,23,49,12,3,11,8,284
80108109406,47,74,24,25,33,14,9,25,18,270
80108109407,39,54,26,15,35,13,0,8,6,193
80108109501,19,40,13,27,17,4,3,5,0,134
80108109502,30,69,15,14,29,3,0,11,0,173
80108109503,23,40,14,16,16,8,3,4,4,131
80108109504,21,54,17,24,28,11,4,11,8,166
80108109505,38,70,25,27,24,11,4,22,11,234
80108109506,32,58,15,17,27,8,0,5,11,160
80108109507,32,57,21,20,38,7,4,11,0,189
80108109508,45,86,24,22,33,11,6,11,4,245
80108109509,28,57,31,21,28,8,6,7,0,185
80108109601,40,57,19,15,29,11,10,8,4,191
80108109602,36,50,19,24,26,12,0,10,4,175
80108109603,45,94,22,33,35,22,7,12,5,275
80108109604,31,37,10,25,20,7,0,8,4,143
80108109605,35,51,11,25,19,8,5,10,3,165
80108109701,51,54,19,24,31,9,6,13,7,211
80108109702,58,84,20,27,24,13,0,3,8,229
80108109703,53,74,16,30,26,8,7,8,3,229
80108109705,11,23,6,11,19,10,4,9,3,98
80108109706,39,57,12,13,10,13,0,6,0,167
80108109707,46,74,23,24,41,15,3,11,4,244
80108109708,31,60,29,18,18,10,8,10,0,189
80108109801,21,42,15,26,17,7,4,15,7,156
80108109802,40,57,29,14,32,7,0,13,0,193
80108109804,18,38,5,7,19,5,0,4,0,102
80108109806,13,62,18,15,33,10,5,0,0,166
80108109807,26,39,18,4,11,9,7,9,4,127
80108109808,61,72,18,14,35,13,5,7,5,230
80108109809,73,101,21,22,41,18,9,8,5,290
80108109810,21,36,3,9,8,6,3,4,0,90
80108109811,0,0,0,0,0,0,0,0,0,0
80108109812,37,66,14,14,16,10,0,0,4,159
80108109813,37,71,13,9,27,9,0,4,4,175
80108109814,51,85,18,18,21,7,5,4,7,211
80108113301,0,0,0,0,0,0,0,0,0,0
80109109901,82,135,44,46,53,25,10,62,6,469
80109109902,56,132,43,48,51,24,6,35,10,410
80109109903,52,62,12,23,21,12,0,4,3,196
80109109904,39,57,18,25,19,14,6,4,0,183
80109109905,40,97,16,25,35,23,3,9,0,250
80109110001,51,105,13,21,30,7,0,10,0,237
80109110002,54,83,15,15,22,16,3,3,5,210
80109110003,25,42,4,13,16,10,3,0,0,123
80109110004,73,134,28,26,30,14,6,30,9,354
80109110005,69,98,10,24,37,10,7,5,9,265
80109110006,54,88,13,18,25,13,5,11,0,229
80109110007,30,54,5,7,15,5,4,5,3,125
80109110008,69,141,33,43,35,29,16,24,10,387
80109110010,70,114,13,17,36,10,5,4,3,278
80109110011,32,57,15,3,12,3,0,0,5,130
80109110012,54,89,14,15,24,7,4,10,13,220
80109110013,10,52,12,37,31,3,5,17,5,176
80109110014,26,34,6,4,13,8,0,5,3,108
80109110101,21,49,12,26,23,11,0,11,7,154
80109110102,63,73,25,15,23,14,0,3,3,214
80109110104,39,80,21,31,27,6,3,10,5,218
80109110105,52,72,11,20,25,4,3,4,4,199
80109110106,25,38,10,14,16,3,7,15,0,132
80109110107,53,80,28,31,48,16,8,13,5,271
80109110108,60,86,18,15,38,17,4,9,6,249
80109110109,60,56,16,15,12,13,3,4,7,181
80109110110,29,58,17,18,27,4,3,6,9,166
80109110201,0,0,0,0,0,0,0,0,0,0
80109110202,39,103,23,19,37,17,0,12,7,263
80109110203,50,80,13,18,22,16,7,8,4,219
80109110204,36,77,7,20,24,15,0,3,11,190
80109110205,44,49,5,19,17,0,0,4,4,141
80109110206,31,66,10,11,21,7,0,3,0,151
80109110207,70,212,25,38,46,15,6,19,5,432
80109110209,33,58,6,6,12,10,0,0,4,142
80109110210,4,4,8,4,7,3,7,0,0,32
80109110211,26,84,14,16,21,9,6,5,3,181
80109110301,38,94,21,46,22,16,6,22,6,267
80109110302,47,72,15,13,19,16,5,5,3,189
80109110303,57,65,12,17,28,8,0,3,3,187
80109110304,58,110,6,20,28,11,0,7,0,237
80109110305,37,42,8,14,14,8,0,6,5,134
80109110306,37,75,13,21,21,10,5,3,4,191
80109110307,69,91,17,23,22,11,9,14,4,254
80109110308,21,28,3,4,14,3,0,4,0,85
80109110401,71,139,10,25,45,10,5,12,8,331
80109110402,33,69,10,12,26,5,0,9,5,170
80109110403,42,66,16,21,28,12,4,4,3,193
80109110404,39,78,14,20,34,4,3,3,0,204
80109110405,42,80,22,16,36,16,9,12,0,225
80109110406,0,0,0,0,0,0,0,0,0,0
80109110501,0,0,0,0,0,0,0,0,0,0
80109110502,50,110,25,41,29,18,12,28,9,322
80109110503,31,64,18,35,22,11,9,31,7,227
80109110504,49,95,20,26,45,8,4,11,9,259
80109110505,49,78,14,24,18,12,0,7,0,199
80109110506,66,92,22,43,33,24,3,29,10,320
80109110507,38,90,49,71,39,28,15,73,13,410
80109110601,46,99,27,30,54,25,7,15,4,308
80109110602,55,120,29,39,53,11,0,17,3,323
80109110603,53,67,36,25,37,10,3,12,3,257
80109110604,25,29,5,12,30,13,0,13,0,132
80109110605,21,75,43,64,32,30,14,63,9,360
80109110606,52,59,15,11,19,15,4,5,7,184
80109110607,54,87,17,20,31,15,3,5,7,242
80109110701,34,50,5,3,14,6,0,5,3,131
80109110702,66,135,17,28,57,22,5,14,4,347
80109110801,0,0,0,0,0,0,0,0,0,0
80109110802,38,36,10,8,9,5,5,4,0,121
80109110803,60,96,12,44,39,22,7,16,8,306
80109110804,39,93,22,20,41,9,5,11,6,247
80109110805,52,75,21,21,34,19,4,6,0,221
80109110806,49,58,10,13,26,15,3,7,4,187
80109110807,79,89,27,26,42,13,3,14,3,295
80109110901,23,43,9,6,28,8,3,10,6,129
80109110904,0,0,0,0,0,0,0,0,0,0
80109110905,15,35,6,21,13,9,5,11,0,117
80109110907,25,70,21,42,27,8,5,22,7,230
80109110908,15,112,16,23,34,19,4,19,5,240
80109110910,51,99,12,19,28,14,4,11,4,242
80109110913,26,61,18,4,19,0,0,7,0,140
80109110915,61,138,30,57,43,22,12,27,13,394
80109110916,42,151,38,35,65,20,3,17,11,388
80109110917,60,300,49,65,106,30,10,22,9,648
80109110918,59,137,20,25,56,16,5,5,4,324
80109110919,0,0,0,0,0,0,0,0,0,0
80109110920,0,0,0,0,0,0,0,0,0,0
80109110921,88,223,71,76,94,67,14,35,14,684
80109111001,51,91,25,32,49,11,8,11,9,287
80109111002,34,75,30,23,43,18,6,11,0,242
80109111003,26,59,8,8,16,4,0,9,3,133
80109111004,57,81,22,9,47,15,6,4,4,247
80109111005,27,59,17,17,22,8,3,6,4,168
80109111006,32,43,11,13,22,11,5,3,5,156
80110113401,0,0,0,0,0,0,0,0,0,11
80110113505,34,79,19,26,20,15,5,9,4,211
80110113506,47,86,18,29,28,14,3,7,0,232
80110113507,18,43,13,19,21,11,5,12,0,136
80110113508,66,113,22,31,41,15,8,22,9,304
80110113509,67,136,28,38,56,20,5,8,8,363
80110113510,37,93,19,17,20,13,0,16,0,217
80110113511,32,124,38,40,66,22,7,21,9,358
80110113512,18,68,23,32,32,12,5,19,8,216
80110113513,56,126,40,41,42,18,15,3,4,340
80110113514,38,110,30,52,43,22,6,18,7,321
80110113515,54,82,8,12,29,8,0,8,6,213
80110113602,11,63,7,11,19,7,0,3,4,124
80110113603,64,137,20,18,32,21,6,9,8,307
80110113604,73,167,38,39,67,22,5,12,11,428
80110113605,72,124,19,13,29,12,0,5,8,277
80110113606,97,226,35,33,65,22,11,10,10,514
80110113701,0,0,0,0,0,0,0,0,0,0
80110113901,37,119,16,32,23,7,14,6,5,260
80110113902,55,105,12,10,26,3,3,0,3,219
80110113903,40,114,22,33,52,14,4,5,7,298
80110113904,0,0,0,0,0,0,0,0,0,0
80110113905,37,116,22,32,52,21,8,12,9,315
80110113906,64,121,12,26,41,15,3,7,10,300
80110113907,40,76,14,17,44,11,5,7,3,208
80110113908,47,82,15,19,32,11,0,6,6,221
80110113909,28,86,30,31,42,12,4,12,6,256
80110113910,47,116,36,39,53,15,6,16,4,342
80110114501,0,0,0,0,0,0,0,0,0,0
80110114601,0,0,0,0,0,0,0,0,0,0
80111114001,11,8,3,5,5,0,0,0,0,43
80111114002,19,6,4,3,5,0,0,9,3,53
80111114004,3,8,18,8,6,5,0,3,0,46
80111114005,6,0,0,0,0,0,0,0,0,12
80111114006,36,48,28,16,19,5,7,11,3,186
80111114101,0,4,8,0,3,0,0,0,0,23
89797979991,0,0,0,0,0,0,0,0,0,0
89999949999,28,51,25,30,27,21,5,19,0,216
